6.862992,8.549842,7.899075,6.100767,8.745556,6.140829,7.839042,7.451838,10.339935,4.148332,8.306223,7.725446,5.80463,8.386649,6.916844,8.261483,8.222929,7.549023,9.668906,7.818505,9.066969,8.409974,7.96724,10.25539,7.921096,8.654056,5.058968,8.729694,7.129982,6.888425,10.785965,7.733171,10.461193,10.172436,8.381957,7.482444,7.097672,9.554058,7.475644,10.066486,8.112155,9.681631,9.756883,7.957474,8.681344,10.312007,7.964467,8.74052,10.682958,8.791645,7.704501,7.827194,9.374633,11.493854,8.143229,12.24017,6.810778,8.709685,9.540545,7.519199,8.557111
7.596706,9.845474,9.626204,8.532131,9.335586,10.853636,8.415261,8.976042,6.664891,8.845328,8.446777,9.393495,8.824772,8.855007,8.549603,9.376681,9.566664,9.410816,12.978512,9.705626,10.104682,9.911686,10.289048,9.7623,8.135657,9.215909,8.33538,8.051875,8.095906,7.692881,8.717671,10.27689,9.229797,8.641484,9.986634,8.781205,10.467239,10.436416,8.756996,9.306849,10.164623,10.676048,11.656465,10.934681,9.591996,8.54945,7.222862,9.565795,11.660439,13.457117,12.754593,9.16577,7.498805,8.067322,4.548987,2.816393,1.182724,2.351552,5.527759,7.922001,9.926007
4.40636,5.114866,6.436645,6.511175,4.031064,6.137946,6.323123,8.084507,7.490689,7.197047,6.899013,7.030785,8.347525,6.209469,7.923173,5.414912,4.820145,7.245067,7.464888,6.846363,6.138934,7.28681,5.950382,8.598425,9.39317,8.188455,8.098134,9.449635,1.883872,3.288584,5.455974,6.535065,4.260561,6.396606,10.769396,8.218427,5.472359,6.484087,7.207096,4.24613,11.27806,10.122023,10.761588,12.877939,10.293991,10.673015,11.770138,10.435614,9.324515,11.277691,11.895618,6.897832,8.703521,6.060957,7.932304,10.64404,9.817973,8.334427,9.504979,13.178763,10.810301
14.705732,13.895295,13.937583,11.755128,11.275231,12.864162,13.113955,15.285321,21.36504,16.67964,18.457304,25.01416,16.807486,15.763872,15.070963,15.976666,16.680035,14.175714,15.950939,9.842237,12.470593,11.496952,13.331045,15.363562,9.577335,12.085443,18.15229,11.394855,15.130994,12.167215,10.485167,8.660454,7.174885,9.898003,10.989458,21.010769,13.014388,13.082153,15.996416,19.973612,11.773043,15.736391,9.758286,10.973403,17.469114,15.119797,10.544537,11.482186,12.514647,13.561952,13.087086,16.440454,13.177155,15.804243,14.290301,15.527039,17.314888,12.750459,15.27426,14.333534,14.32363
9.734092,11.485435,10.692965,11.659295,11.134236,9.946022,9.95203,11.252192,9.934704,10.510801,11.858452,13.052856,10.575714,8.918136,8.344991,5.252696,3.243681,8.130529,14.17773,9.2382,13.090076,3.704173,5.653464,8.760637,12.158444,13.296901,8.942684,10.087309,11.493859,9.234391,3.894215,6.568748,10.33369,11.054056,7.598888,6.056902,9.609587,12.174103,8.520475,8.888066,12.25062,9.807947,11.143541,10.276918,6.350856,6.458235,9.499721,9.051471,10.120264,9.791907,7.099731,11.187153,11.725238,8.341584,8.430678,11.621283,10.867807,9.991098,9.405541,10.841704,9.551412
14.000243,14.720797,18.313229,14.262323,14.516097,13.110774,11.276781,21.093367,10.676903,11.750943,10.302882,8.852593,10.804843,8.424382,13.153515,11.911663,14.157147,12.207753,14.535208,13.36724,10.870011,16.268698,12.357078,14.148008,14.414537,12.623623,13.070844,11.905505,14.096918,12.404285,12.491563,14.929634,12.320393,15.999302,15.471958,17.431946,13.156256,12.35408,15.432463,13.106474,16.726379,11.714107,13.929793,12.344113,9.495231,15.765132,16.504847,15.229775,15.413596,12.404524,14.500722,13.234804,11.355349,9.855575,8.543345,10.878633,12.536427,12.790046,12.876783,11.441393,12.509806
-1.068139,-3.815775,-4.922548,-5.333268,-4.894614,-5.311099,-5.604031,-5.181156,-3.128528,-4.512475,-4.772018,-4.724836,-4.564638,-3.931407,-5.224862,-5.477801,-5.649778,-5.096685,-4.788085,-5.067163,-4.209922,-5.266144,-4.967257,-3.161386,-3.98267,-4.186715,-4.655637,-3.948721,-3.756888,-4.231586,-3.656405,-4.653069,-5.315041,-4.786591,-4.104754,-4.668201,-6.39019,-4.450828,-4.502563,-6.24779,-4.081313,-4.240751,-4.56865,-3.356036,-4.731566,-4.777013,-5.16768,-4.363772,-5.362217,-4.97711,-4.297478,-4.380622,-4.707671,-4.880191,-4.930964,-3.061589,-2.741085,-3.289155,-3.511596,-4.377479,-4.116479
-2.032695,-3.077286,-2.562531,-2.460421,7.822875,-2.076753,-1.120611,-2.593724,-2.042074,-1.805218,-2.687052,-0.611879,-1.715407,-1.197867,-0.325719,-1.124375,-1.690659,-1.658918,-3.373878,-3.290978,-3.600894,-3.368882,-2.354329,-3.262764,-3.67464,-3.174903,-3.659993,-3.948204,-3.192955,-3.246261,-3.860634,-4.578525,-2.55433,-1.113968,-1.594805,-2.536523,-2.255662,-3.156216,-3.54285,-3.948925,-4.078477,-2.630712,-2.778403,-3.281705,-3.04295,-2.452104,-2.142902,-2.763242,-1.850214,-2.757783,-3.363055,-3.915108,-2.659651,-2.978997,-2.860506,-4.579335,-3.035105,-2.695034,-3.129508,-2.03527,-3.324076
-2.620485,0.059744,1.854796,4.380526,6.11463,3.822785,3.732461,3.268253,1.518865,3.025162,4.506847,4.170187,3.047112,2.71314,0.755692,2.645422,0.685033,1.980402,1.466598,4.504642,2.874983,1.598612,3.228896,4.481725,1.142796,1.408862,3.703851,3.175442,6.273959,4.187958,5.436412,2.713632,3.198829,4.751235,3.723457,4.084825,2.712842,4.858361,2.209433,2.435426,2.772584,1.993765,1.393836,2.362746,4.032999,3.169676,3.149785,2.272114,7.146126,6.99513,1.820007,1.50503,2.129599,3.142622,4.817781,1.932319,3.358992,4.775477,1.4786,2.398452,1.888322
5.027281,7.727434,6.333855,7.078064,9.808423,8.820059,7.01018,5.142475,6.283713,5.735561,5.742869,3.748257,2.742928,1.152177,2.479827,1.715547,0.52262,1.482873,-2.741691,1.717951,3.842007,-1.850037,2.26619,5.081926,4.838593,5.600424,5.07571,6.908131,4.73604,2.311665,1.379038,2.851395,3.801595,3.006999,6.051898,5.119059,6.436951,5.870073,6.082323,5.157036,3.929935,4.9314,6.800149,4.775418,3.21161,7.297014,4.927984,7.105965,5.754662,5.249788,2.425269,2.681537,7.741303,9.671673,9.349003,7.549239,3.719919,5.861402,4.698792,4.604319,1.939655
-0.507231,2.604979,0.256908,-0.913392,0.708946,-0.516934,-4.964409,-1.395627,6.036008,-0.093247,4.19067,-1.616334,-1.389514,-1.314247,0.528034,0.932338,0.294175,-0.206698,-0.114165,1.213935,0.517714,-2.07715,0.786178,0.577706,6.751202,-0.695086,0.990799,-1.866929,0.81218,0.777906,0.881686,1.823605,0.622292,0.853627,1.723758,0.912934,-1.148737,-1.880221,0.731337,3.655702,-0.412026,2.322133,-0.494473,1.328881,0.289537,3.782359,5.48877,3.411839,5.91139,2.639866,6.412027,3.068544,2.572404,0.913327,5.122065,8.052786,1.971907,6.054082,6.322779,2.59347,5.532967
2.335112,2.848182,4.395769,6.983615,4.915144,4.934039,6.148732,6.143463,7.513025,5.536325,5.546731,5.968896,4.896319,4.182905,6.099809,6.989821,4.497373,4.267594,6.592243,6.011714,5.869853,4.878494,5.050409,6.205894,6.73369,5.702711,5.292906,5.521733,8.080556,6.332412,6.024048,5.268468,6.515464,7.468064,6.547687,6.145202,5.821719,5.798924,7.164456,6.591289,7.748067,6.549005,6.470672,6.950698,7.176458,7.655529,7.252492,6.938565,6.157414,6.442124,8.278558,7.956461,8.387555,8.208905,6.613084,8.159181,7.995238,6.476655,6.347298,8.97575,8.420023
4.181949,1.958493,2.112465,3.920322,0.453976,-0.047027,1.306829,1.378601,1.445003,-2.43247,-0.92778,-1.175205,-1.447937,0.077508,-1.664739,-1.943911,-1.428886,3.665057,1.500603,-1.404885,-1.502916,2.196843,-3.252941,1.697685,0.23409,-0.549779,-0.508145,0.527099,-1.657999,5.12151,3.470648,2.299095,2.07372,2.270797,3.920426,1.814108,7.420634,4.910111,6.319357,5.638182,4.59626,2.482719,2.358284,3.848097,6.034948,1.07088,0.563693,0.023815,2.894872,4.20267,-1.079299,0.057341,1.309222,2.278309,4.024682,4.255987,0.706944,2.6989,1.969846,4.063783,2.763834
-0.672633,0.59667,0.924275,0.093735,1.030007,-0.737736,-1.147299,-1.238201,-1.244225,-2.468915,-2.691659,-1.103684,-1.091167,-0.995288,0.200957,2.946005,6.645749,1.855703,4.853238,10.924831,18.172068,13.932239,17.05776,16.030239,17.514799,15.946326,15.344809,9.432965,10.365664,15.19886,9.162708,10.11554,11.311232,8.097099,9.058744,8.209519,9.392902,5.18914,8.767311,10.499739,10.639124,16.526007,9.62781,8.420548,8.530041,8.302063,9.085355,5.02975,6.753359,8.637513,9.498581,10.490645,13.714925,11.983813,10.293093,8.986952,7.776017,8.883111,12.931357,12.833191,12.08066
14.780455,15.160394,13.662168,13.788552,14.046235,12.74591,13.529414,13.119698,11.93468,14.241698,12.769177,14.586132,12.243323,15.125331,16.305872,15.47795,14.869425,11.718163,12.426852,14.204359,16.148195,15.820233,13.13688,13.287638,14.590109,11.878877,11.418478,12.023131,11.648861,12.709415,12.895824,11.711621,12.64994,16.365801,16.824636,12.764318,15.200148,13.536032,11.743958,13.285131,12.351912,14.231394,12.449086,15.616623,12.372981,14.041301,17.180367,14.093817,11.564556,17.455891,13.26683,18.996944,14.920354,15.081884,13.322092,16.922819,13.328984,14.247433,13.080868,13.583358,13.45607
13.043195,14.771155,12.203294,15.48145,13.108459,14.938457,14.941177,14.485406,15.580339,14.79199,15.519534,15.095463,17.01018,19.167488,10.482002,15.90062,15.48547,14.770564,16.685186,16.177759,15.530972,16.601431,13.859087,17.94799,13.33929,16.415665,14.494418,13.145552,14.618234,13.201916,15.515403,14.869752,14.314563,13.883566,14.614107,15.927226,15.621558,16.245426,14.911348,15.735257,13.852467,15.953076,14.463189,14.023808,11.351554,14.473806,13.34431,13.177069,13.772973,13.566369,13.967572,14.270454,16.748549,15.391953,17.063602,15.345883,15.377411,15.925029,15.673455,14.629029,15.079793
7.007563,6.683208,6.7378,7.126519,6.86796,6.876253,7.287307,7.132633,6.88087,6.955484,6.885498,6.566541,6.828611,6.753243,6.99669,6.27203,7.030085,6.668195,7.131383,7.132811,7.490147,7.153481,7.171232,6.625203,6.767447,7.54411,7.099921,6.384734,6.878527,6.033215,6.65857,5.853335,7.290297,5.815244,7.026345,7.465487,7.030277,-0.634373,-1.069309,-1.096529,5.857482,5.994083,5.628448,5.807036,-20.950968,-19.906832,-20.252771,-19.024939,-18.758965,-18.64875,-18.592249,-17.594521,-17.78912,-19.032608,-18.6492,-6.276157,-17.514734,-21.008638,-15.213695,-21.726881,15.873593
26.452795,24.291893,21.820948,20.118113,20.582073,21.325321,20.961948,22.992809,20.759413,20.764212,20.504787,20.017141,20.939177,20.447626,21.361612,21.539391,21.864344,25.072746,24.377068,20.279119,17.404848,18.920284,25.328518,20.321493,21.021856,20.634752,20.398109,20.933254,22.078423,22.51442,20.355377,20.110321,21.875319,18.71048,17.920839,20.545965,18.905127,21.387003,21.885988,20.845568,23.642365,20.858492,21.484497,20.449207,20.933266,20.09833,18.131519,15.46083,21.674261,21.54389,22.392611,20.996273,20.436731,21.780039,21.261692,23.110214,20.242643,23.441628,23.609533,27.294046,25.118944
25.393787,29.526358,25.156858,25.666439,24.463814,24.302942,23.935871,21.651684,20.633329,19.927635,18.151945,25.066973,19.671606,18.251862,23.151054,17.662275,18.392586,21.037279,23.867758,20.323418,18.248611,22.503342,20.931885,22.918114,28.574551,25.957668,24.466656,24.24197,21.714203,25.694462,21.081409,22.450283,19.92786,19.548336,21.853189,23.491411,22.013142,22.488043,24.605051,29.489307,22.596596,19.876575,19.777063,23.477911,25.698843,23.457094,23.028946,23.447651,19.137089,21.259827,20.423445,20.856565,22.780741,21.091116,22.392143,19.909157,21.110973,21.854736,21.970377,19.03167,18.998299
23.510759,23.841913,30.606634,23.208998,23.69243,29.427151,21.508619,25.573183,22.476076,20.910055,25.689003,20.34433,24.538021,25.713867,22.56159,21.749521,28.099966,24.212742,16.181259,24.749207,22.329687,25.244238,24.569744,19.842653,26.389856,20.870914,27.114683,23.874336,22.358507,25.21398,21.598648,26.329435,24.259125,25.744606,21.761337,29.283289,23.374176,22.027884,24.943079,23.527493,20.517582,24.080957,25.915243,25.268314,21.157318,22.032139,26.072792,21.160007,27.909498,23.684156,24.431059,26.382376,22.105885,25.412979,31.363617,24.498253,26.848223,32.006504,25.427132,22.43503,19.701641
23.157356,23.904757,19.840275,19.702755,30.332642,24.329796,29.568609,25.500324,21.961882,24.085773,27.829641,24.361288,22.693764,29.352308,25.980173,22.50318,26.749596,26.479013,27.618273,29.438311,25.39135,27.241045,17.900206,33.436935,24.354319,22.115637,25.387655,28.181572,32.860397,28.824099,24.445601,31.616911,23.387184,22.695324,24.992123,20.533003,20.37619,21.032459,22.927996,23.305197,21.84244,25.316814,24.244362,24.694441,25.376076,26.686174,27.147354,23.463654,23.752491,25.539288,27.107882,27.006742,24.132589,25.84753,22.529387,27.695555,25.447889,24.938829,26.182859,32.868351,28.229179
19.105507,19.31715,16.637991,18.59889,16.805838,15.490323,18.856874,16.352354,16.915085,16.385878,14.888573,19.015078,17.238089,19.698376,15.072209,20.052542,20.035305,19.207663,20.861433,16.063019,21.256329,15.678477,19.258505,15.926131,16.088108,16.765911,18.079866,19.759439,17.34763,19.859167,18.428463,22.116398,19.328447,17.223904,17.443378,18.436659,16.93972,16.236452,21.56868,17.481239,13.75905,18.737188,16.170444,18.218792,17.139151,19.671545,15.945381,18.164545,17.990267,18.915546,15.758698,22.565361,16.517046,15.702141,23.609446,15.692995,17.438639,17.139864,20.637625,15.16504,19.277517
-2.096262,-2.595041,-1.02604,-1.73304,-0.88045,-0.99181,-0.314618,-0.225355,-0.313007,0.278006,-1.523699,-0.211038,0.428665,-0.30841,0.117911,0.720682,2.512469,2.279738,1.922372,1.6423,1.823494,1.963298,3.199367,3.727545,1.688011,0.585648,1.624847,2.59936,2.228648,1.122946,2.412966,1.81486,1.986097,5.759191,2.452455,0.653552,1.586822,1.688911,3.974009,2.174879,0.970578,2.817998,3.802103,1.782804,2.519457,2.539182,3.47032,1.883685,2.337376,3.220917,3.613124,2.376892,2.523068,2.563438,3.79762,1.371161,1.331298,1.239426,1.735538,3.012102,2.117454
2.143041,1.797562,1.389752,0.934439,1.222661,1.516423,1.692862,5.540303,1.735236,0.008252,1.363135,1.343023,0.235473,-0.364864,0.678887,2.577522,1.405734,2.673422,2.762569,1.732267,2.386239,3.96552,4.771682,3.467757,4.949387,3.983527,2.007542,1.773489,3.388596,3.586835,0.550564,-0.589094,0.538614,1.787527,1.003548,3.172119,4.182796,3.441369,3.120957,3.926648,5.490051,9.765384,3.303263,4.250888,3.43262,3.644414,4.4115,5.530615,7.030415,4.681819,4.6454,3.569104,1.372373,3.44663,2.253391,2.618542,1.782227,3.573652,1.631866,0.820524,2.885779
1.155811,0.820156,0.722203,2.374151,1.159786,3.309598,1.507982,1.911921,1.954315,2.580182,2.169261,2.362058,3.328794,2.442977,3.480734,4.177227,3.808458,2.795986,3.509027,2.229151,3.684027,2.770246,2.974322,3.675463,2.914959,4.361667,3.144209,3.195481,4.012958,4.276155,4.177495,5.339756,5.115564,4.72801,4.422107,3.533424,4.795331,5.148528,5.698352,4.637491,4.82709,4.85868,5.224538,5.070081,5.946089,3.972771,4.609468,3.515908,4.224369,4.114267,4.256544,2.789659,4.023003,2.844538,2.782903,3.542838,3.417351,3.356672,3.219309,3.6578,3.818129
3.448093,2.719142,5.060566,3.900146,3.203778,2.432932,1.928823,0.866775,1.978159,0.49424,1.050481,0.575557,0.041937,0.314837,-0.437533,0.183891,0.811958,-0.00266,0.425085,0.451941,0.219856,1.029011,0.592921,2.301504,0.4709,0.636076,-0.008942,1.338756,0.784668,0.154169,1.499808,-0.315577,1.861227,0.467785,3.035111,2.295796,1.130175,1.433425,2.797967,2.73912,3.083749,2.714894,2.256588,2.955195,3.869052,1.577054,3.062678,3.958692,3.885871,-0.766777,-0.17589,1.59483,-1.393964,2.645738,2.13063,1.469387,1.187234,2.429748,2.453262,0.479607,4.033837
1.148163,1.397843,2.620801,1.913325,2.201666,3.71552,2.981315,4.303521,3.750355,1.956956,2.15615,1.612407,1.428729,2.153031,2.672835,2.150281,3.579801,3.112506,4.192131,2.086139,1.930614,3.636672,2.702733,2.816724,4.822373,3.81079,3.440423,4.347954,4.1909,3.064696,2.479916,2.896649,3.113625,3.557119,4.832367,4.020918,4.483397,3.606487,3.759361,3.839599,3.734182,3.957173,5.263998,5.355504,3.319582,3.163207,5.822336,5.116234,4.142685,4.87648,4.48182,2.559805,3.384269,5.044221,1.878251,4.008077,4.23252,5.370403,4.309157,4.564707,4.755919
6.927603,7.173923,8.798255,8.482824,8.565083,8.090545,8.085243,7.65654,7.464949,5.859454,6.038745,6.52369,6.243122,5.360269,6.538222,6.935458,6.799435,7.868015,5.926045,5.313768,6.341616,7.429451,6.248284,6.483101,7.896273,7.582513,5.076868,4.832379,4.539926,5.66674,5.206319,4.922516,5.486195,7.078662,6.035894,5.589483,5.892684,6.511999,7.679705,7.690782,7.665701,6.029953,6.424428,7.21801,8.018147,6.708869,7.837961,6.579632,5.867637,6.064878,5.793468,6.608602,8.39817,6.728208,7.133964,7.219718,7.334368,8.268741,8.338675,7.686054,7.863827
6.266969,5.224371,6.472955,5.946454,5.470991,6.06766,6.553188,6.478381,6.721549,7.025834,6.70697,6.942258,7.040887,6.969518,7.449821,6.089315,6.884589,5.811445,7.294073,8.381459,7.348703,5.836818,6.274227,6.547773,5.008352,5.671267,6.078335,6.469618,7.411697,6.900107,4.741299,5.603243,5.445347,6.275275,6.311427,5.184078,6.672754,6.478839,6.133508,7.295053,6.683148,7.165454,7.254805,7.647908,5.130777,5.181489,5.722105,6.323649,5.923492,6.052142,6.388736,5.982526,5.948038,6.39488,6.458105,6.995867,7.21738,6.532423,6.949952,7.661663,7.710465
7.813226,6.892158,6.893354,6.511705,7.205541,6.633822,8.336628,7.037861,6.473385,7.390709,7.645477,9.361187,6.845888,5.235613,-0.462589,4.986885,8.72261,8.260777,5.205893,9.292395,-1.98994,6.625387,8.198886,7.038699,6.717941,5.845391,8.415553,10.044408,9.317821,2.548399,8.186933,13.376666,8.36473,9.06826,3.846339,4.594671,1.815453,0.466163,0.510966,0.683048,2.584546,0.170325,0.708196,7.911873,6.453067,6.331105,8.536327,8.318567,8.427785,8.224904,7.301269,10.608874,9.534933,9.504955,9.794497,9.483853,10.904202,9.783126,9.22657,9.525057,10.300734
4.772434,8.972692,7.612299,7.621978,7.750062,6.762696,2.464273,7.337283,9.232387,1.137341,9.844212,8.321503,10.493631,8.654088,4.102876,6.4973,8.899257,11.458577,0.020277,2.495747,6.670611,7.249104,2.546542,0.515224,7.426056,8.114144,6.008845,8.371574,7.299845,6.069057,6.83509,7.130938,7.703389,5.843971,5.781155,5.800053,5.707975,3.956657,4.377246,7.549798,7.585594,8.458627,7.379645,7.624798,7.991562,7.448421,6.620684,6.84839,7.363863,5.823318,4.737566,5.933787,6.190806,6.767747,1.989799,0.880391,0.792461,2.49047,10.916163,4.419462,5.191581
9.69494,13.103073,14.459926,17.036934,10.711816,11.009856,19.218927,11.714568,13.71362,14.196167,13.366438,14.073058,12.747133,15.245184,17.143515,11.150412,22.38759,16.422382,7.476396,14.387988,15.215772,18.378731,13.544003,16.910494,15.262845,11.140323,10.438601,13.845736,12.962238,10.774567,17.986513,18.474981,16.733767,18.327869,19.107721,15.441635,14.008214,14.871957,16.935333,17.405664,17.236063,7.307222,10.293503,11.58201,18.217463,17.487179,19.59716,16.633104,18.978449,18.129156,16.517815,17.336153,18.62974,15.045293,17.309963,15.697192,15.310858,18.539543,18.485601,19.125481,15.412961
10.951554,13.811546,15.157784,17.680363,19.241488,15.564655,19.316212,16.263369,17.998417,16.239143,18.628208,15.263697,18.620029,18.144306,17.925352,18.039238,14.36913,19.030834,19.231039,14.430351,12.256447,7.218752,10.595571,9.514424,4.097754,3.644461,7.858107,22.63653,3.499588,11.928309,17.493986,16.680578,16.331829,18.467661,16.836067,16.917074,7.53089,11.808427,18.067768,15.628201,16.407021,17.916912,17.999355,16.216423,18.67314,17.399908,19.159767,17.708599,20.319256,18.839722,19.858362,18.000057,17.840389,15.693902,18.237923,19.14257,18.324217,17.859592,19.393179,15.985532,17.005821
8.835295,8.102654,14.644831,11.803186,10.385641,12.798575,10.710295,10.219018,9.152283,9.142585,9.143476,11.934617,11.637857,11.614831,11.821677,14.67438,10.615958,10.586941,6.85981,9.046792,12.571094,13.043694,11.06965,10.942902,11.322004,11.840536,10.958334,7.677902,7.396986,7.823852,8.011737,9.973564,11.049663,9.273741,6.868755,10.487716,11.297209,11.704583,11.849985,12.668561,14.224703,11.287994,11.037457,12.319655,12.392623,11.448248,10.605663,12.852018,3.581882,9.473851,9.121904,10.361951,9.637965,11.481786,13.503122,13.431018,12.70355,11.720001,8.857346,7.094484,8.082438
13.750826,12.512818,12.027598,12.8561,12.431604,13.978876,12.644348,14.71762,13.933509,12.381492,12.474681,9.659923,11.64354,12.109674,5.299795,8.541883,12.039892,8.870646,12.252037,13.606017,12.444361,9.750578,10.520849,10.171268,9.269122,10.649311,8.888041,9.400683,11.247653,12.300021,13.775893,11.75557,11.244734,11.302853,12.230581,12.396268,12.192426,13.5387,11.048319,13.510444,13.291732,13.308846,12.776182,11.960943,14.331277,13.111425,13.542131,11.587691,11.510569,11.973615,13.399746,11.501453,11.62738,11.149347,11.688976,14.061739,12.454468,11.812815,12.381338,12.132965,12.161777
12.739797,15.219904,12.217107,14.43254,11.624945,10.356224,12.40253,14.272353,15.53288,15.46188,13.384048,15.795866,14.826078,13.6001,12.474738,14.952708,12.861066,13.947394,12.660493,10.424506,9.216907,14.164869,14.240331,8.318684,12.337874,11.420902,12.626907,12.58516,10.460067,11.68188,11.092986,12.257644,10.394429,11.9203,11.922063,11.058056,11.034223,12.416776,2.355769,3.444284,7.185316,9.429809,9.27913,8.385269,15.318163,13.333107,12.734043,12.418527,14.726076,14.006904,15.894667,13.542448,15.16121,15.00546,13.442859,17.661242,14.823568,12.328264,12.224708,12.394847,12.610283
11.905129,12.373715,11.533641,10.768724,14.139069,11.131275,12.048115,11.731402,11.579284,10.959862,10.96783,13.400726,18.945162,9.128088,11.357579,8.440994,12.983331,13.610633,7.69643,8.575271,10.963126,6.734313,9.36116,11.532726,16.515589,15.262895,12.275889,8.196888,13.099538,12.358242,10.510795,12.317646,10.48247,11.777163,13.129865,12.43337,13.476921,12.635734,13.459674,12.138001,12.356502,10.067116,9.95843,9.58112,9.121272,11.45298,12.14931,12.649396,11.277278,11.611053,15.050937,14.494515,11.932181,12.55655,12.669201,14.023582,12.565392,13.133656,14.376855,20.66152,10.329922
-1.186671,-2.053208,-2.16933,-0.864562,-0.849171,2.143365,-1.223341,-1.932033,-1.660281,-0.244846,-0.814065,-1.757761,-1.061279,-2.42189,-2.944404,-2.35022,-2.285948,-2.095251,-2.608026,-3.70866,-2.55726,-4.067529,-1.253038,-0.264891,-1.573978,-0.866171,-1.672248,-0.677857,0.107246,0.360171,-0.886977,-1.293167,-1.428471,-2.786973,-1.143773,-0.640666,0.879531,-1.092878,-2.35686,-0.267615,1.90723,-2.048704,-1.349,-2.009911,-3.185611,0.459176,0.184137,-2.885448,-1.953896,0.696195,-0.224587,-4.27071,-2.430644,-0.597769,-2.884809,0.931536,-0.53478,-4.116194,-5.872661,-6.027964,-2.942344
8.956485,7.496373,5.331449,8.233922,8.60157,8.551195,5.951957,5.146932,7.170832,7.275208,5.061554,4.142438,3.900588,8.703898,5.186801,6.228852,6.147102,5.317121,4.933243,9.256022,6.843764,6.676038,6.322112,8.529617,7.628083,8.245495,6.690996,4.555076,5.648276,6.834918,5.966649,6.697869,6.858015,7.051967,5.512978,3.819444,4.678125,5.502709,6.125532,5.922923,6.410753,5.900839,6.856953,5.072156,5.347257,4.216083,5.09347,5.961324,5.583841,6.19743,5.516009,5.921141,4.953819,4.538196,4.789634,4.216147,4.568974,6.391151,5.821365,5.737136,4.568083
4.35025,9.187356,4.268581,5.509554,8.602419,8.662454,3.231611,5.657609,8.955639,7.026759,4.934885,4.787411,5.406903,7.598696,6.983988,3.920724,3.237308,6.947673,5.693881,7.422894,3.389732,4.26735,5.525393,9.477358,6.822592,4.83322,4.668727,6.556577,8.948048,4.84494,5.48422,8.396251,6.57372,4.817425,2.791461,1.499029,4.105672,5.262476,8.371046,4.549527,5.474316,3.612455,3.868951,5.084742,5.771877,6.189481,5.464496,5.806636,6.953696,8.331283,5.880589,4.18079,5.029184,7.114212,7.319345,3.854933,4.941047,7.161602,8.547972,5.15843,2.309454
2.031859,6.79788,7.293435,4.028323,11.639049,7.865913,5.25035,8.574398,2.458672,1.406113,1.4495,4.307408,5.317715,7.027134,7.365749,5.356503,4.950854,5.650506,4.250728,0.111985,-1.027332,-0.954886,1.24534,4.070938,3.533913,4.298647,4.040289,4.104851,4.973234,1.583379,2.985931,1.52022,0.071399,-0.514763,2.856527,5.789353,5.431209,3.760387,0.540044,-0.891539,-1.069813,-0.42424,-2.326038,-3.088408,-0.64661,-0.102439,-0.642988,-1.72051,-0.822181,-0.230395,-0.450669,-0.701134,-1.710186,-0.65774,-1.89525,-2.743055,-0.758498,4.659886,2.06,2.638548,4.463302
3.40321,6.338781,6.543926,7.88291,6.897822,6.747696,6.802544,6.319491,7.569212,6.100481,8.234949,4.180729,8.753483,4.991089,7.879378,5.697946,5.666548,6.886619,4.264039,5.309333,2.522718,6.346126,4.168447,7.647541,4.838569,4.805372,5.640936,4.209582,6.970243,3.83273,7.203175,4.150982,5.514489,3.492451,3.143819,6.656448,3.263099,7.220486,2.595899,8.485987,3.09671,4.341565,6.709712,1.814096,4.826907,6.574318,2.115736,2.738803,4.97433,5.919522,2.61855,5.93535,2.719352,4.646661,7.350288,2.860093,4.877995,6.442526,2.797551,4.725366,6.79
4.670624,3.660726,3.951504,5.023804,8.454199,8.404166,5.288381,3.527626,3.905174,5.095299,5.445592,2.184257,3.430039,3.544648,4.717556,5.316367,4.730104,4.037829,3.514722,2.867678,2.074958,4.961951,4.10579,6.450149,7.378397,5.006082,3.362672,4.786712,8.911677,10.556411,6.60378,5.630148,1.817518,2.049924,3.918296,5.867785,3.92199,1.596055,3.988988,3.584894,4.241106,5.681564,4.541122,6.399212,7.060784,9.53312,6.825823,8.368956,5.680418,8.54042,6.860709,6.606042,8.044852,8.81638,1.872189,5.287035,4.548724,4.859889,4.588679,-0.657955,3.202899
11.554659,8.944357,6.623521,8.453958,10.348819,7.896397,6.203578,4.482777,3.432012,5.69736,7.682898,6.125417,6.97674,4.481555,6.490585,7.236046,6.42704,6.235847,5.971834,5.332765,3.912654,4.98656,7.75528,7.77687,7.436877,5.644294,5.313462,3.449253,3.28647,4.102877,6.497976,7.0222,6.747973,6.172273,6.944888,6.005565,6.879758,5.756939,3.154326,4.329147,6.024061,7.719856,4.277004,4.372024,6.711943,6.191268,5.916345,4.11154,5.127623,5.765636,8.882491,7.541941,5.999244,4.588704,5.889357,6.01433,7.091266,6.559358,6.511898,7.251608,5.226085
-0.959573,-1.98837,-0.163471,-1.206057,-0.553924,-0.768162,-1.779777,-0.383053,-1.325001,0.938734,-0.294901,0.460221,1.524076,-0.292305,2.711975,-0.390101,2.441838,-0.091782,0.541372,-0.23538,-0.390791,2.43093,1.250475,-0.78397,1.859541,2.769516,-0.17723,3.595439,-0.078217,1.043526,-0.166554,1.138164,2.446709,-0.590125,2.127264,0.224246,1.4172,1.657717,0.27325,3.483986,-0.325911,2.005295,-0.402217,2.365171,0.616941,0.497952,1.909991,0.083592,2.188855,1.954799,-0.067529,3.625888,-0.30041,1.978305,1.009841,-0.982551,2.872604,-0.665437,1.846548,-0.314923,1.827299
-1.334704,0.33443,3.572525,-1.796035,-0.4448,2.222344,-1.093004,0.136919,3.055274,-1.411418,0.106104,0.952273,-0.867508,1.398992,-0.279743,-1.717456,1.066433,0.765606,-1.206609,1.769746,0.453028,0.001929,2.695467,0.538757,-0.329542,2.560943,-0.661174,-0.890498,1.285595,-0.588135,-1.219843,1.22193,0.485206,0.262187,1.852147,0.309665,-0.443256,1.950088,2.426804,-0.993583,0.747478,2.808658,-1.003572,-0.075392,1.497322,1.260208,-1.413785,-0.931203,1.118127,1.646413,0.249153,0.852901,2.490117,1.119088,0.443617,3.023838,3.719653,3.238065,-0.622185,0.355012,2.053087
1.647945,6.549096,7.921463,3.488565,5.828015,7.272676,6.434717,5.141336,8.234187,6.996026,4.819643,6.048358,7.842536,6.946438,5.488095,7.680382,10.266185,6.296719,7.860337,6.911371,3.774911,7.701113,5.920543,4.557951,7.492598,8.826572,3.609957,8.29392,6.932568,5.777177,5.76017,5.621871,4.19619,7.828825,7.876407,4.607453,7.106581,9.229058,5.053227,6.837332,9.781753,3.410316,8.093982,8.149644,5.345388,6.892803,8.079668,3.711081,4.403929,7.872365,4.120529,5.816958,10.004053,4.225232,7.335144,7.077566,4.170466,8.563038,5.909081,4.620955,6.91339
1.412245,2.367841,1.222065,4.184395,4.709857,1.639413,2.21005,2.576997,7.624501,4.997211,4.716741,2.081992,3.141233,2.791199,6.908759,5.324828,3.986952,2.024683,3.115365,2.670511,3.556983,7.236055,5.623447,3.460563,2.910803,3.192528,3.565736,5.407832,5.559579,2.163655,2.440413,3.11737,3.412592,3.550002,7.230251,5.342499,2.670294,3.216937,3.190113,3.467044,4.562456,6.089548,4.743408,3.832712,3.409845,2.583394,4.208122,6.704545,6.166621,1.642415,2.712655,2.854727,2.37668,6.591233,5.481651,5.4688,2.901984,3.047459,2.712276,4.714234,6.582935
-0.58389,2.158368,-1.21298,-2.238232,-1.30956,1.152765,2.557687,0.571847,-1.611948,-2.415124,1.358794,3.577303,-0.313459,-2.414406,-2.422327,0.182313,1.692254,0.522342,-2.442176,0.010046,4.134466,0.26127,-2.118266,1.221344,3.016519,-0.271636,-1.343325,1.095575,1.24244,-0.49539,0.726963,3.118113,3.237897,-0.730615,-2.326675,1.36604,2.615587,-1.234255,-1.158828,2.80232,1.657031,-1.503298,-0.301394,3.571256,0.033772,-0.507337,0.520763,2.155442,-1.302666,-1.994779,-2.852364,2.222236,2.1084,-1.856257,-2.005762,0.115691,-0.798426,-1.945448,0.935629,1.801746,-1.493183
3.977757,5.609988,4.507203,3.862272,6.958206,8.400602,6.63313,6.060647,8.01983,5.012632,6.081032,7.7839,5.119381,7.356251,7.938056,5.147784,7.053051,7.67836,6.487125,6.865757,9.00958,5.20927,6.971131,9.023057,5.137218,7.697822,6.022396,4.834053,7.246562,6.131114,5.930562,8.050638,7.107382,5.088974,9.553091,8.556758,7.057498,9.660909,5.996655,5.670343,7.989677,6.752486,5.44962,6.097799,9.679478,7.032392,8.105548,10.908161,8.912476,7.328863,8.030148,10.490757,7.474963,8.103634,11.518644,7.711456,7.135699,7.451017,8.08891,8.064555,6.908853
4.750226,6.244339,6.243895,3.316402,4.766608,3.794575,4.451456,6.682813,6.872194,7.326472,7.692651,7.183934,6.877728,9.733258,8.453231,5.452355,7.28407,7.033669,7.58697,6.728902,6.108391,8.410604,9.002029,6.91772,6.647761,8.454015,9.47472,9.442243,7.831988,8.318414,9.995719,10.113113,7.690906,10.475046,7.413492,8.46509,8.113091,6.795298,9.63072,9.705173,9.497546,10.766478,7.771311,6.272465,6.81972,7.521647,10.785769,9.446949,6.969664,6.572856,7.573319,9.093707,10.007598,7.736064,7.032735,6.380378,7.919918,8.898741,11.655332,11.764229,9.293577
7.163788,7.61618,8.305141,8.393708,8.128171,7.655262,8.105472,9.305395,9.194808,7.888796,7.474817,7.559773,8.480847,10.124518,9.112443,9.635113,10.95103,9.614824,7.298073,7.462597,8.787278,8.732059,8.593577,7.420732,7.043668,5.250439,6.355191,6.662955,7.432544,6.897485,6.674129,6.594005,7.418562,8.640787,9.101118,8.568667,8.039294,8.651332,9.353882,9.24155,8.362864,6.012584,7.541001,9.176082,7.828289,8.363055,8.371211,9.433148,10.405604,10.052909,8.228297,9.055058,9.341059,8.464248,6.308349,6.749779,8.153399,7.727416,8.064729,5.897882,9.719599
5.018176,4.329422,7.629093,7.17116,5.83943,6.425793,8.129471,7.098977,6.450875,6.758546,7.029471,7.859462,7.827326,7.230161,5.977527,6.910098,6.333404,7.018044,7.965776,7.499754,8.544943,7.429723,7.004434,7.859417,6.248706,7.138724,7.696327,9.177052,6.605538,6.182325,4.574094,4.191792,5.131831,6.555273,7.979532,8.535512,10.134377,7.7205,7.741051,6.95988,4.953465,6.723675,6.711187,8.074785,8.286145,11.428081,9.663118,7.398317,9.053368,10.375968,10.330072,10.025202,8.770975,9.893845,10.126657,8.220963,7.927768,12.267991,9.267037,9.126684,9.134655
7.823637,8.469711,11.796668,12.380394,13.050159,11.630365,12.108042,13.912423,15.391369,12.101455,15.772128,15.450443,15.595013,13.675555,15.075102,13.939507,13.650668,16.378538,19.099964,15.831328,15.510221,14.558533,11.536563,17.312029,17.683559,14.589126,16.875473,14.50396,15.868133,14.515203,17.364199,14.989735,16.547398,18.662128,16.505733,15.342152,15.621613,15.892896,16.010809,17.602749,14.626543,14.758299,16.752302,17.132225,16.914877,16.54158,15.935356,17.743622,17.458363,18.153582,16.882133,15.599546,15.712445,17.942978,17.477718,17.799416,16.876678,15.253209,18.224352,15.519416,13.053427
4.9326,5.657117,8.594011,8.193244,6.344231,8.50817,8.205011,7.737775,8.391025,9.335418,9.024117,8.168776,8.411694,10.947232,10.181378,8.75499,10.487894,8.770738,8.233817,10.040475,9.091097,8.998799,7.432272,9.418033,7.85111,7.883035,7.359365,6.443742,7.232739,6.993319,9.022975,8.664368,7.918304,7.564091,7.638391,8.366532,8.548102,7.924129,8.879728,9.602507,9.446093,9.269974,10.971484,10.07154,9.14178,8.645281,9.447269,9.998392,8.584056,8.857043,8.65944,8.341019,9.673052,10.736119,11.239128,10.358421,9.700342,9.992993,11.597345,10.73246,8.346653
5.859191,7.170166,8.767685,11.998686,10.615088,10.192137,13.877334,11.916488,10.754687,8.884033,7.260843,6.860572,8.377707,6.535488,8.42848,10.029862,10.758208,11.34882,8.319613,10.621916,11.983271,9.615602,11.56578,12.192482,13.130447,12.840472,13.610495,13.231489,12.861782,13.260138,13.664433,13.211834,13.612443,11.841328,12.371288,12.375713,12.03338,10.852346,10.353478,12.933908,15.237373,14.442684,13.8342,11.229033,11.311737,9.728113,10.928807,10.288396,12.19887,14.461418,16.439659,16.265654,13.786701,10.130224,6.810201,7.987946,11.290678,9.492806,9.90461,13.296948,14.347169
8.14417,9.07661,13.428089,11.98807,9.299428,9.384844,12.159833,9.501831,13.21544,10.549212,10.527784,11.111439,9.13153,10.158269,10.784273,10.246471,13.284679,14.628984,14.88101,10.873104,12.688748,12.065923,11.586533,11.036331,10.85917,11.031964,12.243737,12.188666,13.161495,12.487644,11.370497,13.641918,16.217535,12.500382,12.969619,13.433504,11.486588,13.069518,11.218021,13.444829,13.222075,13.305371,12.138845,11.206009,10.572183,11.636313,10.346134,9.572801,11.523647,8.217409,15.098159,15.784281,16.138212,15.519701,13.686049,11.213112,13.197733,13.609254,11.655884,11.840708,12.135987
12.814226,11.441332,12.519898,11.259077,12.401892,12.167692,10.451886,11.186152,11.248162,11.433331,10.528802,10.186765,11.724023,8.969454,9.258629,14.091598,11.750068,11.856751,11.646964,10.88157,8.593966,8.932874,10.770659,10.846937,9.57825,11.766871,11.401684,10.797693,11.027855,11.595066,9.971932,10.411171,9.775998,8.75444,10.631003,13.180874,12.450855,11.230904,12.600043,12.483471,12.519195,10.658669,12.591413,12.978218,13.744446,12.059439,10.885947,11.266853,9.087215,8.702035,10.919293,11.211305,12.067667,13.129889,14.177215,12.967681,11.225748,11.388166,10.105411,10.422047,9.979032
1.660048,1.523505,3.895108,2.987499,2.310579,1.960349,2.532529,2.377508,3.158245,3.478825,3.34981,3.74529,2.642472,2.633885,2.566739,2.546682,2.580267,3.013287,3.279973,2.034691,0.289517,3.3017,3.652792,4.123209,5.031397,4.164736,3.483579,2.011965,1.951438,3.142165,3.796651,5.277146,4.801179,3.449659,2.904547,4.068885,3.97386,3.016246,3.24111,4.238855,5.019034,6.118136,5.908052,5.019806,4.089211,3.928697,3.510222,4.631214,5.035666,4.02455,4.762221,2.699238,2.10766,3.077245,2.375552,8.00256,6.700395,5.277791,4.216749,6.503712,6.259485
16.544294,12.13362,8.343193,9.065969,7.102954,16.683001,10.509251,6.955633,11.4593,11.97787,11.945964,12.929392,13.890097,18.486679,10.310701,18.730774,18.101587,20.7834,13.868039,15.530293,15.100438,16.003611,21.404829,16.063332,7.302164,3.999579,6.780203,17.444704,4.640315,5.000839,15.654736,9.482577,7.580465,7.683472,8.155538,13.960567,4.565374,8.11187,12.578634,10.813347,7.810896,19.636375,9.435222,17.757839,18.726257,11.285613,9.337667,13.295953,16.615793,11.647562,9.366782,14.268405,18.77022,13.7114,15.788126,10.653339,18.699804,13.590838,10.399497,32.700268,19.506243
14.056918,15.004354,11.971305,14.351884,11.361927,10.425991,10.174623,12.981061,14.559315,12.7599,9.591754,10.030255,10.807658,10.959764,10.560256,12.385158,10.968978,13.470005,10.256721,9.729996,11.610071,9.805346,9.64993,9.494885,9.54454,7.999525,9.350334,10.431913,11.781047,11.98185,11.66393,11.892328,12.144331,12.214468,12.588331,12.26081,12.957253,12.948607,10.77968,12.247437,11.967268,10.192214,11.004896,13.664732,12.709086,-2.056141,13.339514,12.72771,11.70834,12.589087,10.555119,11.274907,12.626839,12.605031,12.838992,13.551193,11.649382,12.587498,12.713461,11.209964,12.078365
10.413403,12.990448,6.444831,11.497565,9.504042,12.187149,11.824965,13.4264,11.962647,12.053731,13.59283,16.786537,9.72508,7.644732,12.463208,11.640279,12.853415,16.422943,8.73375,10.24871,9.574368,11.801966,11.362386,12.660069,10.580715,8.227464,16.709049,11.487754,9.801045,10.271782,10.973599,10.802719,7.557369,6.519492,5.305602,5.256524,8.931299,11.198474,10.220301,6.369759,4.899595,12.687441,12.546535,10.547623,10.515093,9.170124,8.53771,7.151938,10.757742,5.441182,12.210343,12.464862,10.416149,11.621899,12.458344,9.600039,13.04413,11.289586,8.753691,11.580084,12.483004
8.183938,5.095519,6.935244,8.326558,8.490087,7.251124,8.419436,5.074462,5.656337,7.029262,5.190973,4.531852,5.586186,10.466657,6.37169,4.612841,7.506542,8.132602,5.967356,3.327357,4.886667,4.949797,3.710618,3.808591,3.473831,3.622247,3.222663,4.739543,3.064866,5.752306,4.840744,3.335236,5.555276,6.748899,1.22854,5.622497,6.838101,10.680303,11.410452,7.456746,7.343417,9.339348,9.275577,13.478628,10.649706,6.202012,9.495778,8.927283,11.778525,5.577432,7.977787,11.423741,9.107938,9.573512,10.212436,6.25664,7.361751,9.224566,10.213341,8.665635,10.179304
-88.752876,14.421106,8.208526,13.771165,4.258306,2.743474,8.770313,4.24299,10.425982,9.733232,5.808113,13.586457,6.056321,4.229937,1.60857,-0.326956,0.791467,11.730576,3.046029,11.101652,0.108904,-0.951989,4.198027,6.281378,9.984767,6.486503,8.97747,9.501323,8.211545,9.203888,8.155757,8.977949,9.659198,8.979652,11.439243,7.018935,6.164487,9.126136,11.3187,10.118426,5.086038,5.659461,6.801331,9.923525,6.598184,7.845268,9.574656,10.340404,10.451985,7.581264,12.145376,5.793974,13.434086,8.763793,10.099191,7.658715,8.109953,8.436364,16.53093,7.552893,13.096862
3.12819,9.433848,10.789372,11.694796,4.702756,7.728745,14.124853,9.762966,9.878009,8.578715,7.745411,16.72156,11.732121,3.810433,10.956049,13.548518,13.330926,9.050979,8.456562,8.65031,9.62309,9.876303,16.414469,10.668224,13.179376,17.056513,13.349065,14.145699,13.598603,16.70047,12.238184,12.484344,29.952066,10.93051,14.253295,30.47431,7.979012,10.20405,10.409295,11.687604,22.457851,11.115147,8.5555,9.207173,11.150812,11.603443,15.211482,14.269302,11.82721,9.007438,16.547495,13.854216,13.818538,14.689733,18.336794,16.223919,21.391884,14.42669,20.352831,15.121382,14.262912
-2.424528,-2.837079,-3.703025,-2.250414,-3.728806,-5.987936,-7.094922,-4.344486,-2.40696,-2.790056,-5.237064,-5.177857,-3.986144,-2.57128,-1.11336,-3.529546,-4.051718,-3.822458,-3.479477,-3.710671,-5.756221,-5.532971,-5.372008,-4.810241,-8.037767,-8.540054,-7.718046,-6.04698,-6.576661,-6.424605,-6.438031,-7.121085,-6.354009,-5.536782,-6.097184,-5.241652,-3.901336,-3.677875,-5.718127,-6.806747,-7.640434,-6.818994,-6.304806,-4.40408,-4.603843,-4.857153,-4.438164,-6.132292,-6.113408,-7.079984,-6.487251,-4.828714,-6.767063,-5.370094,-4.986109,-5.352798,-4.044686,-3.909216,-3.448503,-2.881358,-4.458452
1.310737,7.271543,8.517735,4.440534,0.934476,2.131299,3.065412,1.708379,2.11801,2.432085,1.501898,2.272156,3.764159,0.980179,2.697788,2.757384,1.534256,1.85857,1.545294,-1.236896,4.270609,4.990746,5.378424,3.432797,4.654453,6.533711,3.678418,2.760062,4.962039,0.659334,5.196234,4.737174,1.3569,4.765265,8.047055,3.110129,-1.032512,2.081903,2.099233,10.089847,0.215403,-1.52939,-0.010834,-2.009686,-2.157057,7.928689,4.444493,4.525465,4.489823,1.637495,2.036238,-0.371716,3.090868,-2.982719,9.016291,6.851575,4.598141,3.410775,1.767573,5.12995,8.819455
0.209684,0.267577,-0.073858,0.14859,-1.411339,-0.910828,-0.308695,3.989983,4.521302,5.277142,10.163671,6.656947,5.474124,3.448,2.284445,0.538125,0.312122,0.302037,3.520183,3.154349,0.723574,0.766877,1.720366,1.251595,0.42844,0.431051,2.651246,14.488433,3.887576,3.288647,1.068362,1.860519,0.814184,-0.240671,1.356728,1.954991,0.229176,-1.238593,0.584692,0.780658,0.465604,3.501751,1.446107,1.84241,1.937957,2.280869,3.522584,4.960985,2.461149,2.552554,2.604823,1.611438,1.813089,1.237241,1.053299,10.182768,0.771806,1.141071,2.488267,4.455997,2.802942
-2.692134,-2.032726,-3.66846,-1.63067,-5.118987,-4.374235,-3.198169,-2.524658,-2.745171,-4.008161,-3.708089,-2.956671,0.738129,1.278815,-2.33689,-2.112809,-1.192132,0.45067,-0.27374,-2.524055,-1.171275,-0.438752,-2.775496,-5.824063,-2.841262,-2.340218,-1.160808,-0.651764,-1.616238,-0.032454,-0.38369,-0.46274,-0.411746,-2.417729,-2.715487,-2.179029,-2.788524,-4.473997,-3.999641,-4.110801,-5.25805,-3.460364,-2.345692,-2.930175,-3.771971,-3.524491,-4.258897,-7.326822,-4.115721,-3.830141,-3.704356,-4.743552,-4.539943,-4.035201,-4.824501,-5.373403,-4.717595,-4.914372,-2.885514,-2.991505,-2.955644
-1.867375,2.613763,1.134318,3.9754,14.188912,8.087343,7.421619,17.039587,10.848364,8.081928,9.204651,9.082544,6.132154,4.575663,2.949601,3.14635,-1.19706,9.032092,9.495279,10.029132,9.836097,11.048391,2.876452,9.903149,-0.33858,18.004047,10.038364,4.206921,5.504478,8.996771,11.532767,9.479328,0.3948,18.040037,1.604802,-1.242429,5.404066,7.220471,10.371857,9.433556,8.343349,9.486746,6.445578,10.087,9.533503,5.119752,-0.127156,5.712627,6.811252,8.584983,1.443532,2.355516,6.005539,7.092238,0.633642,10.215213,10.932538,9.74932,11.279839,3.143854,9.969942
3.195547,7.124421,8.361536,9.066723,11.794004,14.899347,20.69545,18.915491,10.714233,13.81158,9.586452,10.657633,21.541758,14.473502,16.095024,14.010161,22.921494,19.69202,17.119976,16.105555,13.96096,13.48876,15.090181,23.679235,16.932583,19.056377,10.842241,14.901386,15.554057,12.795938,10.016674,9.500304,12.38226,15.480026,20.611959,11.775967,17.078459,11.734021,16.107759,12.953825,16.504007,11.793273,9.428301,17.291367,13.614974,17.161432,11.32584,18.748512,22.107985,11.736018,12.211699,12.806932,14.266188,11.960405,9.020333,10.456952,10.380914,14.744075,10.365903,15.362955,7.901935
15.462227,19.504848,26.855461,13.675985,16.838095,18.964979,27.031723,24.678736,26.103107,19.104855,15.301316,25.7995,21.82416,15.85146,17.570055,15.861868,18.539642,18.513527,22.276533,15.792367,20.913025,22.063503,21.824827,21.286745,20.157534,22.951977,25.421053,22.21188,15.780184,15.887713,7.50614,2.037839,9.049929,10.007155,6.387794,12.8536,9.297642,9.316276,14.967072,11.091443,9.870257,8.607435,8.54569,10.680427,6.1886,16.092285,14.579003,16.235456,15.158043,16.475298,14.285322,20.804098,20.608294,14.996033,11.072377,10.514866,12.558567,7.966605,6.529039,10.570046,18.257776
23.733038,24.01158,26.079979,22.333708,21.320547,25.660242,26.372002,22.742498,23.581848,20.028332,24.02482,22.21249,23.310093,21.50453,24.426365,20.439512,23.211576,16.420315,19.379137,27.900345,29.373064,26.272781,23.009426,22.772203,20.474718,23.487513,24.498817,20.208033,24.336309,21.934956,20.52813,24.910782,29.701792,30.63998,25.28075,25.273506,24.495863,19.886351,19.280018,22.987669,25.469061,23.462337,17.837688,16.565598,19.529116,22.01767,21.811071,21.21265,20.639059,21.214657,15.443922,15.706505,18.801262,18.299635,20.562834,19.874773,21.818085,21.913548,22.459766,25.359003,16.278309
13.504275,12.689224,10.968695,13.052564,12.432073,13.266116,11.749837,12.618527,12.883247,11.223159,12.93624,14.044605,10.371603,12.00759,12.749354,15.215879,13.799919,12.205134,11.669217,10.064845,10.990646,12.519299,12.107162,10.513825,12.487627,9.52133,12.631106,10.42685,10.510833,10.658948,9.997872,10.845649,10.68251,12.362486,14.873506,12.517015,11.6621,9.849026,10.822455,14.567542,11.715188,10.444919,12.483911,12.125003,12.257649,14.089326,14.401644,12.756822,11.63027,11.9489,11.81996,13.438223,12.631531,13.606011,13.523211,14.674629,12.820199,14.426537,14.607556,14.748425,9.666936
20.256945,20.76232,21.459711,21.100971,21.184681,19.840912,17.8822,18.678997,19.62027,22.546066,20.706503,22.430906,20.182789,18.37252,23.832672,21.914663,25.17275,25.685766,26.019176,20.048561,21.51779,19.620188,21.797068,21.116972,21.957939,20.068182,20.418932,20.733772,19.320915,22.021223,21.139942,14.604344,17.283136,18.521942,15.770876,23.942451,22.560818,20.031988,18.177963,16.064129,19.360306,19.292629,15.164273,17.994936,19.702587,29.748808,20.456499,17.304998,27.363916,17.561628,12.570473,21.49691,24.731472,17.120337,19.097464,6.551286,17.362839,15.093156,22.009735,21.66979,21.842905
16.585869,16.0362,15.8415,15.76699,15.187429,13.393213,16.193666,16.860229,16.764347,16.584044,18.739866,17.140341,19.239502,17.738358,14.845599,14.572098,15.876807,16.770679,17.123404,16.771255,14.567758,13.383259,12.062345,12.515938,12.288613,12.570228,11.076317,9.128437,10.658011,12.723584,13.644197,14.71928,12.564753,15.193994,11.429075,15.180353,15.5374,19.836813,17.060545,14.150688,12.657117,14.104725,13.717411,14.383929,12.801099,15.488276,10.996207,14.324738,12.899377,12.594987,12.749928,13.312284,13.93692,15.280716,13.308833,10.937399,13.353376,15.158201,16.237246,19.074684,17.420923
16.102892,15.180839,15.814634,17.233603,15.919389,15.373172,15.797914,15.070868,17.090649,17.789928,17.170036,14.757813,14.458221,12.812656,19.310919,15.677017,17.966564,18.775764,11.424104,8.311339,11.119652,18.921013,17.647884,12.430556,16.468182,14.123156,14.11865,16.445782,10.191046,11.965363,13.190439,14.900092,14.814486,15.897058,12.142739,12.149726,16.711393,14.043377,14.892074,12.966663,11.726432,14.578557,13.022728,14.20121,12.432065,14.796494,14.36508,13.144742,9.476102,11.374157,12.531524,15.718135,13.835391,16.69039,16.099215,18.985813,15.754081,18.661192,17.596266,15.833767,16.505436
19.054623,22.211016,23.384695,25.820906,23.774149,20.552778,19.740793,26.773945,24.719551,19.797043,17.378969,22.015495,22.774996,20.623924,16.831326,24.496866,23.156378,17.580441,19.68609,24.470371,24.27239,21.971037,21.540575,26.245407,24.742487,21.045698,20.921623,21.09606,23.849611,25.44302,22.649765,20.074179,18.216267,20.819548,23.72537,26.902178,16.723421,18.374104,21.649797,23.904032,22.427055,17.127584,16.146965,21.050081,24.415939,18.046692,16.430313,19.103752,20.327374,28.135748,23.529606,20.29624,19.53009,23.272276,25.345263,20.866465,23.562166,22.743698,22.821444,18.775436,27.375082
12.385573,19.063427,11.991805,7.650217,11.471164,15.208789,16.207638,14.617987,11.678988,14.315899,19.701311,20.114176,17.532084,14.030036,12.251839,12.822106,12.669567,16.888016,14.203888,16.91136,19.889006,16.057192,15.678252,10.977219,10.737784,13.679895,15.566627,13.960179,16.326101,13.142155,12.283847,12.390616,12.311488,12.472881,18.633947,15.025061,11.187335,9.491585,8.62971,7.697722,11.818109,13.14887,14.409956,17.37587,14.280789,13.269311,9.282685,9.61393,8.625084,13.08626,12.237026,11.821878,18.546284,21.509623,13.639112,14.665953,12.389742,12.767041,14.589614,14.828221,18.554821
15.690146,17.969444,17.650398,16.404284,16.216665,16.730654,16.891048,15.086287,15.941981,16.697758,15.177683,14.437817,14.599259,12.792645,13.031398,14.219614,12.55938,13.223645,10.426859,11.743315,12.526809,9.682433,11.043838,11.548691,10.337626,11.781511,13.891629,13.573258,13.850239,16.481781,13.640224,8.368392,6.098979,8.887523,12.053405,9.892187,13.693129,10.478547,14.007504,14.824933,12.84239,14.207756,12.877131,14.054173,14.069937,13.481795,11.894737,16.084679,15.949432,14.69844,10.927491,9.963285,16.416262,15.816232,13.612526,12.056463,16.217976,16.017035,14.665732,15.843997,13.840498
-1.012027,-0.38588,2.356453,0.843172,3.448999,2.023645,3.756014,3.488978,1.866619,2.965692,3.539955,2.209287,2.377212,5.199142,3.935976,3.695306,2.734151,3.24892,2.951895,4.597428,5.881505,5.61738,3.71313,3.037921,3.137502,1.865177,3.24566,-0.038066,8.996725,2.146949,2.639887,13.000246,4.098903,4.749053,-1.51975,2.030412,11.173243,1.700914,6.269157,2.131164,4.985985,2.789663,0.982072,3.506772,3.414359,9.629588,5.627677,5.497481,4.26331,3.854003,5.390695,11.273616,4.711061,3.246969,2.843415,4.308375,4.664803,3.432661,4.795951,3.846682,5.029469
10.530685,10.105799,11.451163,7.753035,9.463784,8.659392,8.131659,6.636538,7.655024,7.656652,6.688767,9.169412,4.403271,6.173929,1.651137,4.155983,6.369603,8.658027,8.653126,3.97931,6.917482,8.156472,5.674689,5.052405,3.704242,7.373741,5.402521,4.358649,7.33267,5.958925,6.089183,2.246762,7.384388,9.043765,6.278751,6.531545,7.585388,7.645459,5.517731,6.910638,8.035399,5.171843,8.961215,8.201593,7.899057,7.920012,7.207903,8.522853,6.161481,3.822417,8.259003,7.132681,10.581985,6.952411,9.47388,9.136508,10.190231,5.478109,6.550496,7.932754,8.812469
0.342567,-0.914574,-0.362332,1.150601,-0.955769,-1.13059,-0.826504,-0.622025,-0.136297,0.202343,-0.425025,0.208342,0.173626,-0.498088,-0.033542,-0.838546,-0.220453,-1.086457,0.40155,-1.214005,-1.399965,-1.32141,-1.710042,-1.464274,-1.218279,-0.214341,0.028621,-0.599037,0.133721,-0.336657,-0.495622,0.107862,2.042431,-1.030574,-0.748169,-1.840302,-1.478433,-0.813365,0.51408,0.929326,0.003716,-0.663464,-0.713879,-0.979206,-1.600922,-1.085862,-1.082663,-2.06008,-1.053274,-2.032696,-2.164233,-3.096605,-2.40661,-1.459771,-0.986088,0.479105,0.087738,-1.029485,-1.494107,-1.161003,-1.576209
8.226281,8.305658,7.971887,9.316675,8.001223,7.644411,8.513667,9.862055,5.683097,2.680165,3.999781,4.231483,4.19697,6.551225,5.32314,5.371131,6.313218,7.103592,6.666855,8.58617,8.451201,6.718105,7.635849,8.569141,7.821907,7.586048,6.237293,8.236572,-4.003919,-5.838549,-2.177921,1.801937,4.058254,6.38331,6.580161,5.879438,7.736261,6.180027,5.931212,5.05539,6.524386,6.682573,8.174129,5.65327,7.398705,6.777853,6.702689,7.205491,7.271994,6.033966,7.457089,8.762651,8.443512,7.791535,7.447305,6.642275,8.685853,7.807317,5.697004,5.801001,7.510105
5.991716,5.835336,7.22906,7.810757,10.007106,15.999034,8.109791,10.141427,11.123677,11.586548,10.882643,11.332587,9.320403,8.947652,8.301668,8.365944,10.366405,13.783524,10.483742,9.388284,9.296436,8.795348,11.545831,7.490926,8.769655,9.957947,7.763757,6.333569,7.309812,6.709906,11.036923,9.438226,6.644065,7.366269,6.457096,5.64762,8.655569,10.019506,7.718641,8.320397,5.831688,8.807886,5.917458,8.140138,7.667598,8.111215,7.416389,9.150548,12.689949,10.516073,11.355718,8.338403,12.599339,18.207386,13.239526,13.286304,10.498772,10.150466,9.547435,7.201779,9.241776
15.853063,17.324125,15.69912,12.115787,12.59226,13.559142,14.634681,14.119976,13.987486,12.726678,13.871232,13.397009,12.786629,12.388816,13.67009,10.82255,11.510828,11.977283,9.806046,10.324917,10.331003,10.240816,10.124505,9.674183,10.223835,10.307724,10.161066,10.01665,10.798869,10.410475,11.138202,10.567595,10.282706,10.978054,10.215862,10.672415,11.611185,10.343179,10.188503,15.816734,11.780906,10.499607,9.371895,10.054983,11.303843,8.209833,10.389701,10.273603,10.487786,11.257425,11.074584,11.282057,11.698525,12.072439,12.201116,12.796764,13.169311,11.075624,12.656128,12.526131,11.929547
7.543632,7.542478,7.64565,9.510089,8.839386,10.353557,8.119476,9.378101,9.614333,8.605748,8.696087,7.906435,7.874587,6.406045,7.294997,8.861178,8.26249,8.618516,8.749344,8.876945,9.478723,8.493873,8.566129,7.759197,7.750041,8.761199,7.621032,8.714454,9.182255,9.858652,11.209983,10.680247,9.794722,9.023417,10.428668,10.542479,11.804294,10.88137,9.104841,9.890816,9.866862,11.638161,8.526083,9.682293,9.320364,9.989187,9.256724,8.734405,8.66739,8.216232,12.617093,9.79872,9.634086,9.010424,9.202522,9.789529,10.494998,9.182755,8.447644,7.725331,9.764246
5.150341,8.765767,7.587408,5.427445,6.760553,5.024103,6.627876,8.799811,7.367902,8.392787,6.448741,7.463539,10.367102,8.409747,6.468496,6.026841,6.323914,8.452856,8.713243,8.94959,7.583457,9.939319,8.251472,7.442233,6.444365,7.751715,4.544048,7.495043,7.572205,8.268646,8.809187,7.502217,6.983637,5.350068,5.684783,6.405082,7.065178,6.517907,7.1039,2.396294,3.318556,7.53684,8.123769,6.745649,4.909606,2.411074,6.672017,8.167768,6.733158,7.564787,9.628819,7.597597,11.099663,8.940386,9.376451,7.271077,7.148379,5.662556,8.216067,7.168712,9.365816
11.697036,11.947904,12.246617,9.70397,8.14854,8.855598,8.247726,10.978789,11.202147,10.244023,9.811033,10.468334,12.048059,8.78124,7.692449,7.44591,15.10907,10.887243,16.071877,9.485561,12.232926,16.700188,9.506493,12.615321,6.041935,5.220997,5.760674,11.43229,10.370583,10.762373,9.988676,11.149199,9.978294,9.416973,12.220646,8.354323,7.980649,10.276496,10.723757,8.714516,10.096376,10.780298,10.777892,9.297185,10.459718,12.952121,11.496197,13.945758,11.015231,11.85536,9.445656,10.428545,10.582068,9.919324,11.583379,10.105054,13.484808,8.090524,7.513906,10.47334,9.491001
9.344969,7.50645,9.303695,11.060856,10.906891,9.999131,16.088486,10.671171,14.547837,10.723756,12.815722,10.040025,10.708249,6.927588,9.601301,11.960393,17.531488,13.554144,11.250971,18.032707,10.55899,10.88555,10.864452,26.186617,12.808451,13.825449,19.563782,11.502478,9.888957,11.866201,21.236061,9.662204,11.332792,9.997416,10.841316,11.691325,11.446907,11.522438,21.93775,9.546869,10.482061,10.348103,11.283754,12.27893,11.907874,8.171816,10.142545,15.738331,10.009007,10.976588,11.300591,12.720875,15.519753,12.292423,17.786867,13.162857,10.33185,7.367548,13.49264,12.63866,10.913857
8.005579,10.164988,15.893589,11.592238,11.420609,11.385865,11.379108,11.704108,11.115739,10.138226,10.895622,8.840268,13.467254,17.990749,11.928965,11.309057,12.603892,10.981037,9.16415,11.002458,12.716268,9.738541,8.741816,9.743717,7.818856,6.638859,10.271692,7.269952,9.907765,7.62261,11.349379,13.759075,14.549386,13.187802,13.101679,14.734842,13.763456,14.645625,19.314232,15.156432,16.004395,14.151641,13.337445,15.409512,12.160801,14.701594,17.567263,12.197739,11.575302,12.05005,18.737822,8.847295,8.776215,6.955719,9.401169,11.130953,13.753155,18.657328,11.85962,10.385749,9.313642
7.53402,8.597351,14.524932,9.878085,19.179602,10.237405,10.603697,11.661539,11.110891,12.239579,8.667442,8.09504,8.448927,11.034237,17.160421,9.023509,9.224654,7.929254,19.692957,13.806459,8.227917,7.37641,8.473507,10.535132,10.773831,14.249156,8.565187,7.816925,10.736665,11.570819,14.217869,5.614481,5.263672,12.152252,5.473046,3.828355,12.686154,13.623187,11.704465,10.633256,9.644722,10.676142,13.311595,9.471521,7.999489,22.141123,15.319746,9.706581,9.447224,9.020157,14.699969,10.371022,15.030932,10.718629,13.594865,13.263322,8.144941,10.381428,4.894436,5.367493,12.466854
12.507363,17.369379,10.755219,11.956821,10.684163,26.871071,11.714606,11.07478,9.691156,9.344812,9.679893,10.132359,8.889639,11.828268,4.175817,2.186676,4.707111,11.015678,11.449384,12.028963,12.630811,13.793667,14.569631,12.067803,15.620673,10.779793,4.075442,8.354361,1.063902,4.344819,6.576463,10.87428,22.749008,13.923994,11.740376,10.833468,8.117341,12.776816,12.662012,15.650363,10.386829,9.439644,11.731461,7.43706,5.567466,2.752282,16.481306,11.75639,11.005837,7.605203,3.482569,10.103404,18.093632,15.196035,4.340503,11.287564,9.204091,12.945451,11.069381,12.930346,8.618242
6.497369,8.968967,11.222175,5.224283,8.114592,6.947094,7.043571,6.998832,18.220322,25.519041,15.502794,10.700673,9.776961,40.708534,14.808819,11.414077,6.930934,11.042519,8.002618,5.834527,6.073945,6.393747,8.758269,8.479879,4.062157,2.338016,10.444871,11.0399,10.081255,12.221147,9.29283,15.507427,7.077196,5.740922,11.128128,5.235182,9.11559,10.861246,12.174994,7.074502,22.389324,7.731709,9.158056,11.54723,9.85887,5.987156,7.853526,3.248891,4.248049,4.159664,3.451287,4.923802,6.404032,12.664776,12.796786,25.773844,10.686193,9.603605,12.186049,15.863352,15.821273
11.449237,18.791763,10.785921,11.807157,13.375199,13.368924,10.819495,15.901054,13.379334,11.331457,11.188185,12.487357,12.547618,10.770003,9.486376,9.070909,3.187814,10.357318,9.684227,24.767578,14.862284,12.141227,12.433556,10.725024,12.883992,13.064574,13.122161,13.858679,16.326759,18.347494,10.070891,9.622863,7.317565,12.393207,12.184143,10.395849,13.290666,6.438483,22.959564,7.104955,9.137274,8.186078,8.355977,12.709977,24.895588,9.7245,10.386105,10.389697,14.427896,6.592794,10.209746,7.309016,10.719091,8.82598,4.021946,10.374801,17.2164,8.178295,3.344318,9.860427,12.165061
9.036121,13.829516,10.462828,11.731207,10.579517,9.023236,8.307805,9.497812,8.510178,9.971602,8.339217,10.330608,9.336067,9.700213,8.630301,9.586006,9.999599,7.740732,8.201071,10.723858,14.144357,16.276247,10.798259,9.858245,12.220371,23.946177,8.708576,8.344398,8.065517,6.442523,10.490018,9.031552,11.794683,14.129287,9.162378,7.52181,9.186389,12.700357,15.007046,8.889883,7.994878,11.034389,7.328541,10.155853,8.565868,8.610287,9.71901,18.168987,8.710669,8.306532,9.983673,8.769613,9.770436,17.723461,9.827681,9.167727,8.720123,9.31439,9.313273,4.909053,4.591286
10.707671,10.876546,10.17092,8.586871,14.108054,12.975385,10.493164,12.898772,19.550879,10.453834,11.802882,11.481012,24.663158,9.827526,11.920724,15.681867,11.594425,19.965813,11.707978,11.506647,16.794903,23.956316,18.256346,32.18491,19.260046,15.743489,14.582972,12.457876,12.126638,12.832726,10.259803,19.330774,5.504043,12.184571,19.22035,7.866596,9.766741,10.237459,9.136707,10.08393,9.177903,16.251188,9.437215,17.678499,15.181252,7.978437,20.572777,12.378524,16.004704,11.102201,9.487755,11.319035,14.299575,6.507536,15.771928,15.188457,21.236059,9.32701,4.904965,6.124111,8.806005
8.279897,12.004773,10.473124,12.296962,11.65635,11.2119,11.137589,11.189468,18.861498,17.852278,6.285079,10.98297,11.473496,13.96291,16.503069,13.741524,8.039106,14.53567,24.192793,9.891073,12.449695,10.298491,25.535892,22.026857,7.21565,12.931515,9.151756,7.301729,14.68584,16.584517,14.312727,9.413294,8.289144,6.48835,8.103982,12.552537,9.07883,13.9129,10.459733,11.639821,12.120947,9.012897,12.947915,12.564948,12.660489,6.383803,4.438302,9.255803,10.95832,10.757229,7.485068,5.869563,7.084712,11.152902,11.506319,18.841667,10.719807,8.604234,10.906351,11.435952,11.67527
1.863198,7.305513,2.732677,0.578794,7.464702,0.896423,1.641453,0.343689,2.472199,1.240199,0.737361,2.457411,1.277188,4.830559,0.734087,0.195378,0.683197,1.222584,5.288942,0.467502,-0.325948,1.487718,2.130381,0.387548,1.355987,0.864462,2.875119,3.520191,-0.7117,-0.528473,0.357422,3.082912,0.228653,-0.746764,0.269081,1.151671,5.822066,-0.892185,-0.202014,-0.650138,-1.053946,0.727111,-0.286926,-1.540083,-0.122115,0.50565,0.768182,-1.187778,-0.488194,-0.346577,1.789129,-1.249549,-2.226046,-0.431068,2.293742,-2.59323,0.574401,-0.368895,-3.159579,-0.908132,1.168853
-6.800558,5.474651,8.011744,7.86937,6.617826,6.337209,6.919641,4.219657,5.51149,7.219732,8.700212,7.219374,6.639954,7.00211,8.885264,8.400073,8.920612,8.701896,9.114583,6.56412,7.712378,8.513724,7.619775,8.422939,7.915237,8.167808,6.947682,8.114714,8.46671,5.059335,10.584609,6.565479,9.753968,9.518514,8.415257,7.465534,6.863347,6.77836,7.956423,6.410254,6.994098,9.131631,8.505831,8.939121,9.675666,8.362493,9.389674,8.656423,10.178144,8.501925,8.468022,7.806973,6.921703,8.69932,7.454526,8.80521,7.951148,7.85288,8.028649,9.037506,9.296318
1.509664,6.760746,7.355649,9.126531,9.314609,11.095728,12.041247,11.034347,9.596534,8.526417,11.694626,13.362532,10.353848,9.841473,9.787946,11.646478,14.386389,12.749279,11.444349,13.147498,13.879537,12.101624,11.733887,12.334507,11.443758,16.65081,12.434626,11.35205,11.987414,13.308224,16.936918,12.036901,13.960275,13.485291,13.551064,17.098972,12.023585,13.128791,13.075858,14.462665,14.91144,12.778275,12.640718,14.403059,15.451659,16.312166,10.51248,12.338367,12.648776,16.514084,12.001513,12.601365,11.579412,11.303339,14.757992,13.548219,10.451971,12.952601,10.413338,13.415375,13.481868
9.816746,0.654565,-0.784748,4.177498,-10.316175,-8.105319,8.40197,-9.888316,-5.873944,6.466576,-3.830593,-10.010548,9.005873,0.408404,-4.736154,9.995033,-9.789056,-5.653941,8.83769,-0.902122,-3.351895,8.501309,1.807274,-7.539515,4.76355,2.301323,-3.410853,4.050208,1.55809,-4.612648,8.048552,5.702565,-4.212943,1.118827,5.532677,1.32118,-2.935812,7.710504,-0.980482,-0.036485,5.223613,-3.483349,1.368285,7.851069,1.016461,-1.489858,6.122822,-2.091363,-0.006224,10.110456,2.452231,2.318475,10.817492,5.341087,3.847345,6.9955,6.391293,6.408113,4.014783,7.979164,6.276004
9.41608,13.925377,9.76522,9.916348,19.348387,9.746226,8.392685,10.748819,14.318984,8.351052,9.366988,18.713293,8.407129,8.128625,15.075107,11.25671,8.704092,6.957443,15.275559,6.371075,8.760977,8.805573,10.448118,7.101804,8.326678,7.341724,16.760105,9.710629,9.892412,14.496047,9.463268,10.091043,8.888471,14.042626,8.522528,9.14263,8.52885,7.075805,9.983033,11.330433,9.521378,8.829873,6.380401,11.897964,9.194695,9.262526,10.931571,8.3498,8.417855,8.767606,10.788684,10.957877,8.193825,8.354041,7.670733,7.415878,11.102638,9.493578,7.573343,6.872119,15.27743
1.494893,-1.163646,3.535609,-2.853167,0.561257,1.752697,3.294483,2.053264,3.624962,3.343853,1.644015,3.268993,3.458855,4.579745,4.332513,2.736274,3.504996,4.223186,5.672258,4.088881,2.348997,2.429343,2.948855,4.731305,3.908358,2.031314,1.456282,3.59278,2.304094,2.530937,2.492752,4.513393,4.713523,1.117309,2.505463,1.360526,5.285582,2.746526,0.08833,2.084511,4.208057,0.714798,-0.358882,3.128986,3.215313,0.259383,-1.838091,2.985241,4.133906,1.336034,-2.061781,-0.126692,3.161113,3.92567,0.286018,0.995698,-0.505411,0.085632,5.079542,8.38855,0.52705
5.435912,9.217071,4.982973,5.426845,6.114254,16.197441,6.551477,3.950232,9.302355,7.34845,5.365108,7.226306,12.485508,7.525849,6.607926,7.752458,12.749773,11.228806,6.907009,6.617024,7.917751,5.9317,4.970035,6.188048,16.306496,5.866527,6.504802,15.69441,5.963744,6.201737,6.914597,12.527027,5.564851,4.84783,4.608181,11.785626,5.95671,6.37919,7.624358,12.544592,6.698464,7.300917,8.001482,14.610878,7.257378,6.990273,10.411636,11.701588,7.756577,8.459751,7.607457,15.318042,8.590765,6.518751,6.8506,9.538857,8.89119,6.914759,6.07328,14.802753,5.961617
1.97968,3.961642,2.741771,2.441371,2.545386,2.177667,1.677255,2.72358,0.918805,2.665084,0.358444,0.429438,-0.171483,0.699293,1.099108,0.527445,0.473657,1.291947,0.356671,0.887084,3.349661,1.420525,0.783286,1.531231,1.158462,3.718945,1.604825,0.528367,0.881974,0.085399,-0.603295,0.566512,2.882319,1.203489,2.958323,1.02121,0.523556,0.626067,1.267869,0.966077,1.137944,1.486297,1.003033,0.398037,0.567502,1.541528,3.13282,1.335076,1.877176,1.777577,3.963008,2.477827,0.422667,1.935016,3.457072,2.095605,1.104676,1.895449,2.87299,1.367739,1.19836
6.011186,-0.035919,0.929066,4.396373,0.889683,-0.820575,0.224169,1.12392,-0.164468,0.785794,1.360231,2.607368,0.258968,1.285898,2.808712,1.588981,1.03954,2.850221,2.282383,2.635139,1.499491,1.311635,2.760205,4.099263,1.070312,2.196218,2.100183,2.837774,1.758267,1.639316,2.666886,3.382694,2.678516,1.299927,2.68342,3.561538,2.586971,1.911596,2.138873,3.891907,2.829226,1.785599,2.757539,3.053828,3.065633,1.548638,2.367845,3.270633,2.524066,2.229477,2.743835,2.962737,1.561595,3.151537,5.062184,1.474497,2.78856,3.691469,1.361374,2.248116,3.387697
6.012981,5.339176,1.179076,2.592692,2.267449,2.503128,2.018241,2.062511,1.521388,2.104995,3.146825,1.067988,2.794771,0.99078,2.737281,1.138068,3.336908,0.676999,2.058791,0.241103,2.004883,-0.057602,3.800314,0.203707,2.447345,0.74501,2.075166,0.223314,1.745536,1.152795,2.569263,1.960767,1.354149,1.23599,0.990646,1.286947,1.53219,1.694775,0.996757,1.797431,1.014663,1.671479,1.180746,2.027796,0.584496,3.541603,1.264637,2.435828,0.685563,1.651592,1.968892,1.535862,2.037099,0.455824,2.698389,-0.055358,1.936089,2.116722,5.843228,2.300995,2.677464
-0.071498,2.871149,1.015612,1.920451,0.048968,0.984991,1.105557,0.984453,2.338703,0.914622,1.171867,0.045495,1.132364,1.113948,0.369642,1.813699,0.878032,1.903416,0.550117,2.145069,0.637542,1.305737,1.957597,1.757245,2.611409,1.254861,0.917512,0.588162,1.727041,1.708223,3.187324,1.735991,1.114691,1.841618,1.411657,1.315435,2.208116,1.766793,2.671335,4.071737,2.779957,3.256243,3.444281,2.478812,2.945607,3.467306,3.666844,2.866465,3.090047,3.198455,3.395367,3.319852,2.945732,2.974818,3.549214,3.955957,2.563373,2.359327,3.202338,3.193266,2.308833
2.991939,1.389574,2.12196,8.907346,1.774618,2.827898,2.375167,3.134087,3.4417,5.576076,2.191841,2.268952,2.387118,3.096824,6.270233,6.935747,8.110628,4.109367,2.98569,3.144622,3.305704,3.372156,4.907806,5.424552,7.62245,2.789836,3.575223,3.907608,4.013744,3.85622,6.789437,4.413408,2.178489,3.103109,3.263917,4.125497,5.326772,7.491951,5.97982,2.922258,3.381358,2.653261,3.409468,6.591897,5.485326,3.46013,3.240167,4.251131,5.434373,8.422188,3.530251,3.511186,4.924758,4.062656,7.372616,4.925094,2.250521,3.663197,5.59158,7.131638,3.046634
-0.892725,-0.318996,0.901492,0.428521,0.562456,0.681222,0.545544,0.999493,1.0537,1.322877,1.1996,1.482651,1.237613,1.48975,1.160394,1.391314,1.698646,1.955538,2.945069,2.787341,2.168953,2.014017,2.294116,2.279972,1.547589,0.525917,0.683814,0.574243,1.307371,1.4506,2.20701,2.540951,2.579992,2.284695,1.448025,1.109969,0.958415,0.624583,1.200185,1.807357,2.137942,1.757427,1.596179,1.627333,1.517066,1.177334,1.230283,1.465309,1.636036,1.455298,1.879367,2.09328,2.067836,1.843164,2.666059,1.810917,1.998358,1.969291,2.136375,1.983706,1.749551
1.910405,5.545585,3.097289,6.130589,2.952137,4.529298,4.391239,3.822189,5.562287,3.646851,4.602378,4.179163,3.582503,5.374166,4.19014,6.464319,3.500484,5.013507,4.213067,4.88895,5.606053,3.543944,6.083465,3.399144,4.468213,4.183513,4.653987,3.772787,3.748587,5.025729,3.800048,5.275524,4.168983,4.693386,6.251147,4.117809,5.941802,3.827155,4.362848,4.386798,4.590797,5.315085,4.008967,5.818284,3.871545,6.640455,3.478538,5.035435,5.099408,4.24766,6.479939,3.55259,5.542686,5.444118,4.531581,6.729435,3.394543,5.677249,5.080687,4.646689,4.863795
8.677809,9.73348,11.791772,15.330929,11.886872,9.883955,9.23997,12.774178,12.946937,13.194798,10.537862,9.744542,14.41794,11.57131,9.242558,8.58776,12.599257,13.116879,13.403635,9.812231,12.71017,13.495699,11.85286,9.127099,13.116549,16.238096,17.245762,11.758533,11.218674,17.522552,17.442137,16.323097,15.615341,17.26635,17.398912,14.162405,12.164944,13.624572,14.899081,19.051327,9.581375,9.488198,17.457911,18.914135,11.621511,9.395138,17.886719,17.492365,8.355112,12.639816,14.621862,12.850437,12.40746,11.661236,13.873624,14.61449,11.923792,12.17034,15.570759,15.82002,8.670454
7.137662,7.838,8.547311,8.497953,9.07764,9.832514,8.40915,8.744519,9.062905,8.338684,9.950271,11.058,8.725801,9.946552,8.709269,8.340018,8.326263,9.66724,9.182832,9.708949,11.262022,9.591736,9.773498,8.287355,7.82807,8.563642,8.469653,9.562576,9.731865,10.252958,9.777934,7.915158,9.839973,8.551643,8.06339,11.071876,11.371803,8.866889,10.234112,11.180713,10.722033,8.900999,9.04266,9.055378,10.681376,10.261257,7.113719,8.886071,8.698383,11.154626,12.158107,10.377533,8.093002,8.375342,6.840243,8.154577,9.854884,12.660663,11.229777,10.099634,5.330937
7.809199,8.39957,9.097501,9.140853,10.332319,9.482026,11.457112,11.139841,13.273774,11.705953,11.947013,8.771282,9.579146,10.918176,10.791865,9.733144,11.476996,10.021485,9.591469,9.518074,9.474201,10.406468,10.250544,10.213509,9.520678,11.138663,8.699765,8.795209,8.525596,11.220471,14.47529,8.295043,8.293841,7.172669,7.426755,7.781343,9.3746,8.651716,9.440352,9.351245,9.448728,10.287997,11.338903,11.823689,10.668365,10.766418,9.480533,9.849077,8.897432,8.521511,10.008413,9.7945,11.702367,11.940237,12.580745,13.455295,14.553648,13.376717,14.55831,11.62291,10.954681
11.405307,9.480381,12.913424,14.513012,12.147069,15.395156,12.394077,14.763967,12.67832,11.498585,20.522537,11.839181,12.484056,14.473258,11.189088,13.281675,13.355924,10.432729,19.928574,11.890107,11.985228,18.056341,14.288008,13.22186,12.746304,9.966242,20.240471,13.382945,10.551278,13.906009,10.788711,11.84977,12.950399,9.728517,18.857115,12.512582,10.674479,15.958463,10.938602,22.875977,11.787223,10.886894,16.620697,9.75612,13.773257,12.55117,11.832115,16.947695,12.614687,11.868698,17.417665,9.087782,18.589111,15.411588,10.814448,24.454714,12.103561,13.299784,14.48803,11.663028,21.554838
7.91967,6.320633,6.004898,7.022779,7.130192,7.441935,6.552002,7.134893,8.170343,7.118743,5.709781,6.044599,5.297716,6.672784,15.817385,14.483136,11.166354,7.338284,5.581216,5.865136,5.921219,7.07381,8.60866,7.402771,9.253249,8.569897,7.290998,12.416213,12.227704,7.133877,6.991114,7.78807,7.669193,7.378871,8.265471,8.485774,9.14193,12.081039,13.601984,12.302027,7.456829,7.422028,7.224155,7.069472,6.703782,9.051574,8.764374,6.390901,6.902204,9.026259,12.426284,12.650378,11.325252,12.856265,6.789361,6.74555,7.168291,7.810129,6.568847,6.813169,7.807825
9.578165,9.5511,9.735363,8.545579,8.121463,7.446943,8.41835,8.702437,8.236094,8.792945,8.341636,8.413194,8.678918,7.677531,6.692939,7.239583,7.804018,7.542016,7.373252,7.512522,9.34735,8.852281,9.07741,10.014048,10.212103,9.784608,9.665064,9.074109,9.756249,9.974435,8.485177,9.674682,8.150076,8.680216,9.087604,10.561322,8.84646,9.023827,9.86042,8.800844,9.606916,9.697846,9.537212,9.741294,10.735033,11.349301,10.050459,11.930313,9.999212,9.900854,10.116753,10.258638,10.260756,10.923946,10.912193,9.136103,9.402051,9.332964,10.324418,9.991301,10.38098
7.870362,11.871953,11.662879,16.350597,10.699495,10.047103,10.075849,10.349805,12.466397,8.193068,13.144948,7.47364,17.801506,9.266594,8.335788,16.853226,9.719759,6.591445,21.766096,11.303884,6.917941,11.484765,19.163441,7.613698,9.953122,14.782555,9.603922,6.880082,15.605733,13.504786,7.681624,7.668985,17.807184,11.727241,9.381577,6.998693,17.290621,10.153303,7.269868,15.673206,9.30088,6.425538,16.322685,7.972038,8.575992,12.738157,7.455356,8.464395,10.847331,6.873469,13.775478,8.720594,6.370457,11.39326,6.541266,9.360458,10.633054,5.623348,12.39827,8.203975,8.999486
