-126.375328,-125.839897,-127.104851,-125.765656,-124.491005,-124.527382,-128.461578,-124.24292,-124.970047,-127.346436,-125.111046,-128.192245,-123.679344,-129.29628,-124.849304,-127.554512,-126.469086,-123.910973,-127.847603,-126.663307,-124.507668,-128.073837,-124.827583,-128.397598,-126.157883,-126.679016,-127.412956,-125.36657,-128.00058,-125.227036,-128.761581,-126.495789,-125.447289,-127.93708,-126.229805,-128.414886,-126.138435,-128.094299,-126.547272,-126.894646,-127.814384,-126.799728,-129.330673,-127.037834,-126.888649,-129.066681,-127.872345,-127.180786,-129.551361,-127.746788,-128.675812,-128.895767,-126.390182,-130.2686,-126.855629,-128.514145,-128.911118,-127.596649,-128.932007,-126.39698,-129.926895
-124.431129,-124.058739,-125.852737,-125.573219,-123.035316,-126.511757,-126.593292,-127.264908,-122.791679,-125.534988,-124.026756,-126.525253,-128.192413,-126.69706,-126.38253,-127.241646,-127.168045,-123.099586,-125.481216,-127.134094,-126.855476,-126.707207,-126.498749,-127.438271,-126.737221,-127.153511,-124.210709,-123.40416,-126.009697,-125.787933,-127.252876,-127.693924,-127.759781,-126.803925,-127.035439,-127.898254,-125.324684,-127.041138,-127.065453,-127.707283,-127.324081,-126.170258,-125.700645,-127.340775,-127.242012,-127.289894,-127.025658,-127.495552,-128.496552,-127.139694,-125.632874,-125.959976,-126.70916,-129.973648,-128.500305,-128.409012,-128.504791,-126.39566,-126.299568,-126.026131,-125.77063
-130.289932,-130.773819,-128.887268,-128.714905,-130.948929,-125.188873,-131.153259,-127.762039,-127.586784,-127.839462,-129.584366,-129.298401,-127.547722,-131.371277,-127.852234,-128.653992,-130.218857,-130.226578,-130.284561,-128.826843,-130.017212,-130.135239,-129.613937,-131.32045,-130.516968,-130.738831,-130.973694,-129.205902,-149.65123,-124.758949,-124.246017,-123.243988,-125.438721,-124.725922,-121.27964,-123.964722,-120.654419,-122.908791,-125.632072,-122.405792,-122.442657,-127.35878,-124.424751,-123.063019,-127.03656,-124.46595,-124.664871,-123.428825,-125.046616,-121.376686,-122.131157,-125.615936,-121.922707,-123.208115,-124.998955,-125.764244,-122.415802,-122.76194,-123.099861,-122.636963,-120.907173
-63.068478,-61.992622,-49.277271,-65.774208,-54.552837,-65.248543,-62.299049,-62.785988,-63.045139,-60.263504,-60.152138,-71.720421,-63.886864,-50.674419,-62.526085,-55.571987,-38.403858,-60.980976,-62.062592,-64.898933,-55.48106,-64.578064,-60.204315,-60.376408,-61.836102,-63.170967,-62.909279,-68.506889,-59.92207,-64.83448,-58.607018,-67.010605,-60.277008,-64.407333,-55.352692,-62.233864,-65.121178,-61.882908,-56.984859,-63.723618,-62.435879,-56.95612,-61.285736,-62.345306,-56.427567,-64.208687,-64.395294,-59.8997,-59.21262,-65.923492,-63.347355,-57.652283,-65.328438,-60.557545,-68.356476,-60.23811,-62.791351,-68.287071,-62.801239,-69.060524,-63.093075
-134.925385,-137.96312,-135.282745,-138.889252,-133.885071,-135.411499,-134.153885,-134.612396,-135.367218,-135.990921,-134.301025,-138.630295,-139.24353,-136.123795,-138.688721,-135.7117,-128.637695,-136.93634,-139.724731,-135.759857,-126.509048,-136.452103,-140.154495,-137.988235,-143.840439,-138.67601,-141.081146,-135.471268,-140.751389,-135.846481,-142.267578,-137.817307,-130.806,-137.125778,-137.967468,-134.938675,-136.973785,-142.467072,-133.815048,-134.70459,-135.83992,-135.727173,-134.996628,-134.552139,-130.508636,-134.329971,-138.749878,-138.217346,-134.772614,-138.42009,-134.769394,-134.661041,-142.575378,-133.22876,-137.846024,-137.154221,-135.210297,-135.379547,-133.226578,-134.098068,-135.988647
-121.741402,-122.979172,-129.013947,-117.614449,-128.331589,-121.086357,-120.193993,-127.850136,-119.789757,-120.732498,-122.830452,-118.864731,-119.061699,-107.680954,-125.642288,-122.915169,-122.141022,-116.462784,-124.604225,-119.584808,-122.096832,-126.919273,-119.47094,-123.89209,-123.08046,-124.028091,-118.135895,-117.692108,-125.527977,-125.753494,-124.613373,-125.450195,-119.171028,-129.881363,-126.024162,-126.416519,-129.781296,-118.99131,-127.021019,-121.299271,-124.887856,-121.277466,-120.726234,-122.9058,-125.018456,-123.57267,-124.943108,-122.138306,-123.6847,-123.375481,-122.833191,-124.67852,-123.488838,-120.147865,-121.788162,-122.414886,-121.331413,-123.585991,-122.366211,-121.450737,-125.226357
-116.95829,-117.931725,-117.175957,-116.979767,-117.525452,-117.589958,-117.380806,-117.269707,-117.066208,-117.114868,-116.850212,-117.032616,-116.159866,-116.893898,-117.025703,-118.020874,-117.152596,-117.603752,-117.762505,-117.241043,-117.278954,-117.121201,-117.072601,-117.060936,-117.7854,-117.917549,-117.119072,-117.336555,-116.836067,-116.593651,-117.051682,-117.22319,-116.108849,-116.804527,-116.932785,-116.827835,-116.184593,-117.523407,-117.792503,-117.402252,-117.148987,-117.113693,-116.496735,-116.934029,-116.76226,-117.713982,-116.853065,-117.013847,-116.82576,-117.275879,-116.68396,-117.637924,-117.62191,-117.699867,-117.248299,-116.57296,-117.186119,-116.65007,-117.710167,-117.629272,-116.636108
-112.909782,-110.881676,-113.353226,-112.12603,-130.557114,-111.625488,-113.245712,-111.896118,-112.946495,-111.361191,-113.687317,-111.373535,-111.420937,-111.432777,-111.548843,-111.959518,-111.003288,-111.437775,-111.465302,-111.379295,-110.95977,-112.403999,-112.223251,-111.974152,-111.281403,-110.631203,-111.249397,-111.379776,-111.920845,-111.055496,-111.305267,-112.194786,-112.571503,-112.486839,-111.301781,-111.569183,-112.193794,-111.392189,-111.78054,-111.734894,-111.791954,-113.077591,-112.412842,-113.019951,-112.747856,-113.064621,-113.329079,-112.458275,-112.088005,-111.585617,-111.816109,-112.55658,-113.466637,-112.223938,-113.719864,-112.832039,-113.274979,-113.241188,-112.197357,-112.424141,-111.624931
-114.302254,-116.82431,-116.226173,-116.915329,-116.642868,-115.509674,-115.806023,-116.593773,-116.011337,-115.844574,-117.239014,-117.139809,-117.210953,-117.731087,-116.895195,-117.669937,-116.042877,-117.40963,-118.010162,-118.40921,-117.778801,-116.9627,-117.49942,-126.759689,-117.142006,-117.33284,-117.923309,-115.378258,-117.730125,-116.064789,-117.546051,-116.028687,-117.260254,-116.247086,-122.506149,-117.331505,-118.691788,-117.264038,-118.500809,-118.3255,-118.616096,-117.115509,-117.185135,-117.565865,-117.835831,-116.446243,-117.175697,-115.957268,-118.567329,-117.076599,-117.293488,-116.616684,-116.627281,-116.984917,-117.399986,-117.734512,-117.169945,-116.368286,-115.48719,-116.461746,-117.128883
-131.093918,-119.674286,-121.835373,-117.224602,-119.977058,-119.740173,-121.009865,-118.375198,-120.797295,-118.489426,-120.287773,-119.42112,-120.873398,-121.779625,-120.78717,-117.292152,-118.607483,-119.215828,-121.308395,-117.678932,-119.260185,-119.274597,-118.743729,-119.926224,-120.440567,-119.875748,-120.125267,-119.696823,-120.25248,-117.906944,-116.792236,-116.749405,-120.739044,-120.781693,-120.981636,-119.547562,-120.693733,-119.955498,-121.429741,-119.959282,-120.160461,-119.067398,-120.867546,-119.152214,-119.912575,-121.952522,-117.049255,-120.785355,-118.924973,-119.712524,-116.190971,-118.078934,-116.808708,-118.766182,-118.873146,-118.421593,-117.081795,-118.410919,-119.783791,-118.074043,-119.886665
-103.082947,-102.79213,-103.710899,-101.908333,-102.157883,-103.438042,-103.047951,-100.640862,-102.516922,-102.939774,-102.95797,-103.776497,-103.412231,-103.422142,-102.367088,-102.275688,-102.537804,-100.369919,-100.185989,-100.152351,-101.590477,-98.834496,-100.294121,-100.39418,-100.861046,-101.140511,-100.356293,-100.640144,-101.284706,-101.607178,-100.614601,-100.754883,-101.233162,-101.644775,-102.009361,-101.849197,-100.702805,-103.048943,-101.627449,-101.147308,-103.012741,-102.913673,-102.886658,-102.643166,-102.848465,-102.64608,-103.180794,-99.692368,-101.146828,-102.045464,-102.778458,-103.518913,-101.671112,-101.361282,-101.646614,-102.495323,-102.238937,-102.039177,-103.723183,-103.439873,-103.39994
-119.318649,-123.043442,-121.589127,-121.136414,-120.134789,-119.703697,-120.279099,-119.911926,-120.055946,-120.900139,-119.322777,-120.33049,-119.817764,-122.008354,-120.397156,-120.711098,-120.186646,-120.016632,-120.690239,-120.986656,-120.574013,-122.784767,-120.665924,-120.658218,-120.611092,-118.541679,-121.602562,-120.466331,-121.742302,-120.344795,-119.925201,-119.995018,-120.188805,-120.238968,-119.623528,-120.325668,-119.29055,-119.973671,-120.645584,-120.260483,-119.849304,-119.240105,-120.557213,-120.861389,-121.986198,-120.648911,-120.821175,-118.928131,-119.101791,-119.253632,-121.604988,-121.093407,-120.319893,-120.642891,-120.836472,-121.302452,-121.240944,-121.087738,-118.311401,-119.84507,-120.268402
-121.705978,-116.555168,-117.889191,-120.138901,-114.3311,-116.323311,-123.027145,-117.8703,-119.029846,-115.094315,-115.36512,-118.523033,-115.501083,-115.452354,-115.854942,-115.33358,-111.454285,-125.287811,-119.582024,-115.525177,-113.934296,-108.584198,-107.637741,-117.741852,-113.195091,-114.970772,-113.427139,-114.209816,-108.506004,-124.707634,-118.889198,-116.080948,-113.388054,-116.4142,-119.881409,-111.3218,-104.665192,-113.399437,-119.807625,-116.903183,-118.881577,-117.846733,-118.918976,-121.030487,-120.669853,-113.390038,-114.177818,-114.509575,-122.023048,-115.938087,-119.533615,-118.159241,-118.019936,-116.083275,-115.270073,-116.497185,-116.231735,-118.566673,-119.269295,-113.783783,-114.628365
-116.243866,-115.545235,-115.111198,-115.297325,-115.248695,-115.723938,-117.021233,-116.161247,-115.747505,-115.532883,-115.383682,-115.523773,-115.529808,-114.745705,-115.219597,-113.990219,-113.312439,-113.212242,-115.595695,-109.736382,-119.174629,-118.213417,-121.193031,-118.763756,-121.358406,-124.333611,-122.657616,-120.138206,-116.262222,-115.624367,-115.816078,-111.198174,-115.532486,-115.159569,-113.170151,-114.483437,-115.925827,-113.968437,-116.438637,-117.94162,-115.979401,-118.131241,-118.201248,-110.900108,-117.073036,-111.758331,-116.234604,-112.387497,-114.012863,-110.858315,-114.042305,-115.949745,-115.631905,-115.787842,-116.04158,-116.814011,-114.523575,-116.660988,-112.245934,-114.295151,-114.252106
-129.351334,-128.257095,-129.546753,-127.593018,-128.947601,-127.329041,-129.401749,-128.481415,-125.484276,-128.136536,-126.781334,-126.608131,-127.163292,-129.193146,-131.031921,-129.622726,-127.927475,-122.816406,-123.294983,-129.064316,-129.185638,-129.678436,-123.15876,-125.338387,-125.743263,-125.791374,-123.00399,-124.835968,-123.423843,-123.743942,-124.029312,-125.21991,-124.70047,-129.005432,-130.066788,-126.22142,-130.697174,-127.498421,-126.164467,-126.935295,-126.935135,-127.173561,-125.623604,-129.103928,-123.822968,-126.361946,-127.397957,-128.91301,-128.607117,-131.90741,-123.311226,-131.516602,-125.791885,-126.515373,-124.990196,-128.387375,-124.432236,-124.594742,-124.984596,-126.157654,-125.181152
-127.344833,-129.92038,-128.786621,-132.816559,-127.882713,-131.460587,-129.504684,-129.595245,-132.302124,-130.011841,-131.988647,-131.660675,-130.117462,-135.754913,-128.973083,-130.460495,-129.676422,-129.182816,-134.027786,-130.840805,-130.322464,-132.153839,-129.352249,-134.679718,-129.634949,-131.342896,-130.196487,-128.840393,-131.504211,-130.104279,-131.53772,-129.148682,-132.065857,-129.502609,-129.295593,-130.691086,-129.610245,-131.137863,-131.350845,-132.279785,-129.183319,-131.610016,-130.040649,-134.416702,-127.800842,-130.472031,-129.268372,-130.417892,-130.092545,-130.111313,-131.026627,-129.514328,-131.977692,-130.463867,-132.698792,-131.342224,-131.340973,-130.59137,-130.632141,-131.199585,-130.61055
-112.393463,-113.232056,-111.190979,-113.024971,-113.282928,-112.124146,-112.167336,-113.608162,-113.973015,-113.861763,-113.531487,-107.239639,-115.428856,-111.197281,-113.649811,-112.55336,-112.0998,-114.828789,-113.217583,-113.613297,-110.179802,-109.605553,-110.177177,-112.419182,-112.4814,-110.726135,-111.575882,-113.218704,-113.42186,-112.600922,-111.734741,-111.764694,-112.116791,-112.288506,-112.062401,-107.963776,-113.801796,-128.957718,-127.54937,-125.25473,-99.083138,-92.533478,-97.179268,-99.816162,-145.278091,-147.893417,-145.937958,-146.69812,-147.665405,-147.100052,-148.50769,-149.104538,-148.593597,-146.538605,-147.405365,-176.261429,-148.403214,-144.018387,-175.40094,-174.738434,-130.883163
-122.871269,-121.49881,-115.386932,-117.412674,-118.435577,-119.236496,-119.407127,-118.496788,-119.149048,-118.202965,-119.678795,-118.361374,-120.308563,-121.046745,-118.833603,-120.949112,-120.582336,-127.278252,-112.780159,-116.345543,-116.780762,-115.160774,-126.938286,-120.669647,-120.975616,-112.71077,-106.523621,-107.035255,-124.523026,-120.358971,-113.004044,-115.791321,-119.471222,-119.258003,-117.784607,-117.469162,-115.677956,-118.90638,-120.552933,-118.496368,-119.755157,-121.50367,-117.860352,-118.755325,-120.166687,-119.106346,-117.121269,-121.056473,-117.161758,-118.447655,-120.488251,-120.455841,-119.273148,-117.458488,-117.769363,-118.792976,-117.615311,-118.244865,-119.311646,-122.070061,-126.538109
-130.130371,-126.456024,-124.966988,-130.787231,-130.656036,-130.601593,-137.302002,-127.982063,-131.784561,-129.764618,-130.358444,-129.42955,-129.765991,-129.128082,-132.558746,-126.635094,-124.392487,-127.674477,-130.675476,-128.980087,-128.559525,-130.966553,-129.091141,-128.972183,-128.267273,-124.309471,-134.736862,-126.777153,-133.164856,-132.091599,-135.871674,-128.820419,-124.974434,-128.565735,-131.613724,-126.24366,-131.436737,-135.902817,-124.822327,-130.625656,-134.257141,-135.599472,-128.536392,-134.44339,-135.192886,-134.968964,-128.101395,-127.19371,-123.836792,-128.670853,-129.861526,-129.936951,-131.131271,-129.888199,-133.909119,-129.329056,-130.146469,-130.389908,-132.247269,-127.819054,-125.959183
-129.431885,-122.792511,-129.558243,-123.149544,-120.938156,-120.928368,-118.160103,-118.663025,-122.496002,-126.736336,-130.922165,-128.341354,-125.379501,-125.727676,-123.539589,-131.945221,-123.879486,-123.792221,-133.024582,-131.842468,-124.726822,-123.563713,-125.736794,-129.602509,-128.721008,-118.104843,-120.065659,-123.728821,-124.907021,-127.289619,-119.093597,-126.390251,-124.390694,-124.392471,-124.825508,-127.433777,-126.666199,-131.074142,-122.761299,-117.681335,-129.689728,-125.504974,-123.390617,-125.926643,-119.803558,-120.387054,-123.181725,-128.953354,-116.357285,-124.517616,-131.801987,-125.141823,-120.041351,-125.618546,-123.709015,-122.591423,-128.594391,-122.395622,-120.154152,-121.188522,-118.50721
-125.853439,-122.277023,-127.420845,-127.742447,-129.542679,-129.504761,-128.910202,-125.865295,-125.729866,-126.69944,-126.671623,-128.609207,-128.661865,-128.859344,-129.250916,-126.829987,-123.806999,-129.659058,-129.180405,-125.350746,-128.187576,-125.796829,-130.015762,-125.838669,-130.4077,-128.509567,-127.522026,-128.08931,-128.138245,-131.226883,-129.225357,-129.671448,-129.428741,-128.348724,-127.707901,-133.667892,-132.081558,-133.012115,-132.353851,-132.089996,-131.097061,-131.089966,-133.429031,-132.629684,-131.213821,-132.174576,-130.450226,-129.899063,-129.260696,-129.380768,-130.870071,-129.669159,-118.215332,-127.124275,-126.078148,-125.638092,-126.325417,-124.961075,-126.402748,-124.784904,-132.026306
-131.826996,-127.899925,-131.07634,-134.802704,-128.080734,-132.404099,-129.944214,-134.016968,-129.2341,-132.301071,-132.224701,-128.352356,-131.87973,-130.322891,-130.394867,-129.899551,-129.19487,-133.535248,-133.310684,-131.593857,-135.606964,-131.78511,-135.570953,-130.959747,-132.402664,-131.404953,-132.6026,-133.409988,-132.449875,-131.81012,-134.548279,-130.93689,-131.46843,-133.804871,-130.988907,-133.463608,-129.942871,-131.829681,-129.332809,-132.463043,-131.810043,-131.206726,-132.857422,-124.952003,-134.367371,-128.944855,-131.594284,-129.082062,-131.927887,-125.867203,-131.152863,-136.428986,-132.189651,-129.970535,-131.576965,-133.101563,-129.258606,-133.240997,-133.177917,-127.436073,-133.513702
-113.704727,-114.647858,-116.204811,-116.561836,-115.956017,-115.111664,-117.131393,-118.463058,-117.155983,-116.986633,-115.458267,-118.04467,-116.783768,-116.361633,-118.563957,-116.674301,-119.077873,-118.886223,-117.386238,-117.150902,-118.202187,-117.222778,-118.534203,-119.185898,-118.98455,-117.208832,-118.222778,-116.849556,-116.946213,-116.892517,-117.89502,-117.045578,-118.40696,-119.921661,-116.905807,-116.387695,-117.699142,-118.060272,-118.511963,-118.155128,-117.63829,-117.327133,-118.058701,-116.799744,-116.771507,-117.701729,-117.873245,-117.515015,-117.772202,-117.885597,-118.544365,-116.989273,-116.378342,-117.371376,-117.11866,-115.77758,-116.477707,-116.119789,-117.617104,-116.960533,-116.600494
-111.908096,-111.797821,-111.028198,-110.407974,-111.015045,-111.102348,-111.12291,-110.796097,-112.799377,-110.205841,-109.513214,-109.840622,-111.162949,-110.257584,-109.464653,-110.692459,-110.458832,-111.366608,-111.692772,-110.276436,-109.352608,-110.651825,-110.83606,-111.216972,-110.910995,-110.317596,-109.397766,-107.737686,-110.074249,-111.928391,-110.549789,-109.850067,-110.198547,-110.061668,-110.729256,-109.767487,-109.752556,-110.069717,-109.79303,-109.623421,-111.693085,-106.012985,-110.091637,-106.419991,-108.692757,-109.505997,-109.880356,-109.78862,-111.388824,-109.578743,-110.133705,-110.238892,-109.736221,-108.142128,-108.434692,-110.044533,-108.923775,-110.539047,-109.401443,-108.676674,-109.811302
-114.434677,-114.967941,-113.973671,-112.837326,-113.974419,-113.354309,-113.679298,-113.612236,-114.762344,-114.494308,-114.404259,-114.046959,-115.034019,-113.577812,-114.100349,-114.156143,-114.939529,-115.043335,-114.744408,-114.499313,-113.796051,-113.402596,-113.274918,-114.772003,-114.947838,-116.557068,-114.1922,-114.192497,-115.928627,-116.031448,-116.319527,-115.395866,-115.529991,-114.563591,-114.84977,-114.3834,-113.373985,-113.743271,-114.679558,-114.56263,-115.127754,-115.337578,-115.495071,-114.976059,-115.85128,-115.033035,-114.389038,-114.099968,-113.269615,-113.423965,-112.774452,-113.105614,-113.753181,-114.311905,-114.85321,-115.082649,-114.959625,-114.044701,-114.325523,-114.466003,-114.704094
-119.562569,-119.365753,-120.070175,-119.815903,-118.977608,-118.055244,-117.682373,-118.547173,-119.006432,-119.269028,-118.917976,-119.413948,-118.163406,-118.561829,-118.705536,-119.060089,-119.125015,-120.298363,-119.68441,-119.758896,-119.448715,-120.075516,-119.272797,-117.461853,-118.923988,-118.543396,-118.71859,-118.219566,-118.257294,-118.359543,-118.534409,-118.698311,-118.32486,-120.082146,-117.296738,-118.15863,-117.692177,-117.395752,-118.857986,-118.550491,-116.957443,-118.697037,-118.972443,-118.872124,-118.271103,-117.868523,-117.868233,-120.072853,-119.601295,-116.561226,-117.298965,-118.250549,-114.281425,-116.510628,-116.09446,-119.741936,-116.128517,-117.044502,-119.359619,-116.058464,-119.369499
-100.284134,-98.907318,-100.366447,-98.275887,-98.716766,-97.31839,-95.737976,-101.026932,-99.325432,-96.678329,-98.641075,-96.239326,-98.517548,-100.125519,-96.966408,-95.239716,-99.45507,-97.298164,-98.089119,-100.321968,-98.058899,-97.973076,-96.156319,-100.145714,-97.376793,-96.881538,-97.05957,-95.838799,-93.363998,-97.611992,-96.218376,-93.954155,-96.23452,-94.712624,-93.560791,-96.030144,-93.767227,-95.551987,-89.115776,-92.137177,-94.123306,-92.488281,-97.327126,-92.988121,-96.716255,-94.92907,-96.262604,-96.624893,-97.390373,-96.147179,-97.873016,-96.509682,-98.268982,-98.074615,-96.859055,-99.496422,-95.266632,-95.96199,-98.05481,-96.374809,-96.556122
-116.337929,-113.786339,-116.880714,-115.534424,-115.267876,-115.568985,-116.854675,-116.526787,-117.207169,-118.454727,-115.291298,-117.115425,-115.805283,-115.127075,-116.505966,-115.006454,-116.93145,-117.051033,-117.289307,-118.156754,-117.02626,-116.321594,-116.477867,-116.249306,-116.256554,-115.706696,-115.982361,-118.394592,-117.340904,-115.722847,-115.237846,-115.789574,-115.638878,-115.743088,-116.330444,-116.413254,-116.094612,-116.729973,-118.135925,-117.421448,-116.282974,-116.174484,-116.846039,-116.895576,-116.631027,-117.313927,-116.536919,-117.154449,-117.225662,-116.849564,-116.925911,-116.257309,-116.680573,-116.572838,-116.844978,-116.567642,-116.334518,-115.651588,-116.505363,-117.133537,-116.846741
-114.622025,-119.645271,-117.656403,-116.987061,-117.300072,-116.309288,-116.466805,-116.471321,-116.510925,-117.084167,-117.053856,-116.493484,-116.796028,-117.043213,-117.524582,-117.936005,-115.300438,-116.690613,-117.251945,-117.147743,-117.045166,-117.897247,-117.788445,-116.816368,-118.680756,-117.598129,-117.702599,-117.78141,-117.632172,-117.300499,-118.811172,-115.780037,-117.65789,-117.963463,-118.390076,-117.519798,-116.970108,-118.437668,-117.459846,-116.833382,-117.221222,-116.588188,-116.563057,-115.05323,-118.805702,-117.660675,-117.153595,-117.755318,-117.230339,-117.114319,-117.067627,-116.716446,-115.973557,-116.764381,-117.125328,-116.60994,-116.506485,-116.775879,-116.339066,-115.998894,-116.306168
-128.770096,-129.335098,-124.456474,-132.162216,-133.554871,-132.47467,-131.703812,-131.158081,-129.77066,-127.81929,-129.082764,-128.662674,-126.166191,-129.382599,-128.376419,-129.884583,-130.285629,-129.753708,-131.645248,-129.21579,-128.399475,-128.143005,-128.696503,-129.21048,-126.530113,-128.365982,-128.929031,-128.958282,-129.132462,-129.454681,-129.595917,-129.794617,-130.002396,-128.670486,-131.29126,-130.493271,-127.125778,-128.728378,-129.417419,-129.020447,-129.130905,-127.667442,-127.675919,-128.201447,-128.904221,-128.452988,-128.87999,-128.540207,-129.247299,-129.849182,-129.293533,-129.871384,-130.561752,-130.46431,-130.172745,-130.26387,-129.111938,-129.267044,-129.696793,-129.922211,-129.413986
-123.527336,-122.905785,-124.397461,-124.212921,-124.150299,-123.658569,-123.301392,-124.916977,-125.64122,-125.125748,-126.491196,-124.291321,-124.828255,-124.58667,-124.69088,-124.06044,-124.780167,-124.241196,-124.243317,-126.391296,-125.202507,-125.16423,-127.399368,-123.44812,-124.946991,-123.07946,-122.177658,-123.313477,-124.169838,-123.814392,-124.449692,-125.151115,-125.066147,-123.735451,-123.486977,-124.379578,-125.12101,-126.080444,-126.355782,-123.794899,-124.5467,-125.420578,-124.556694,-124.440704,-125.043007,-124.532753,-124.790276,-125.208282,-124.383316,-124.296875,-122.804123,-124.050156,-125.527237,-124.782501,-124.723015,-123.83551,-124.841309,-121.247604,-119.121216,-123.20417,-124.443306
-136.234497,-136.618866,-132.999695,-135.206039,-138.98494,-134.636581,-135.617401,-135.150299,-145.903152,-148.354996,-142.453659,-141.963196,-135.52562,-134.382248,-134.591446,-134.517319,-134.190796,-135.79245,-131.561508,-132.033707,-132.628433,-135.767136,-135.09166,-136.14183,-134.750366,-135.133347,-136.153732,-134.959457,-135.37352,-134.068604,-135.772018,-135.570389,-134.938965,-136.968079,-135.295898,-130.565506,-132.688034,-135.686493,-135.277725,-132.92334,-133.563049,-136.195724,-132.27066,-122.005119,-133.399765,-135.211212,-133.466049,-134.835434,-135.103928,-134.58815,-135.750839,-135.535248,-135.773392,-132.107712,-132.995865,-131.497742,-132.210571,-130.93544,-133.684113,-134.467056,-131.50676
-144.386337,-133.536362,-134.113205,-132.242584,-137.915833,-140.972015,-132.265289,-132.813736,-137.200775,-132.851349,-132.186798,-132.046982,-134.324844,-132.437408,-132.972717,-131.441971,-131.48999,-132.351593,-134.780609,-142.221954,-135.997498,-134.988113,-135.605392,-135.642441,-137.426682,-137.026123,-136.412811,-137.073349,-132.743469,-135.62001,-133.063782,-134.82608,-132.844177,-133.249969,-132.24411,-133.77063,-134.326996,-133.66246,-134.538895,-135.893387,-135.075226,-134.548965,-134.316498,-132.967773,-134.384781,-133.713226,-133.311951,-134.141129,-133.870651,-133.48143,-133.372055,-134.00296,-133.679443,-133.295303,-135.107483,-136.748352,-136.25943,-135.239639,-134.767319,-135.727234,-135.24588
-136.741745,-136.310715,-137.274307,-137.865295,-133.407318,-135.597397,-133.044693,-136.263428,-133.296005,-138.655975,-134.097031,-132.126434,-133.853973,-135.207291,-135.89444,-134.811264,-135.560532,-138.393341,-136.153793,-137.861938,-136.972702,-134.988892,-137.58432,-132.741272,-134.203308,-134.592972,-135.633896,-134.572983,-134.233154,-136.97789,-134.372269,-137.235153,-134.34375,-132.25647,-137.914581,-135.452545,-135.851791,-131.553238,-133.038818,-138.726608,-135.100479,-137.272781,-135.553665,-135.048721,-137.115448,-134.974518,-136.498978,-135.544205,-137.445313,-135.52832,-136.565903,-136.825424,-135.111038,-135.314301,-136.972183,-135.017838,-136.946121,-135.546356,-137.251404,-135.97403,-136.740875
-137.373718,-139.100143,-138.755951,-138.285706,-140.436096,-141.399338,-140.941055,-141.652344,-143.162521,-139.813614,-139.316971,-136.822739,-139.276337,-139.773972,-136.514969,-141.574142,-140.852371,-135.477417,-138.264938,-138.5952,-136.353683,-139.112411,-138.162216,-138.791016,-138.679535,-139.521179,-135.665222,-138.741928,-139.750076,-140.623535,-139.641068,-140.213379,-138.25943,-138.665314,-138.366379,-139.693634,-140.792252,-141.535706,-138.690887,-140.142136,-140.486542,-139.219788,-139.630417,-139.255173,-137.483749,-139.527557,-139.65036,-137.819641,-139.221848,-139.70314,-139.920334,-139.865662,-140.113571,-140.702515,-139.12883,-138.477219,-139.379181,-139.237961,-139.156616,-140.139816,-140.599792
-129.661636,-128.673904,-128.720932,-131.000443,-128.982895,-130.263504,-131.808151,-130.761444,-129.246002,-132.179947,-130.012604,-132.418686,-128.656265,-129.938782,-128.306671,-130.872162,-129.202087,-130.318695,-128.04361,-128.471069,-129.510086,-134.884705,-128.528442,-130.227753,-128.219025,-126.501961,-128.393082,-128.376389,-129.855957,-131.009079,-130.563965,-131.597168,-126.979858,-128.801666,-130.231995,-130.391556,-130.137405,-128.934692,-130.082077,-132.137268,-128.569427,-126.261131,-128.903091,-128.665924,-133.42894,-128.828125,-129.003998,-125.957367,-129.714127,-128.391129,-129.059967,-127.42318,-128.978363,-129.185181,-128.992477,-129.748962,-129.614197,-128.773865,-129.012695,-129.455978,-128.944061
-124.850037,-126.140724,-121.744255,-118.156212,-120.435577,-116.582382,-119.959229,-120.021927,-118.237923,-117.022537,-118.307442,-118.192612,-123.020042,-118.715385,-117.612556,-122.043327,-116.695412,-116.19384,-121.705544,-120.271599,-122.639832,-121.03315,-120.52153,-122.31369,-127.128471,-122.353302,-121.875038,-120.588959,-122.04644,-120.262459,-116.600304,-120.377029,-118.177505,-118.055023,-117.816406,-119.246376,-121.45903,-121.440796,-122.558868,-121.432907,-118.420784,-119.74614,-124.367676,-122.062408,-118.712936,-126.570374,-123.10289,-124.320984,-125.824913,-123.97718,-121.739296,-121.691559,-121.920425,-120.768944,-124.24659,-121.574623,-122.17292,-122.62632,-125.956177,-120.522308,-125.498283
-127.387016,-132.86377,-132.455429,-131.289352,-128.281708,-133.488815,-137.441406,-132.424591,-130.350861,-129.393219,-132.621323,-135.755844,-137.623245,-137.304306,-135.329285,-129.053391,-130.934296,-130.642593,-134.161972,-134.648911,-134.817871,-128.827454,-129.843719,-132.862595,-137.006836,-138.415665,-132.998657,-132.161301,-130.114334,-132.178665,-134.225098,-135.527588,-133.519608,-128.891586,-131.568756,-135.747528,-136.180069,-134.67189,-130.528488,-132.798843,-135.36705,-133.855469,-133.095261,-131.929764,-126.296494,-135.031387,-137.581879,-133.432327,-131.494873,-133.075134,-135.50087,-132.214157,-131.093903,-130.875656,-126.911873,-132.280945,-134.333069,-135.287201,-130.435379,-128.980682,-134.662201
-131.504242,-127.989647,-130.225296,-131.873093,-131.901352,-134.150558,-131.391235,-132.090744,-130.516754,-132.153824,-132.193573,-132.817459,-134.328491,-132.539871,-132.404236,-133.187927,-135.894211,-132.739243,-131.879562,-132.603317,-132.937973,-131.568481,-131.117584,-132.838882,-135.283417,-134.101425,-132.26918,-130.623245,-131.767929,-133.091522,-134.841873,-135.937744,-134.476059,-134.601685,-132.382797,-132.290985,-132.543945,-133.205719,-135.104858,-135.614594,-134.124527,-133.301407,-134.059402,-132.01886,-132.339874,-132.582764,-132.385361,-133.195221,-133.781189,-133.531845,-134.5811,-133.346085,-133.148666,-132.479904,-131.464417,-131.795242,-135.155548,-134.001358,-135.312393,-133.756119,-132.07901
-123.856659,-130.078903,-126.278549,-126.500214,-128.167191,-127.090782,-125.159546,-124.109985,-127.661263,-126.955475,-125.79718,-125.917992,-125.027649,-128.317459,-128.268112,-126.538559,-124.74733,-123.507156,-123.906586,-127.073456,-126.647858,-126.089828,-126.455971,-130.637894,-128.118759,-126.239044,-126.590958,-125.149353,-129.159103,-130.218658,-130.806274,-134.423569,-128.411194,-126.733154,-124.972191,-124.28875,-122.191666,-123.332138,-126.1819,-127.207893,-126.539627,-125.829597,-126.407585,-121.027168,-127.707672,-126.708763,-127.225525,-124.156815,-124.846626,-133.203857,-129.459244,-127.867805,-123.32576,-128.011841,-132.680099,-127.061836,-126.349525,-127.813164,-132.299316,-128.469131,-129.574524
-130.39418,-136.533997,-133.803802,-131.105667,-134.841202,-132.696014,-129.725342,-132.010025,-130.923065,-126.736031,-130.881104,-134.002396,-132.815186,-135.873413,-129.823181,-132.816727,-132.649612,-129.226685,-133.45401,-132.754898,-128.250885,-129.037796,-130.839905,-137.191589,-135.364136,-133.363159,-132.975418,-133.223877,-131.289474,-132.194382,-133.070251,-130.345612,-131.140839,-126.263893,-131.352005,-140.69368,-132.298096,-129.666382,-131.319336,-131.075272,-129.790359,-131.219604,-128.983444,-129.998962,-131.924088,-131.375671,-131.741959,-128.107269,-129.855316,-131.087372,-129.995773,-131.021133,-130.321579,-129.632904,-131.055725,-131.608765,-126.766731,-135.788727,-133.641647,-133.43013,-134.209976
-133.169266,-134.298706,-135.5336,-136.959076,-136.059799,-136.730652,-134.962921,-138.102905,-137.78952,-135.239182,-139.705734,-132.775253,-140.399155,-134.89772,-136.472366,-134.43428,-135.600922,-136.580887,-134.169144,-136.76123,-133.681503,-137.77774,-131.565674,-139.02298,-134.355621,-136.597275,-135.127579,-134.680664,-136.916046,-133.324554,-139.381577,-132.528091,-135.61705,-131.741531,-133.507111,-140.651184,-134.637848,-139.025009,-132.624786,-140.00415,-133.204147,-136.196259,-137.762024,-131.709091,-137.320847,-139.228226,-131.272705,-135.728256,-135.866852,-136.073395,-134.927429,-141.636398,-133.21875,-136.544724,-138.040878,-132.354813,-136.939072,-135.834824,-133.865051,-134.838745,-136.176666
-136.923157,-133.505722,-133.774643,-135.460587,-134.951233,-137.178177,-140.847137,-139.284576,-139.731232,-138.796585,-140.476959,-134.021957,-134.727829,-133.006577,-134.072906,-132.032791,-135.401382,-131.264954,-132.526291,-135.251114,-133.99382,-133.084625,-132.993149,-138.965256,-136.07106,-129.979782,-131.862778,-132.292633,-133.751114,-134.676697,-137.849976,-133.464584,-135.17337,-133.571793,-133.901382,-137.410492,-119.818817,-143.425644,-135.162964,-135.435837,-133.498932,-133.055084,-133.430908,-136.043564,-135.262283,-135.648224,-136.748032,-135.276047,-135.820175,-135.372696,-140.198318,-139.521957,-137.353119,-138.074142,-114.156677,-140.123947,-141.479034,-142.317383,-140.822342,-146.778915,-142.005707
-138.258575,-138.00061,-125.606567,-130.66008,-135.227722,-130.962219,-124.115547,-126.708916,-128.912048,-134.748993,-133.350723,-128.266922,-125.262314,-128.501785,-133.44725,-135.353683,-130.878967,-128.748825,-127.238609,-126.580643,-130.13028,-134.762726,-132.602264,-132.626556,-131.157562,-132.564163,-131.463989,-125.880058,-129.214783,-129.577316,-136.519958,-138.734192,-137.942307,-135.957016,-136.700806,-135.346481,-133.397278,-132.283707,-131.691971,-136.643188,-137.222733,-135.587723,-128.170395,-135.890335,-138.208023,-135.834518,-131.371933,-130.109802,-134.709412,-136.096924,-135.2995,-133.645126,-132.385849,-133.072174,-137.153381,-136.112289,-135.612015,-138.163071,-135.768433,-135.825317,-133.283951
-109.296608,-105.514542,-107.95575,-112.132156,-106.947777,-111.221481,-107.871178,-108.701225,-109.74192,-108.341118,-111.944969,-107.345985,-113.10482,-109.416809,-114.340363,-108.382484,-112.177727,-112.447357,-107.018272,-113.050171,-107.716728,-113.369232,-112.710693,-108.554634,-107.027855,-113.726013,-107.244057,-113.514877,-107.871132,-109.465355,-111.373787,-108.865936,-112.500717,-108.337372,-111.486244,-111.514748,-107.345627,-114.156212,-108.593636,-111.248268,-108.858528,-109.850555,-112.081917,-107.799118,-113.617447,-108.236877,-111.965744,-110.748222,-108.319153,-114.443604,-107.941589,-113.829056,-111.384239,-107.282722,-112.86898,-108.911018,-111.006813,-109.874855,-107.22023,-113.336685,-107.555214
-118.16539,-115.866745,-120.03846,-117.796104,-118.301529,-121.291023,-119.126274,-117.90786,-120.56012,-119.269569,-118.70414,-121.489861,-118.719536,-118.599052,-122.283485,-117.709297,-118.408669,-121.728203,-118.545296,-120.223259,-121.751198,-118.27195,-119.214439,-120.109657,-117.651474,-118.817894,-121.134567,-118.153969,-121.638077,-119.719475,-117.944817,-121.201927,-119.822762,-118.710152,-120.243034,-120.506462,-118.565948,-118.57206,-121.107506,-118.740028,-118.044113,-120.233376,-120.438889,-118.49437,-118.336868,-121.472404,-119.458191,-118.693459,-120.123116,-121.829208,-119.287872,-118.580925,-120.604698,-122.152184,-119.946442,-119.588524,-121.086769,-121.111824,-118.798737,-118.882439,-120.643173
-117.648384,-123.166641,-126.530609,-119.475693,-118.4179,-123.691734,-120.694771,-118.3573,-117.198753,-123.816498,-118.207573,-117.737999,-119.935326,-125.765938,-118.574425,-118.74807,-127.364998,-120.962532,-117.023972,-120.858093,-118.314041,-117.196388,-120.255783,-119.885315,-118.263084,-133.078247,-118.397591,-115.557182,-117.70536,-118.748512,-118.197639,-115.671028,-119.096764,-117.161026,-127.364082,-120.141571,-117.394081,-128.786575,-119.945251,-117.756134,-129.743576,-116.912666,-118.235413,-122.409027,-120.50174,-117.787476,-114.727127,-118.193367,-117.60746,-111.488647,-118.305611,-118.092224,-128.230515,-118.632698,-118.139816,-118.938515,-119.000656,-118.116074,-117.715782,-118.753998,-118.326241
-133.47345,-133.940414,-132.73793,-137.081665,-134.863403,-133.09082,-133.685303,-133.4384,-142.206696,-136.455551,-137.250778,-133.320038,-134.044647,-133.853363,-138.283905,-135.197784,-133.006271,-132.735748,-134.299393,-134.201645,-134.96904,-139.447418,-137.334824,-134.169739,-134.068665,-134.545135,-135.807373,-136.7052,-138.230911,-133.202454,-134.54631,-134.986588,-134.609772,-136.824768,-138.014496,-137.460892,-133.448593,-134.164169,-134.737259,-135.352982,-131.770126,-140.361862,-142.633743,-134.246475,-134.635178,-134.187561,-135.232986,-139.409592,-136.073868,-131.57132,-133.928024,-133.783768,-133.433533,-137.924988,-138.442078,-143.432022,-133.78775,-134.194305,-134.236069,-136.096344,-139.388733
-103.793411,-105.932655,-101.265678,-100.818314,-104.022331,-105.688652,-105.515442,-103.552933,-101.017548,-101.658745,-105.893715,-101.768341,-102.125137,-100.427551,-102.170044,-105.401161,-105.001144,-101.495354,-99.956268,-103.978661,-106.446892,-101.441826,-102.793709,-106.505363,-105.707909,-101.789253,-101.902191,-105.29911,-105.169914,-102.045555,-103.872253,-106.085594,-102.530609,-101.152969,-101.487175,-105.981003,-103.475716,-102.097031,-103.205132,-105.578743,-103.082878,-102.031303,-105.511261,-105.661102,-102.403595,-103.026268,-104.58699,-104.472343,-102.469467,-102.594139,-101.452713,-106.088676,-105.090508,-101.837738,-103.93425,-105.564629,-103.24231,-101.580658,-103.997261,-103.799217,-102.441353
-122.211662,-124.84436,-123.250694,-122.014717,-123.897133,-124.951385,-123.41571,-122.514702,-123.962891,-121.959053,-123.187614,-125.708168,-122.160843,-122.973351,-121.991821,-120.98687,-122.735962,-124.897522,-122.162468,-123.601715,-127.212585,-121.481186,-124.362732,-124.905884,-121.109734,-126.742493,-122.242836,-121.460312,-125.988663,-122.471634,-120.669006,-123.147659,-122.597008,-120.828209,-124.155411,-122.134399,-122.048615,-127.249512,-122.512199,-121.187706,-123.782631,-122.878754,-121.825554,-121.787491,-123.641441,-122.477753,-121.95639,-124.216553,-122.257111,-121.747154,-121.68515,-122.370384,-121.906586,-122.41497,-124.464188,-122.126884,-121.553215,-121.061867,-122.605721,-122.775589,-121.963249
-128.92186,-131.059296,-130.587143,-126.255447,-129.357208,-120.296555,-127.957268,-129.463272,-129.540955,-131.546219,-120.153671,-124.239021,-130.138,-130.84964,-130.026337,-126.502274,-129.879578,-129.798492,-129.69339,-128.827942,-125.193573,-130.657379,-128.690109,-126.055183,-129.718979,-131.452713,-129.344284,-128.517838,-129.858246,-128.686172,-130.016876,-131.547485,-128.748642,-129.425262,-129.906113,-129.901337,-129.332703,-130.291687,-133.753418,-128.046463,-128.765671,-134.736008,-128.726974,-128.133453,-128.371201,-133.176636,-136.861954,-130.858719,-128.542755,-128.047684,-128.753601,-131.571472,-134.160675,-129.170181,-128.624725,-128.938965,-128.506149,-130.777283,-136.316879,-129.716217,-127.423065
-129.084335,-128.886948,-122.030045,-123.760391,-124.525002,-121.382843,-119.362785,-120.110008,-123.586769,-125.686287,-124.752365,-121.678444,-120.427094,-123.51355,-120.946121,-122.037872,-127.691345,-125.942093,-118.537659,-118.86055,-119.573074,-120.262856,-121.476326,-121.189697,-119.806534,-117.511383,-117.041618,-116.966553,-117.897125,-119.816353,-120.136131,-119.196709,-117.957436,-119.66993,-118.54303,-120.386253,-125.653076,-119.008736,-118.897438,-121.214546,-113.553642,-115.377716,-120.871758,-127.067543,-125.755562,-123.093971,-119.824455,-118.529778,-122.560646,-123.772575,-120.906982,-119.856842,-118.057854,-119.372543,-116.182816,-117.992622,-117.894928,-113.836044,-119.505226,-116.869743,-123.541664
-130.465149,-129.634537,-131.316956,-130.689865,-130.210968,-130.604553,-131.570374,-129.291016,-130.286728,-131.306229,-131.480591,-131.15416,-130.193542,-132.41713,-132.98436,-131.05542,-131.726059,-132.170883,-132.42514,-132.161606,-134.180588,-131.316467,-133.595581,-128.65033,-131.511185,-131.855865,-131.603683,-129.546158,-132.491165,-131.341248,-132.317856,-131.842575,-131.204544,-133.771683,-133.957397,-132.131073,-137.198349,-132.860382,-132.985596,-130.27121,-131.010574,-132.011444,-131.868149,-132.974167,-128.96431,-135.801559,-137.375839,-133.389099,-134.841797,-134.859497,-134.111481,-133.502472,-129.2276,-135.079987,-134.202713,-133.6819,-131.34433,-144.680603,-132.026733,-132.450836,-131.838608
-125.687119,-125.1521,-124.657784,-125.600197,-123.808754,-121.735611,-122.849945,-124.404572,-124.958282,-121.673058,-125.781403,-125.731323,-125.396263,-125.096909,-125.648773,-122.954391,-127.190689,-124.668358,-125.879784,-126.260872,-123.65593,-126.230911,-134.126785,-123.838135,-126.926743,-125.221985,-126.458809,-124.506973,-125.822578,-125.38446,-139.459442,-128.893585,-121.828789,-125.889374,-126.453171,-125.21125,-124.197021,-125.211891,-127.117416,-139.460815,-113.809464,-123.392494,-125.953415,-125.840584,-124.573624,-126.267059,-126.063721,-125.851677,-131.418991,-132.447479,-107.43943,-119.195503,-123.634415,-125.900139,-123.086487,-124.475189,-124.063667,-127.305107,-136.665359,-116.6576,-121.587379
-131.495316,-130.232025,-125.677391,-130.747879,-130.787231,-130.592468,-131.403305,-130.765503,-131.445831,-131.629822,-131.498306,-132.115341,-130.907272,-130.815445,-129.796509,-131.233047,-131.676117,-131.382935,-130.242798,-134.387207,-133.531174,-131.979568,-131.24617,-131.596008,-136.317764,-131.412643,-131.315353,-131.761795,-131.368851,-130.865982,-131.412399,-132.180725,-132.269028,-132.267715,-131.839722,-130.837479,-131.168213,-132.72403,-132.486633,-129.944565,-129.562714,-130.60257,-133.750137,-132.652145,-133.355927,-132.637955,-131.139664,-132.06897,-131.710876,-132.061264,-132.423706,-132.180603,-132.567551,-137.14415,-134.446548,-134.088837,-132.551376,-131.617218,-134.940353,-133.385483,-132.06012
-133.357773,-132.255707,-128.962357,-131.011292,-132.019043,-136.599289,-131.222198,-132.74791,-130.924072,-139.493103,-140.736984,-142.290665,-142.889557,-138.347687,-133.974777,-131.815918,-132.695435,-132.081589,-134.015915,-132.080215,-133.388474,-131.873795,-129.26123,-130.785263,-130.75354,-133.01149,-133.385361,-132.030609,-132.205582,-131.869736,-131.850739,-131.763062,-132.379181,-131.008362,-130.421295,-131.114624,-132.169266,-132.047653,-131.98558,-132.545563,-132.893555,-132.375427,-131.557388,-132.860443,-132.63385,-131.528091,-132.556152,-131.861313,-130.559052,-133.740768,-133.215073,-133.598236,-131.42189,-128.917374,-140.806503,-143.874481,-135.840286,-131.871735,-132.167984,-131.900772,-131.812729
-121.857826,-122.456551,-121.997246,-121.449593,-119.650162,-120.97477,-122.329399,-119.747902,-117.823425,-121.466446,-119.80484,-119.525375,-117.899681,-119.117683,-119.864983,-119.228783,-120.261452,-122.048676,-123.361565,-118.617081,-118.139336,-119.756676,-119.435844,-119.58992,-119.741089,-119.690842,-119.153214,-118.907204,-119.858376,-120.878433,-118.83036,-117.914421,-123.381317,-118.171997,-118.647888,-118.318916,-119.92131,-119.591873,-117.929855,-121.141891,-121.51207,-119.247879,-118.38166,-118.662979,-117.383888,-117.968048,-119.290733,-118.803162,-119.271126,-118.593491,-119.635696,-119.611122,-118.379311,-118.763794,-120.610954,-117.724144,-119.732346,-119.703125,-116.001503,-117.788994,-120.593124
-126.098763,-123.347946,-124.81974,-123.861862,-123.097717,-123.097443,-120.57579,-121.815453,-122.518173,-120.287819,-121.580154,-120.314262,-121.574966,-119.012741,-120.518089,-123.070732,-121.821899,-121.750908,-121.891533,-120.77124,-119.772285,-120.783958,-122.145233,-122.477768,-121.561974,-122.926086,-122.686089,-124.209435,-123.856682,-123.76461,-124.499313,-124.015579,-121.25161,-119.410645,-118.523262,-120.107964,-119.376465,-118.889786,-119.204544,-120.422836,-119.574631,-121.977539,-121.318558,-122.822227,-122.389244,-119.972504,-120.367714,-118.668312,-119.543869,-118.309769,-119.147621,-119.01516,-119.959785,-119.978844,-121.604332,-120.643776,-120.913681,-120.401115,-120.109741,-120.488335,-118.773399
-121.773651,-123.100227,-123.196175,-123.247688,-123.267578,-123.102417,-122.281494,-122.066734,-121.776466,-121.934029,-121.103302,-121.562668,-123.509438,-122.457207,-123.597397,-123.094955,-121.2649,-122.094536,-122.523048,-122.943405,-122.563004,-122.287926,-122.682442,-121.584045,-121.534134,-122.145844,-121.983299,-124.181297,-122.568207,-122.086342,-122.741753,-121.855278,-121.834618,-120.028648,-121.139198,-121.888199,-122.513718,-122.409805,-121.143227,-120.556435,-120.696182,-121.668594,-121.680016,-121.820854,-121.822945,-120.835991,-122.136116,-121.259995,-121.381523,-120.231728,-121.474449,-122.618698,-123.494148,-121.634918,-121.678619,-121.668091,-123.162788,-121.866028,-122.312927,-121.191887,-119.861626
-132.038193,-137.499664,-130.261414,-130.544525,-128.155548,-129.856079,-132.773697,-131.167633,-129.311768,-130.597351,-131.439331,-135.420364,-132.345551,-136.516373,-134.305206,-141.455582,-138.170425,-141.502472,-130.3965,-137.362701,-132.970383,-127.999672,-136.243515,-133.745728,-133.66568,-131.766418,-131.391418,-141.783432,-130.428665,-130.75412,-138.554688,-130.910812,-126.996384,-130.144058,-131.022812,-133.36142,-132.348206,-132.211548,-125.121346,-132.45285,-133.827408,-138.150543,-132.115082,-129.58902,-136.037247,-126.353569,-129.938797,-128.532715,-137.318115,-132.633408,-131.578537,-135.437286,-134.829544,-133.779099,-144.914139,-127.070137,-134.326355,-134.299591,-129.591721,-129.401108,-128.668427
-132.468155,-133.222198,-128.987442,-131.627487,-134.715302,-133.303864,-131.707687,-131.922897,-133.690491,-131.768021,-131.701355,-130.713715,-133.17305,-131.878799,-131.816162,-132.755814,-131.186813,-132.62529,-132.882004,-130.722931,-134.044449,-131.774811,-132.12973,-131.136551,-132.652664,-132.561432,-132.029602,-130.741867,-133.693939,-131.31987,-130.870026,-131.667542,-131.289276,-133.855225,-132.295929,-131.362854,-133.163864,-133.299408,-132.389908,-133.551636,-134.659973,-133.27417,-134.834473,-132.776947,-131.484085,-136.618973,-132.488068,-131.365799,-133.172989,-134.047058,-131.365646,-133.051697,-133.445923,-131.969452,-131.377579,-132.579773,-131.395813,-132.076797,-133.265106,-131.64592,-133.133179
-127.793404,-133.692749,-127.5849,-132.313599,-131.0784,-134.742889,-130.723724,-130.738205,-132.681152,-130.414261,-131.014679,-120.443802,-141.406357,-135.389511,-137.321045,-134.59317,-130.122742,-134.641632,-128.661499,-129.746262,-131.044785,-130.568359,-129.544556,-131.815491,-129.412872,-121.878021,-131.226273,-129.043625,-130.43251,-128.088715,-129.428619,-128.341599,-127.985779,-127.97467,-125.22081,-125.238838,-130.663895,-131.290604,-126.212456,-122.192101,-129.144379,-130.026443,-129.516861,-127.969017,-128.651306,-129.723618,-128.070694,-120.508568,-134.907761,-135.830917,-124.509895,-130.214783,-130.768326,-130.302429,-132.403458,-124.63414,-120.068169,-128.920212,-129.120148,-130.617142,-136.489059
-124.709312,-127.066071,-125.799477,-124.578171,-126.276543,-125.554382,-128.619446,-124.412933,-125.93634,-124.895943,-127.186607,-127.933464,-128.423218,-129.770233,-127.03006,-126.94886,-126.874237,-129.521713,-126.807533,-128.841415,-126.808655,-125.855789,-125.578262,-125.878601,-125.205849,-126.246651,-129.821121,-127.548294,-126.141258,-128.438736,-125.80127,-128.485657,-129.299652,-129.236832,-130.473709,-130.326324,-123.605583,-133.053726,-131.252151,-128.307068,-126.87661,-129.325546,-131.255112,-133.849442,-128.559769,-130.656906,-129.727066,-131.054596,-140.719223,-130.489975,-134.503708,-131.291977,-130.155869,-129.915909,-129.251831,-130.28183,-130.158875,-129.930954,-130.438843,-130.051254,-131.264526
21.988396,-135.944962,-135.381058,-133.93689,-130.705063,-131.273895,-134.249893,-133.293091,-133.00769,-128.96402,-131.066193,-136.165833,-130.683746,-129.171234,-130.330261,-126.705765,-128.772263,-136.495148,-131.795242,-140.597092,-129.487289,-127.875305,-133.819626,-139.673218,-130.571533,-129.780334,-130.082916,-137.012695,-130.485443,-130.801788,-129.935303,-131.879532,-129.647812,-133.021988,-133.365326,-130.917816,-121.684196,-131.639832,-133.127518,-131.800964,-130.923843,-132.707214,-130.684555,-129.887894,-129.733017,-130.102722,-132.393036,-131.347412,-132.214828,-131.922165,-135.703156,-128.396576,-135.242767,-131.996841,-134.689972,-129.386536,-133.341675,-132.578979,-136.438202,-131.669022,-137.064209
-118.322945,-127.538063,-121.822777,-124.872772,-105.200287,-127.16024,-127.231743,-128.502579,-127.326569,-110.712204,-121.637558,-123.601196,-127.842537,-118.142303,-126.108055,-122.898491,-126.598839,-121.136192,-124.250854,-131.837921,-127.14064,-122.586967,-122.186882,-128.284042,-120.922966,-119.649612,-127.643448,-122.919212,-119.108856,-121.548393,-121.144104,-120.670425,-89.598946,-125.102264,-121.457443,-74.231773,-121.696938,-125.29261,-124.946457,-120.04187,-113.8563,-126.454849,-123.531319,-132.395096,-126.170959,-126.365211,-129.593933,-123.788422,-128.783325,-124.640091,-124.805824,-118.450218,-122.600929,-121.158791,-121.390251,-124.190643,-116.336304,-127.861526,-122.869408,-123.662506,-122.206429
-120.213707,-119.973412,-119.893234,-119.969788,-120.639748,-121.790756,-120.745903,-121.417831,-121.567162,-121.267838,-120.994957,-120.750549,-119.339188,-119.764763,-119.532326,-118.892677,-119.918983,-119.757133,-120.056343,-122.223557,-120.26506,-120.909264,-119.617325,-119.837364,-117.606567,-119.857323,-119.114197,-119.407173,-117.947067,-119.653687,-120.210144,-120.437195,-121.06842,-120.876564,-120.772537,-121.052757,-119.43927,-120.385857,-119.0028,-119.998817,-119.239479,-119.418129,-118.417381,-121.780716,-118.021492,-119.439804,-120.255287,-120.04821,-120.532845,-117.595589,-118.513237,-119.921143,-117.782951,-120.152222,-121.166695,-119.728012,-117.953697,-118.54026,-119.749832,-119.916428,-118.042976
-116.793297,-128.234314,-121.159714,-126.557396,-126.362953,-125.062035,-114.888908,-111.27787,-112.018021,-115.295013,-114.439552,-115.386185,-114.004166,-112.740898,-113.239059,-112.990479,-113.185173,-113.248184,-114.672089,-114.327087,-113.308372,-112.665245,-102.514076,-123.947624,-116.002884,-114.476128,-114.101082,-113.86692,-116.382843,-116.274094,-114.260689,-109.071198,-116.240326,-114.917931,-130.033066,-120.78978,-125.064697,-128.436996,-97.351967,-111.710899,-118.059532,-116.961906,-115.510712,-111.886292,-97.291397,-119.904137,-129.385071,-95.758904,-107.368362,-116.636406,-115.662796,-114.114609,-114.978477,-105.877014,-127.054962,-120.46563,-127.529808,-128.808411,-101.983002,-127.325256,-127.472984
-115.008301,-114.13456,-120.412628,-116.271759,-116.248138,-116.235657,-116.155357,-116.475586,-116.309616,-116.246819,-122.091904,-115.903847,-118.103355,-116.854866,-117.418861,-114.868622,-116.980415,-116.614227,-117.592537,-117.143593,-117.264442,-117.873566,-117.941032,-116.273247,-115.536705,-116.829048,-116.116852,-125.758881,-117.714104,-117.240623,-115.850334,-115.472,-116.621094,-117.460907,-117.418739,-117.031876,-124.588882,-117.579575,-116.904099,-116.480942,-116.554596,-120.584831,-117.237495,-117.311249,-119.194069,-118.232491,-117.779152,-118.423012,-117.027084,-116.777756,-116.655449,-116.856148,-117.38903,-117.746231,-117.427521,-122.889694,-117.4673,-116.565796,-117.359604,-118.70253,-117.504456
-117.228836,-118.625717,-118.157928,-116.147888,-116.999527,-118.336624,-117.963066,-117.514801,-116.92366,-117.175423,-118.510162,-118.015671,-117.339661,-117.145462,-117.256027,-117.071411,-118.235504,-119.311996,-117.772186,-116.99588,-117.213181,-116.267387,-116.261093,-114.967781,-116.60022,-117.395149,-117.482887,-118.447968,-117.565819,-117.645134,-116.79303,-115.975258,-115.887276,-116.206833,-115.990112,-117.327583,-116.532799,-116.508629,-119.034874,-117.269119,-116.37664,-115.376442,-115.944061,-116.467514,-116.509544,-116.251526,-116.091713,-116.024094,-116.988571,-117.289871,-116.923058,-116.566452,-116.403252,-116.892105,-117.378525,-116.787743,-117.853302,-116.914848,-116.117592,-116.069176,-115.956421
-118.873161,-124.031494,-120.500221,-110.764923,-116.337372,-106.68779,-106.537125,-129.906326,-119.573898,-111.213417,-117.652603,-108.066711,-106.467468,-90.547508,-125.346359,-108.507378,-107.623512,-135.531219,-124.715172,-125.793587,-121.74881,-124.404655,-119.536987,-127.916466,-115.039497,-120.650581,-123.157181,-129.48645,-121.011787,-117.897934,-133.258301,-124.694801,-108.861282,-132.193771,-107.116249,-116.111061,-130.694061,-114.43515,-116.768822,-121.654686,-119.066933,-121.28437,-114.840492,-116.613129,-124.854866,-118.080956,-103.461784,-108.561043,-114.739273,-132.577103,-112.952484,-107.611855,-118.120239,-115.9095,-111.693054,-131.97934,-131.067322,-129.464691,-134.057419,-101.662102,-116.003975
-116.324417,-115.67662,-116.05825,-114.36097,-118.432465,-118.863899,-120.729866,-118.498375,-120.855156,-116.961746,-115.176773,-117.144142,-126.417763,-116.694443,-117.73671,-116.000999,-123.401825,-127.375801,-121.827377,-126.665543,-116.34346,-116.763344,-117.676918,-120.655746,-117.962952,-119.96286,-117.475418,-115.239197,-123.193924,-116.312302,-116.672981,-117.384094,-117.208504,-118.942039,-120.133156,-115.483063,-118.440712,-116.318436,-118.206276,-116.204002,-120.718994,-119.486595,-113.316422,-128.375336,-117.194489,-123.823792,-116.307533,-126.678291,-120.708504,-117.446632,-125.991158,-116.993126,-117.750854,-127.839577,-118.2257,-121.434288,-115.884308,-123.671371,-115.279579,-118.165016,-114.760986
-117.455269,-119.448318,-114.436668,-129.25061,-120.444702,-126.718506,-122.870445,-116.828148,-116.441475,-126.505089,-118.098824,-124.766045,-119.948494,-119.207787,-118.835693,-118.355789,-116.775162,-116.903221,-123.581535,-102.002289,-117.768761,-102.943336,-110.738991,-115.990578,-113.964439,-115.368027,-115.710167,-113.634575,-115.523827,-114.543678,-113.708374,-118.104149,-118.284126,-117.89666,-117.751495,-119.004517,-115.952896,-120.231041,-120.85804,-120.876663,-117.208054,-118.222786,-118.293533,-119.323692,-120.876495,-119.369896,-119.278549,-120.007576,-118.327972,-118.930222,-112.090912,-107.430313,-126.025841,-117.175682,-116.932419,-118.734848,-117.31073,-118.194679,-120.801186,-112.074081,-126.901245
-130.901443,-129.233902,-130.05806,-128.595871,-131.946136,-130.295822,-129.687561,-130.839661,-128.988861,-129.995148,-136.792374,-136.251877,-135.007004,-134.077942,-139.726685,-126.484398,-132.850143,-129.124466,-127.406761,-132.186981,-132.948517,-130.39682,-129.60257,-132.773911,-133.78212,-139.438431,-137.089111,-131.630371,-138.249359,-134.089737,-132.198166,-129.296646,-131.740997,-133.120605,-131.567444,-129.726303,-131.942932,-130.526749,-131.732483,-135.070374,-139.02684,-136.679276,-130.87529,-130.697235,-135.132797,-139.195145,-137.689575,-136.118637,-135.036987,-136.729355,-132.359894,-130.91214,-128.735809,-127.953552,-129.709106,-128.783417,-129.593552,-129.935577,-130.606995,-132.570908,-131.995743
-129.306213,-130.765045,-131.325241,-128.903397,-128.221909,-127.837181,-127.503387,-128.637192,-130.325378,-129.146698,-128.571732,-128.388336,-128.507645,-128.54126,-127.475609,-132.014435,-130.840973,-132.186218,-131.696991,-130.984711,-130.193954,-130.177078,-130.474823,-131.432922,-132.796066,-134.468124,-133.456055,-132.372162,-132.250366,-130.927963,-130.203583,-129.907089,-130.023117,-128.863083,-129.642548,-132.139236,-130.619476,-130.721359,-131.056366,-130.803314,-132.113922,-132.015686,-131.462418,-130.331787,-129.954865,-129.358963,-127.909348,-129.228546,-128.343262,-127.715302,-132.53569,-131.999756,-128.205261,-127.372894,-129.634857,-131.730896,-130.085526,-130.373688,-125.71122,-129.655182,-131.375305
-136.554901,-134.84758,-136.338867,-137.154373,-142.863205,-140.932236,-136.982086,-138.093033,-142.684296,-139.884323,-144.227493,-144.920197,-145.70491,-137.81842,-142.886795,-145.954208,-142.506668,-138.769058,-138.298172,-138.264526,-137.185806,-136.091705,-137.380127,-140.625595,-138.656082,-139.241501,-134.370483,-138.760681,-139.383896,-141.268082,-141.726166,-144.496307,-140.497437,-145.912903,-136.762985,-145.875305,-143.862427,-135.507095,-137.472,-137.327576,-137.641953,-140.152084,-136.869156,-139.685974,-140.20903,-144.057953,-141.080933,-142.462494,-145.745224,-138.767624,-143.443069,-133.735153,-147.47287,-137.039063,-141.843796,-142.277695,-138.787445,-139.573456,-140.963257,-138.748886,-136.237747
-135.355148,-128.962967,-131.931961,-131.275818,-128.813354,-127.498665,-131.324478,-128.137924,-132.143433,-130.478943,-133.341919,-132.004089,-131.489227,-132.872162,-130.395233,-128.273849,-130.433502,-140.012817,-132.41861,-134.034393,-131.309723,-130.961685,-129.728607,-131.403458,-131.868439,-131.630936,-131.635971,-128.402542,-128.930878,-130.463684,-129.985046,-130.957825,-130.877884,-132.912628,-127.967957,-135.002167,-129.25293,-132.056931,-131.24263,-130.682251,-128.159103,-128.260437,-131.32515,-131.143402,-131.821793,-133.993637,-130.912735,-131.565353,-130.771072,-131.466888,-130.211075,-131.07811,-130.71138,-130.757095,-130.078781,-129.421249,-128.545914,-125.09127,-133.454605,-133.337769,-129.724274
-130.207596,-129.76535,-130.262009,-130.951263,-130.727371,-129.249039,-131.073349,-129.669281,-128.796249,-130.37587,-129.81694,-128.642578,-129.36058,-130.046265,-130.811157,-129.996399,-130.609894,-130.135834,-128.580414,-128.824417,-131.548889,-130.227631,-128.684311,-129.356186,-129.312943,-130.738815,-128.652695,-130.720978,-131.709305,-129.590347,-128.656754,-129.906036,-128.95755,-130.458923,-129.230621,-131.410156,-130.897385,-132.057312,-131.786743,-130.592911,-131.777252,-128.679871,-128.423111,-128.251312,-129.673523,-130.815781,-129.887314,-130.310196,-130.108688,-130.095886,-128.384918,-127.407043,-133.126328,-131.714142,-129.154587,-129.355881,-130.687851,-129.62059,-130.083374,-130.96489,-130.539276
-133.36142,-137.41069,-132.715591,-133.889114,-132.933105,-133.088364,-135.062332,-133.773407,-135.313843,-131.210129,-134.644333,-131.834229,-133.38826,-132.834885,-133.417999,-133.260864,-132.414413,-133.240204,-132.879501,-133.00882,-131.122467,-131.325211,-133.098618,-132.418579,-131.519699,-130.240509,-132.049423,-130.221481,-130.547409,-131.173447,-135.882416,-134.541107,-131.873138,-132.22168,-130.033249,-130.789001,-130.189713,-134.192108,-132.783981,-130.983353,-130.764221,-130.712296,-130.041611,-131.090485,-134.044159,-131.05159,-130.153732,-129.221603,-131.647552,-129.293823,-130.418625,-133.22319,-130.076904,-133.495071,-131.19722,-129.563736,-131.747513,-134.797699,-131.197449,-128.39566,-134.266556
-137.186371,-129.539627,-142.651672,-133.942566,-134.140121,-136.674225,-139.048401,-143.955612,-138.420197,-138.117554,-146.690842,-140.598999,-139.080887,-137.432663,-136.248901,-139.855927,-137.960083,-136.516785,-136.573914,-138.137772,-139.941391,-140.235458,-138.343842,-137.798355,-137.585602,-138.924225,-136.880981,-141.803238,-138.053925,-136.796417,-135.905014,-136.080887,-134.839828,-134.586243,-139.515915,-139.550888,-136.503891,-133.910645,-132.643524,-129.763458,-135.134949,-133.652908,-135.72348,-138.411697,-138.338455,-137.292328,-137.107849,-137.828262,-137.679962,-137.450729,-134.957382,-133.849579,-139.203171,-146.018127,-137.526535,-135.547348,-135.687286,-134.028351,-138.521164,-142.344803,-142.411774
-133.019623,-130.841553,-133.177612,-131.0625,-133.121643,-129.523575,-132.23877,-130.614807,-127.794083,-130.282227,-128.980301,-130.392242,-130.626465,-128.498688,-131.405579,-130.951904,-127.522476,-126.708984,-126.892937,-131.015762,-130.445648,-129.550598,-126.060188,-132.894531,-124.958611,-127.091133,-132.315125,-130.373337,-129.558334,-132.932175,-127.845802,-125.971924,-127.853699,-127.699844,-131.799545,-129.176682,-130.727325,-125.848534,-130.458557,-128.550476,-130.433502,-131.620667,-129.197968,-129.105469,-129.59668,-130.935883,-128.875046,-131.326324,-129.678802,-130.366013,-124.063957,-127.450508,-131.501511,-133.326981,-132.336502,-125.639557,-132.105164,-126.408974,-132.063141,-130.685211,-133.172775
-113.77784,-113.678787,-111.085762,-105.256218,-110.106407,-113.089241,-112.825424,-115.351593,-113.290512,-113.527626,-116.107887,-115.147316,-114.781151,-116.683662,-110.604851,-116.739243,-116.312576,-114.960106,-117.557846,-116.30558,-118.861656,-105.800423,-114.342262,-115.094086,-108.176971,-116.113365,-119.082123,-117.065567,-117.405869,-114.063072,-120.619766,-128.850037,-115.528389,-126.2146,-106.402893,-113.492775,-113.862373,-114.795807,-126.206161,-112.815834,-122.890144,-112.154922,-114.048515,-116.773056,-115.347183,-109.657829,-109.261818,-115.868256,-115.913773,-115.836472,-116.152725,-133.956345,-116.546173,-116.745819,-116.444237,-114.272476,-116.58297,-115.48645,-110.247383,-117.774483,-115.330452
-124.431175,-125.504875,-127.880745,-125.260468,-126.367302,-126.545952,-125.311813,-125.168777,-125.793846,-124.131584,-128.77388,-125.043732,-124.970047,-124.522163,-123.220383,-122.836243,-122.743019,-122.936714,-124.668251,-126.826767,-127.064606,-124.838074,-123.179909,-125.026711,-123.861069,-122.887451,-122.827583,-123.352997,-123.418732,-123.22506,-122.966614,-123.930969,-124.437592,-123.48056,-124.028313,-123.46344,-124.139343,-124.150017,-124.325333,-123.942375,-123.306595,-124.610985,-124.265991,-123.022758,-123.33255,-123.187149,-122.462791,-123.559418,-123.570595,-123.457787,-123.917694,-123.949905,-124.985115,-124.541435,-124.26152,-120.98661,-123.892899,-124.307686,-124.435776,-124.138077,-123.309631
-119.924248,-120.954575,-123.145607,-128.992889,-125.625305,-122.151611,-120.894791,-121.033302,-121.370224,-121.194656,-121.79554,-121.160332,-121.074883,-121.504944,-121.369987,-123.505791,-123.023193,-121.830139,-121.861351,-121.712608,-121.89447,-121.437172,-122.582649,-122.866318,-122.970741,-123.521202,-122.083824,-122.498665,-126.746208,-123.045105,-123.758835,-126.57592,-128.291946,-124.858864,-124.672852,-123.793106,-124.218559,-124.781631,-127.114983,-124.210464,-126.020653,-126.490868,-126.174301,-127.426865,-127.02417,-127.663788,-127.793129,-127.035919,-127.722466,-126.714767,-127.217346,-123.763206,-127.234558,-130.348892,-127.145882,-128.288345,-128.876953,-125.377289,-127.437454,-125.36528,-124.905991
-116.714439,-116.33606,-115.266632,-115.886703,-113.832726,-116.049324,-116.454437,-113.992149,-115.445702,-115.30172,-114.521072,-114.678223,-114.767464,-113.909515,-114.875626,-113.887077,-115.134659,-116.894127,-115.146896,-117.132813,-116.485626,-115.753632,-115.89827,-112.942627,-116.017487,-116.674644,-116.436378,-115.45723,-115.170464,-114.92086,-116.905167,-115.512039,-115.550026,-115.978867,-116.042686,-115.602646,-116.369896,-114.17469,-115.261765,-115.426071,-115.828453,-117.029228,-116.608116,-115.388916,-116.596725,-115.494797,-116.044167,-116.136917,-115.615349,-114.31572,-115.556244,-117.143852,-117.009789,-115.939842,-115.915741,-114.738365,-115.942406,-115.847084,-114.406502,-115.223366,-114.549362
-118.348518,-118.348259,-115.331131,-115.366142,-115.662018,-115.926155,-116.428879,-114.360161,-115.969002,-116.601303,-115.386169,-114.46048,-115.288666,-115.669067,-115.398735,-115.225143,-116.411575,-117.209846,-115.918991,-115.572563,-114.799324,-114.616409,-117.039375,-115.024208,-113.859039,-115.497833,-116.48587,-115.539116,-115.295372,-116.986649,-115.712013,-114.588219,-115.282089,-115.876144,-115.979088,-116.052895,-115.091652,-116.475502,-115.867935,-114.800949,-114.791962,-115.417908,-115.080299,-115.439034,-115.500755,-115.732803,-115.1577,-114.970894,-111.083725,-113.905602,-115.926277,-114.843719,-116.859894,-115.346596,-115.963867,-117.129616,-116.969612,-115.986259,-117.70475,-116.256119,-116.00988
-129.458939,-129.442245,-128.347244,-127.963539,-127.247711,-127.51757,-128.035019,-127.267487,-127.407097,-126.931229,-127.452576,-127.133949,-127.511398,-127.014992,-127.177711,-127.706955,-126.614166,-126.797775,-128.559021,-128.171722,-127.90062,-127.639244,-127.773102,-127.569237,-128.119736,-126.437988,-127.846336,-127.659584,-127.384216,-127.63047,-127.194504,-127.470978,-128.084747,-128.096695,-128.193329,-127.758018,-127.695732,-128.095352,-128.012451,-127.710999,-127.639137,-127.870224,-128.01741,-128.046112,-127.35598,-128.15213,-127.608055,-128.053238,-126.332901,-127.924362,-128.019379,-127.898857,-128.198395,-127.179367,-127.793633,-126.806313,-127.607155,-127.947678,-128.141327,-128.155365,-124.517563
-137.763992,-137.382324,-137.476639,-137.779953,-137.600052,-137.814331,-138.015076,-137.341278,-137.215973,-137.320129,-137.451981,-137.213715,-136.934158,-137.329376,-137.573624,-137.860855,-136.247406,-136.05722,-136.373764,-137.015228,-136.804886,-136.556458,-135.987869,-135.646896,-134.815598,-136.607269,-137.169189,-137.167938,-136.270691,-135.670883,-136.395294,-136.159927,-136.253738,-135.898727,-137.676071,-136.08432,-135.529541,-137.857407,-136.392563,-136.332169,-139.832565,-137.842804,-136.134613,-136.335617,-136.000717,-136.504456,-135.915833,-136.227707,-135.706848,-136.011078,-137.180908,-135.637772,-136.549957,-136.11496,-136.159439,-136.084091,-136.771042,-135.775284,-136.145157,-135.339096,-135.896957
-141.960785,-143.800247,-141.647858,-145.009506,-144.188629,-143.702805,-144.659592,-144.573898,-145.118088,-144.57338,-142.251999,-142.492447,-143.9552,-142.434052,-142.567673,-142.689835,-137.436035,-142.756851,-141.712387,-141.310455,-140.717529,-141.797256,-142.045807,-142.419495,-141.161362,-140.509827,-141.675003,-140.540024,-139.80246,-140.084961,-142.077087,-140.285797,-142.492355,-142.784698,-140.53923,-141.396194,-141.396271,-141.932968,-142.940887,-142.851547,-143.543488,-143.636307,-141.417282,-142.525696,-138.218826,-137.421417,-142.475174,-142.041122,-142.037323,-140.897003,-142.580841,-142.195572,-143.602768,-141.465683,-142.362,-141.460709,-139.400131,-135.394882,-143.116684,-142.395477,-141.935471
-128.516571,-127.489006,-126.907333,-124.019356,-127.614777,-129.334641,-125.889374,-124.743202,-126.177444,-127.846268,-125.911598,-126.722466,-116.534462,-120.628792,-114.65213,-126.292999,-127.460732,-124.802437,-126.056633,-125.985367,-125.002861,-126.841438,-128.611496,-124.628349,-115.839874,-127.383987,-125.973007,-127.06208,-127.788002,-126.669777,-123.526428,-122.670311,-129.011566,-126.390411,-127.651649,-126.214508,-125.342728,-128.412186,-126.454605,-127.470291,-127.040329,-128.392975,-127.302887,-126.538696,-127.006142,-121.378723,-124.791832,-125.741478,-123.645714,-115.629356,-127.609192,-128.343857,-128.992905,-127.517136,-128.280441,-128.06218,-126.90744,-128.45105,-127.449211,-127.206726,-126.992592
-130.029526,-130.075348,-129.049622,-132.151001,-128.173523,-127.383888,-129.772186,-129.218323,-127.789688,-130.357147,-128.934204,-122.608635,-129.623245,-118.258018,-122.593742,-129.77002,-129.186737,-132.014694,-127.306229,-135.753159,-124.722893,-127.397987,-129.148346,-123.55883,-128.965118,-128.603745,-129.441895,-128.400833,-126.724983,-128.933517,-126.698341,-127.304893,-127.917229,-125.542358,-123.857918,-123.49646,-128.350067,-129.024536,-126.098351,-127.063011,-128.550003,-128.455994,-129.30777,-129.791321,-122.953789,-125.971992,-123.836388,-132.53537,-124.934052,-125.11908,-126.47274,-124.953041,-131.025238,-125.931221,-128.778976,-128.568497,-124.314865,-129.518417,-128.743973,-128.468613,-127.422646
-133.337555,-133.32988,-130.316956,-132.872543,-130.659439,-127.923943,-131.63504,-131.239166,-131.848083,-130.608017,-130.957443,-131.031128,-129.066238,-133.781189,-132.650452,-132.396881,-132.929214,-130.977402,-127.045425,-131.510193,-130.129608,-130.239731,-130.86911,-129.147079,-126.986687,-130.885666,-132.955658,-131.139877,-131.185776,-131.345413,-130.744904,-126.069458,-127.7528,-126.150047,-128.293884,-131.752838,-129.072845,-130.955658,-130.907745,-130.198441,-129.399323,-129.863892,-129.850327,-127.684006,-129.526749,-130.012436,-129.723892,-129.499664,-130.283066,-129.651672,-130.303879,-128.453323,-130.380585,-129.624924,-129.025375,-130.94841,-126.738762,-127.355965,-129.834946,-129.2108,-128.694794
-130.421448,-129.00412,-127.397034,-127.035103,-130.99971,-126.592583,-127.427757,-128.678177,-128.619781,-129.325241,-126.47979,-124.013657,-123.570297,-124.15432,-124.993774,-126.050217,-126.716759,-126.2631,-126.323158,-128.769836,-125.530327,-125.926338,-126.976646,-128.293213,-128.348251,-133.729935,-123.390549,-125.471626,-129.94519,-128.058121,-130.111786,-122.524345,-122.419533,-130.293304,-121.518234,-123.161674,-125.484787,-127.439323,-125.278046,-117.371376,-122.665558,-124.225693,-130.093018,-124.505455,-124.837776,-122.973244,-126.323746,-127.050163,-125.49865,-124.976341,-131.354309,-121.821739,-124.051918,-124.640434,-125.007683,-126.355782,-125.672287,-128.570999,-127.134079,-129.139511,-128.9478
-127.310654,-132.422272,-125.480988,-126.941811,-130.937531,-122.986176,-122.229828,-128.072983,-119.841217,-117.590508,-118.293152,-120.049126,-121.893814,-126.785316,-127.256767,-127.004349,-126.764252,-126.47538,-125.083717,-128.76445,-127.554138,-125.503609,-129.362183,-124.948051,-126.259003,-125.545547,-125.780586,-121.247551,-120.896935,-118.99366,-121.587685,-123.683197,-123.385986,-125.947327,-122.600327,-126.326607,-120.885635,-116.529984,-125.202698,-128.799301,-125.65181,-126.212418,-122.00322,-123.958168,-123.810905,-129.492264,-126.085487,-124.839439,-126.619362,-126.58786,-126.116806,-122.327621,-114.281967,-118.977402,-125.752022,-127.033012,-127.481728,-134.573532,-125.530479,-127.114578,-125.356857
-128.669174,-126.850494,-126.982559,-126.214806,-127.693779,-127.345467,-127.985725,-126.712181,-121.496498,-125.310135,-124.577896,-123.796715,-120.610748,-126.988861,-123.417694,-123.653694,-121.448753,-119.366707,-123.974365,-124.150452,-124.789795,-116.392845,-123.708649,-120.282364,-121.486229,-123.781303,-127.713066,-125.459686,-125.842834,-126.061417,-123.478386,-126.3592,-119.844879,-121.472542,-126.520256,-118.187752,-124.253052,-124.330177,-125.939056,-119.147095,-123.411919,-122.503448,-127.089401,-126.606003,-126.616081,-125.750534,-128.460526,-119.940102,-125.200211,-125.627274,-127.156593,-128.015411,-121.753311,-128.512558,-127.935249,-128.916321,-121.589333,-119.915215,-126.982918,-125.299713,-133.796539
-126.951241,-126.911736,-125.143181,-127.383743,-125.753922,-127.180557,-127.981392,-126.277428,-125.227913,-119.547707,-123.767563,-125.39109,-122.746384,-121.10006,-122.927994,-121.4188,-120.592453,-122.375572,-125.534286,-120.567146,-127.032898,-128.97496,-124.437538,-121.5755,-121.109459,-126.135849,-123.871933,-123.026421,-126.569611,-127.627838,-124.922073,-125.266312,-122.290672,-123.860565,-124.754936,-125.5811,-126.224777,-121.271812,-128.050201,-124.420792,-124.076935,-124.762405,-123.616974,-125.559044,-123.5,-125.050987,-124.640793,-124.6381,-126.725746,-125.264275,-129.319412,-126.663971,-124.686523,-126.223717,-123.23745,-125.568047,-120.374367,-127.363686,-123.845306,-128.063171,-121.173965
-140.822281,-139.679703,-139.628296,-139.520828,-136.572571,-134.08902,-135.819443,-142.758575,-138.327194,-139.070236,-139.874176,-139.999634,-137.67041,-135.377396,-135.808929,-135.358734,-136.399246,-136.592743,-136.516266,-139.923416,-139.988037,-138.706512,-137.802917,-138.828339,-138.477859,-138.495987,-133.864853,-136.857208,-137.198578,-136.598724,-140.817413,-138.80899,-139.541916,-139.199829,-136.169083,-135.800507,-137.147507,-137.845169,-140.388626,-136.836502,-136.831299,-138.990784,-134.539017,-138.631393,-138.918365,-139.95723,-139.333466,-142.999985,-138.142044,-139.075424,-129.2789,-137.667816,-136.077164,-146.208191,-138.344299,-137.513,-138.142914,-136.203598,-140.577255,-139.13089,-139.543121
-129.242096,-127.21376,-124.527679,-123.221382,-122.759987,-117.281654,-120.827072,-119.798813,-118.383186,-115.790382,-120.388817,-119.541687,-117.661156,-119.398582,-122.539398,-122.443298,-116.994751,-121.103699,-122.385971,-120.483498,-119.036896,-120.376854,-123.939484,-119.576561,-123.812248,-124.083664,-125.73243,-118.907478,-120.287964,-120.947449,-119.433334,-119.205597,-109.338135,-117.325905,-120.367401,-117.95726,-119.960609,-121.951843,-122.041222,-121.496391,-121.942001,-122.242508,-117.293068,-117.277695,-119.523041,-117.864952,-124.363487,-123.012802,-123.219604,-124.464546,-124.614059,-123.576294,-121.932838,-116.762207,-124.495598,-124.674461,-122.3965,-121.792465,-117.854958,-117.691124,-122.353035
-124.388428,-123.727715,-124.052834,-120.657082,-113.272209,-120.086212,-121.283508,-118.038589,-120.849083,-123.980652,-113.097153,-122.639954,-122.344177,-126.31424,-122.02655,-119.013603,-125.453812,-124.275551,-128.11882,-121.882088,-118.584557,-118.323006,-123.260208,-125.83606,-119.881607,-123.609093,-124.539757,-120.893677,-119.967094,-122.363029,-126.714981,-125.088249,-119.327766,-118.145981,-122.452217,-124.680855,-120.186958,-123.521088,-117.949692,-121.786263,-123.284164,-126.778664,-126.757477,-126.185516,-123.196617,-119.01461,-122.543114,-121.889328,-125.842697,-123.855896,-119.996864,-117.729637,-119.325645,-121.4478,-120.343948,-121.970825,-123.592422,-120.583084,-124.742599,-133.26593,-127.0597
-134.646866,-140.249771,-132.037048,-129.822876,-135.67688,-132.461884,-131.384842,-131.511581,-130.795471,-131.862976,-131.514618,-136.467484,-129.481918,-134.899796,-133.113174,-133.546524,-133.703293,-132.436188,-134.866943,-130.647186,-132.144073,-132.54686,-131.384338,-129.213379,-129.122681,-128.000702,-131.91568,-133.491684,-130.789383,-131.516068,-130.328156,-131.308136,-131.216248,-131.572495,-131.915176,-128.715439,-135.941422,-132.43338,-133.925705,-132.639465,-131.703354,-133.062134,-132.473206,-132.945114,-131.921738,-133.117691,-134.836075,-132.029068,-132.455231,-131.535431,-134.767456,-131.2742,-132.224106,-132.091278,-135.371338,-131.066284,-133.173233,-132.54567,-130.501328,-132.927734,-135.572189
-123.799118,-146.269577,-138.042953,-139.826004,-141.056229,-139.215149,-141.441757,-140.329971,-136.277924,-139.250046,-138.384506,-142.083359,-141.868073,-141.158188,-142.719437,-141.297882,-138.16124,-142.843643,-143.025757,-141.429703,-142.90596,-142.291992,-141.816284,-143.943787,-144.966339,-143.049332,-141.820221,-142.399338,-144.031357,-142.114578,-143.901779,-142.40715,-144.246094,-144.436508,-145.124817,-144.14032,-144.62915,-143.364395,-144.987335,-144.319702,-141.8284,-143.505142,-143.635818,-144.67038,-143.601074,-146.126373,-143.979248,-145.687485,-143.560379,-146.341339,-145.142944,-143.629547,-145.771713,-144.602722,-145.840942,-143.75737,-145.715607,-145.566406,-145.84465,-145.090485,-146.164307
-144.712631,-144.097595,-140.770828,-140.481781,-142.547043,-141.362701,-140.657593,-142.835907,-142.888626,-140.203293,-140.263672,-142.047256,-141.47789,-140.312912,-142.389191,-141.677811,-142.164154,-143.225906,-142.057541,-143.168304,-142.828522,-139.096786,-141.879547,-142.573807,-141.752106,-141.422134,-143.923309,-141.38797,-141.58226,-143.90239,-142.240051,-141.628326,-143.514572,-141.943634,-143.202835,-142.750259,-142.619492,-141.479462,-143.666748,-143.652039,-139.443329,-143.622955,-143.803284,-142.507126,-144.032822,-144.005798,-142.507187,-140.121613,-143.737534,-142.116577,-136.729645,-144.030136,-143.433395,-140.007446,-144.030243,-143.95816,-141.043442,-143.482986,-143.636078,-142.08815,-139.464493
-99.19426,-107.989349,-105.488174,-106.884071,-103.06958,-104.816238,-107.352547,-104.957306,-105.274635,-109.000801,-106.1717,-104.167076,-104.597855,-103.093147,-101.862267,-103.789871,-103.07695,-104.863297,-104.888611,-103.196335,-104.9739,-102.666512,-103.635284,-101.950523,-99.903084,-99.391403,-103.866936,-102.864197,-102.594795,-101.9627,-102.931763,-100.809814,-103.940582,-103.073303,-105.227486,-103.149757,-104.196404,-104.902565,-103.522156,-105.733643,-102.873322,-104.056259,-105.117149,-106.971703,-107.000938,-106.707443,-108.406425,-106.023827,-107.821045,-106.696571,-104.144386,-106.419434,-107.762085,-107.071724,-106.869843,-103.568901,-106.207016,-106.990837,-105.284851,-107.790321,-104.007919
-134.405838,-134.684998,-131.945435,-130.609467,-130.199783,-130.419357,-129.391861,-131.405121,-131.344147,-130.418686,-127.987228,-129.816635,-127.975685,-126.362885,-129.422073,-127.715088,-125.567322,-128.329376,-128.542969,-128.652267,-124.661011,-127.562843,-128.287781,-125.760681,-124.158043,-125.569153,-124.284294,-125.536148,-128.06633,-127.774948,-128.144958,-125.552254,-126.508148,-128.493469,-127.421677,-123.905342,-125.91555,-125.380951,-128.222626,-128.723541,-124.229736,-124.167458,-130.386948,-131.054779,-125.40036,-127.117989,-129.090912,-129.228653,-125.440048,-124.925827,-129.138397,-128.867126,-126.709724,-123.896454,-127.331581,-129.362015,-129.859253,-124.940323,-126.672417,-125.199158,-131.897873
-130.335434,-122.990578,-129.118851,-111.448509,-127.954132,-125.557487,-125.597374,-126.56897,-128.458221,-127.395287,-127.228561,-126.018524,-127.774643,-128.596298,-131.332382,-131.179352,-128.344467,-129.307465,-132.905273,-134.522675,-130.406769,-129.637436,-131.761581,-135.263351,-132.337082,-127.046303,-130.783203,-133.761887,-130.902756,-128.001511,-128.114487,-135.146011,-132.588699,-130.557999,-130.288696,-132.653488,-134.87735,-133.038681,-130.169968,-132.190552,-132.81369,-132.614975,-131.084503,-131.503403,-130.888382,-133.034439,-130.219513,-131.462189,-134.31041,-136.072922,-133.028107,-132.150955,-132.312622,-132.407379,-134.057297,-130.763062,-132.281815,-133.517197,-134.669754,-136.848526,-139.570633
-134.548508,-128.81488,-133.0811,-135.336227,-128.294174,-131.579727,-132.340805,-131.482742,-133.694473,-131.888657,-132.273056,-130.080551,-133.850037,-132.264252,-136.926651,-126.140251,-130.905289,-131.591385,-127.307762,-135.39093,-131.279358,-130.354218,-132.112,-130.19165,-130.904449,-135.201279,-128.956833,-131.147705,-129.913391,-128.493271,-132.497345,-128.198105,-129.122559,-133.867035,-127.690773,-128.432663,-132.925705,-126.471703,-131.022537,-129.038788,-128.439865,-133.689819,-130.873291,-129.090851,-133.980637,-129.398071,-129.0336,-134.195358,-128.241333,-128.849854,-130.887726,-131.131882,-128.870255,-130.393768,-127.027367,-135.407059,-128.172836,-128.230759,-135.07132,-127.991829,-130.246841
-120.481194,-117.8834,-122.519798,-113.399521,-121.031403,-113.341064,-115.674583,-122.632767,-114.359451,-122.589684,-114.695313,-115.34848,-119.772682,-113.861496,-117.841827,-117.117409,-115.765434,-122.321968,-114.245239,-114.246628,-123.816261,-113.763847,-116.614891,-118.204323,-114.792625,-124.539474,-112.528252,-116.171791,-121.077179,-114.327438,-117.586792,-119.032303,-113.088211,-114.712402,-122.432716,-113.708237,-115.094589,-118.547508,-122.039352,-113.954338,-115.176949,-120.946411,-115.899048,-115.256989,-115.515968,-115.804878,-122.1175,-114.485741,-114.367424,-116.059723,-120.212738,-112.835678,-114.359932,-117.25602,-121.979515,-116.987671,-113.847885,-116.301674,-121.436516,-113.905556,-114.420113
-120.726517,-120.023338,-119.896202,-121.700829,-119.934601,-120.36351,-119.711487,-118.650047,-118.430588,-119.751671,-119.440941,-118.632317,-118.435974,-119.791847,-120.015465,-118.686371,-118.723526,-120.394424,-119.558868,-119.066414,-119.218399,-118.946449,-119.192703,-118.546936,-118.599159,-119.343666,-119.546234,-119.424683,-119.318993,-119.28495,-119.521317,-119.487686,-119.371368,-119.279007,-119.281784,-119.713737,-119.38768,-118.847984,-118.854927,-119.724533,-119.183128,-118.321579,-119.142677,-119.437691,-118.852531,-118.772186,-119.110931,-118.917976,-119.57402,-118.805565,-119.273735,-118.978279,-118.631126,-120.267532,-118.696091,-118.522278,-119.316017,-118.7369,-118.388817,-118.713089,-119.354248
-121.352966,-132.572525,-125.801216,-128.533585,-127.183495,-127.388641,-125.366264,-125.404297,-124.9543,-125.048988,-125.078125,-126.066483,-124.300316,-125.021584,-125.67659,-127.324142,-122.559616,-126.105934,-124.144684,-125.782417,-129.239426,-127.304581,-125.296806,-127.151527,-126.820671,-128.543884,-124.353714,-128.964508,-129.248291,-123.340721,-125.072952,-128.403976,-124.133347,-125.913719,-131.422928,-130.190247,-124.410042,-127.69976,-128.241837,-129.662704,-125.209183,-126.392487,-126.982643,-129.798157,-127.355614,-127.429268,-126.129295,-131.79715,-124.836311,-125.414253,-128.489105,-127.294006,-126.344856,-125.060913,-128.571136,-126.977097,-131.003799,-126.285736,-125.833954,-129.971161,-131.695755
-109.913383,-109.350677,-108.758774,-108.19973,-109.434891,-109.511314,-108.253693,-108.957764,-108.657173,-106.965622,-109.841599,-108.957245,-108.551826,-105.721832,-109.713142,-109.608513,-110.339172,-109.842255,-109.156784,-109.320885,-108.843025,-109.252769,-109.588379,-108.755501,-110.168579,-108.881836,-109.248337,-105.793831,-115.554741,-107.552139,-113.315872,-109.191589,-108.34787,-108.172615,-108.123108,-108.305466,-109.457603,-107.006844,-107.999611,-108.81778,-102.449707,-106.971069,-106.662422,-105.487633,-107.998772,-108.504486,-102.153557,-107.938919,-107.953102,-110.352516,-107.96595,-107.599777,-106.239059,-109.663589,-108.041023,-105.452461,-110.310829,-106.955994,-106.927811,-108.761986,-107.750992
-118.774216,-117.748596,-117.207603,-124.370041,-118.470551,-117.227074,-116.949059,-116.204536,-117.251671,-117.276222,-113.794441,-117.334923,-116.979584,-116.940369,-117.850159,-118.622002,-119.473808,-119.5476,-118.058113,-117.451347,-117.702003,-117.788994,-118.295082,-119.508423,-118.968361,-118.746651,-117.530792,-117.562225,-118.46981,-118.313553,-119.174316,-118.846222,-116.972099,-117.636169,-117.620995,-118.5037,-118.317238,-116.994514,-117.052559,-117.080917,-117.460419,-117.401634,-116.830811,-118.817574,-117.773476,-117.224968,-116.767998,-117.039406,-117.841202,-118.528648,-117.762054,-117.153687,-116.987839,-116.377548,-117.813293,-117.373772,-116.750786,-117.485031,-116.420059,-117.998634,-116.380852
-124.860207,-125.005875,-124.1968,-121.91053,-122.013748,-123.544762,-124.165276,-125.196182,-124.863838,-124.670395,-125.249718,-123.761597,-123.154228,-122.600357,-123.020996,-123.398529,-122.35807,-122.595764,-123.867302,-124.08197,-124.115425,-123.825211,-123.54377,-123.115524,-124.188835,-122.334785,-121.426147,-122.323334,-121.840919,-122.154068,-123.639618,-124.079308,-124.899765,-123.620308,-124.825562,-123.96804,-123.296188,-122.34053,-121.409889,-122.874573,-123.723335,-125.25798,-124.513725,-125.276573,-124.997612,-124.919395,-124.692863,-125.036736,-123.884468,-124.497414,-125.350708,-124.424858,-124.958572,-124.510963,-124.877251,-124.198631,-124.501358,-124.576843,-124.052086,-124.004189,-123.945015
-126.298752,-131.411453,-123.216454,-131.592789,-124.4702,-129.033447,-125.81057,-132.882172,-129.765671,-131.202957,-128.089615,-133.327835,-129.703537,-130.385544,-130.08316,-122.964348,-130.424896,-125.635925,-130.708435,-129.812805,-129.077194,-131.78241,-127.429581,-127.631454,-128.400131,-126.042603,-128.560287,-126.50116,-131.277817,-125.206467,-131.770538,-125.805977,-131.514771,-122.163086,-131.54657,-121.760811,-132.851913,-120.974396,-132.317429,-123.726601,-130.606888,-127.611923,-131.767929,-129.49704,-127.5774,-132.175171,-125.172234,-131.693649,-123.557526,-131.717712,-122.906265,-131.836334,-126.113365,-131.787537,-125.515556,-130.542374,-126.096382,-128.45636,-127.772934,-131.122635,-126.692116
-123.554382,-115.43132,-115.124107,-121.192284,-113.776451,-110.544525,-111.20578,-113.039986,-113.590996,-114.572075,-112.915222,-110.305664,-115.250931,-112.29493,-111.320946,-113.23835,-116.257072,-111.730766,-114.777679,-114.501389,-115.261986,-113.437889,-112.706825,-109.985184,-113.924271,-116.772659,-117.036346,-112.576408,-113.484482,-121.231117,-122.097267,-115.110107,-116.335487,-117.956383,-120.913582,-117.173355,-114.65538,-115.793411,-115.473785,-117.777939,-110.8936,-111.062065,-115.868599,-120.865967,-112.625282,-112.478668,-116.416176,-117.998268,-107.689987,-114.57386,-122.277214,-120.085846,-120.140556,-119.344864,-112.730354,-117.328018,-114.295761,-112.240768,-117.2183,-117.279129,-110.720779
-121.736092,-121.209251,-117.937462,-117.56385,-118.876892,-120.485069,-106.449043,-115.340996,-115.847237,-116.221268,-114.631599,-115.944786,-115.642723,-115.709229,-116.347549,-114.556213,-116.469162,-116.771973,-116.008507,-116.367462,-115.322708,-114.089569,-115.1213,-114.43615,-114.354454,-115.815994,-115.194107,-117.390083,-117.425026,-118.807655,-117.98159,-115.250984,-116.016266,-116.490707,-110.558517,-116.792778,-116.650558,-114.832474,-114.171242,-116.323135,-118.173859,-117.180901,-116.328644,-116.316879,-120.436661,-115.472328,-110.451591,-115.54985,-117.160179,-119.819412,-120.047859,-119.193001,-118.408287,-117.0149,-104.981903,-116.325981,-116.35688,-118.944794,-120.495644,-120.32486,-105.794693
-122.926468,-124.137245,-124.786942,-127.857384,-142.500473,-133.681564,-132.229309,-131.61879,-130.857407,-132.673096,-135.189819,-122.781082,-125.673485,-138.42572,-130.011307,-130.533325,-109.765961,-122.576942,-123.074821,-126.859566,-131.58078,-125.083061,-129.421356,-123.654869,-126.007896,-126.129639,-123.141891,-117.788635,-123.0103,-122.919106,-121.839577,-118.923332,-115.668869,-116.600349,-120.652985,-120.335678,-122.529999,-122.293488,-121.718834,-120.687668,-121.230789,-118.122055,-120.183029,-121.290237,-120.119461,-122.172836,-122.534073,-121.033615,-121.572044,-120.57486,-117.092941,-118.605934,-118.069016,-121.682457,-120.222382,-121.195084,-121.878372,-123.378479,-122.193954,-120.807266,-119.344444
-122.182716,-117.96566,-116.806221,-116.058411,-118.154388,-118.825745,-118.341454,-119.609138,-119.893547,-120.289841,-120.648582,-121.083382,-122.456001,-121.012581,-119.313995,-121.753273,-119.297974,-121.457092,-121.747864,-121.736145,-119.53212,-117.260254,-119.961281,-119.838211,-117.648987,-118.56282,-114.299553,-116.692963,-115.68338,-117.485268,-114.595947,-117.980644,-115.581459,-115.760216,-119.196075,-117.36731,-120.136223,-120.59079,-120.441849,-120.339561,-124.778038,-125.705818,-125.782036,-126.69944,-126.709351,-122.862686,-121.584717,-126.447838,-123.695137,-122.564468,-120.627113,-122.201263,-120.972626,-121.176147,-122.889122,-122.322159,-122.035072,-123.778053,-122.07618,-121.925583,-122.931686
-127.925621,-126.695625,-124.500664,-124.615616,-124.192482,-124.892677,-124.956657,-126.65818,-126.760391,-126.285797,-124.296547,-125.083527,-124.103638,-124.607811,-130.231293,-130.67453,-127.294266,-122.781586,-124.488602,-124.43586,-124.944786,-124.086357,-124.303177,-124.537109,-125.204285,-124.785507,-129.123276,-128.87999,-127.437439,-123.428116,-123.709251,-123.312744,-124.245186,-125.29467,-124.82193,-124.405739,-126.571327,-129.179779,-128.098785,-126.222801,-123.591553,-123.450218,-124.693016,-124.606323,-125.247612,-126.379593,-126.848389,-125.321297,-124.434235,-127.190811,-128.265945,-128.31044,-128.376831,-127.643326,-123.314819,-123.314079,-123.984734,-123.001846,-122.742668,-123.386696,-125.997772
-130.734283,-127.262367,-124.633972,-122.571175,-117.178276,-123.949821,-125.944916,-126.001266,-124.171227,-121.969589,-118.341049,-123.691193,-125.91555,-126.091042,-125.081787,-119.171776,-118.672356,-124.479874,-124.620926,-124.591393,-125.728836,-122.49865,-119.053902,-123.981621,-124.722412,-125.897316,-125.744629,-123.834869,-123.014359,-120.14666,-124.733391,-126.99823,-127.925797,-126.464058,-124.310837,-121.295731,-116.714394,-123.761597,-123.389908,-125.394447,-126.810745,-127.423508,-124.395981,-121.974258,-120.308182,-124.480759,-124.83477,-127.118294,-125.131004,-120.051285,-125.956871,-126.544456,-127.023476,-125.286179,-122.529129,-114.864532,-123.058685,-124.259354,-126.958618,-126.381584,-123.561378
-126.307465,-129.471695,-126.982002,-144.335449,-125.956917,-126.190819,-124.862732,-123.779518,-122.05484,-122.494865,-126.990852,-123.765144,-143.868027,-126.090622,-123.487923,-142.294937,-125.492996,-122.734116,-127.660133,-122.538185,-123.281662,-139.134766,-144.390991,-124.195847,-127.091049,-127.950127,-125.047203,-123.802071,-132.576294,-121.167076,-125.266487,-124.042656,-133.338242,-128.494522,-126.904114,-125.669304,-133.972488,-126.467194,-122.547951,-133.897629,-125.591537,-122.934036,-135.664246,-125.967087,-125.245674,-127.716591,-124.929024,-126.596817,-123.323845,-123.902939,-132.076126,-126.607979,-123.862396,-128.39801,-125.52993,-125.906807,-124.641716,-124.231003,-131.55986,-125.44413,-128.340775
