77.079796,80.112572,54.875004,47.030479,44.008339,57.506901,54.920586,42.596432,55.004551,60.926208,49.738335,47.841881,37.245449,49.302002,36.750771,55.526951,41.936398,45.915825,57.681152,37.739334,46.467709,55.12606,44.537403,37.130356,35.475605,48.63192,54.686218,38.691261,44.537544,34.727318,55.777916,36.136139,38.334473,56.84853,47.443199,82.665184,40.869606,59.219059,57.624443,50.742126,66.478951,41.10503,36.884964,51.889702,34.422176,46.756882,51.448177,41.827953,34.602314,33.24231,40.374203,44.061337,33.790047,38.041096,30.284994,34.336792,55.769035,50.121456,46.001247,35.828182,52.791542
74.821381,98.192482,98.445885,94.863884,86.694298,87.462448,93.459496,75.78479,86.431847,63.68185,75.280701,48.872925,54.614441,78.610611,81.462341,98.111557,69.098282,51.296726,39.823898,60.127174,74.940887,68.430168,72.272659,76.360779,51.946743,75.446175,57.45166,64.236626,69.849625,56.066818,69.295822,79.472298,81.986107,89.720703,92.328239,83.887688,69.610489,63.283897,62.6931,68.177681,81.355583,81.324417,90.269203,86.728531,71.604767,64.088966,57.657303,82.74617,80.007477,82.440155,86.485252,52.640446,46.421806,48.614414,58.402981,88.363548,87.512619,89.423576,72.517227,72.057159,83.963821
49.543087,67.541451,87.544655,68.86087,61.187424,75.490761,49.325054,81.785965,75.172668,77.256233,87.114304,80.366493,89.018318,74.175125,81.869209,70.922844,64.239143,75.693306,77.22361,81.358536,65.29261,73.244865,86.13401,85.800629,78.487839,74.655449,66.733521,80.692322,140.650146,75.719551,82.36554,77.588608,74.957771,74.051491,53.298489,76.663292,59.750271,73.272018,59.731247,65.201691,73.912834,50.166229,60.899734,72.896133,58.072399,71.839417,62.157986,90.1035,62.966537,70.575447,67.765121,66.551392,84.692635,70.927719,69.839287,81.203499,95.308006,77.368179,85.20726,73.286263,83.932335
138.075256,96.126106,135.419418,104.303749,126.098801,99.119545,113.41481,104.957718,146.220413,102.33783,131.067978,140.629562,130.735443,140.168884,110.245979,152.800079,133.432938,142.976471,136.366364,109.188049,140.197372,121.602104,123.404564,136.47821,119.537369,128.589371,131.593674,113.505135,137.845795,103.783653,138.086334,116.204521,149.405014,116.348366,143.63916,164.997971,112.000587,139.576614,136.813766,131.001328,116.802605,137.661514,127.293701,125.067146,151.020721,133.720047,134.366882,147.978989,147.267944,132.282913,135.817551,143.637009,130.834167,140.727982,123.337166,176.59227,132.063324,129.741821,155.385818,124.287163,142.699799
142.775192,127.436165,108.386726,127.332687,129.799759,94.621277,112.421646,133.313873,114.055962,115.670158,132.492676,107.469055,121.421104,121.888084,109.532516,123.548561,147.99086,119.528122,152.613693,121.843964,152.322632,109.422714,120.902328,98.831627,116.745773,122.700676,74.126549,114.472275,100.177773,83.657822,116.552155,86.287865,143.235504,88.74205,109.568085,120.504921,82.306175,109.870895,107.273506,78.255951,112.036949,77.834602,125.083305,121.438004,112.197197,95.417511,117.101822,114.299316,99.57959,113.711197,115.776955,89.49308,121.807449,87.050407,101.64798,128.686981,101.532516,94.085747,124.559563,124.080101,73.054153
126.182213,128.075272,139.643967,87.211685,140.850784,107.196121,103.860016,113.527344,93.078621,126.910439,124.247688,106.821373,91.80397,91.393417,115.056244,110.538315,83.803696,93.476845,128.555206,103.197243,95.48217,113.738899,107.316689,88.783913,115.222847,95.397232,91.178268,91.228271,107.973305,127.544456,90.129883,129.617966,96.951759,125.613464,110.544724,139.183487,129.127426,89.096031,135.881012,105.828918,108.289452,98.471161,102.16346,94.026436,123.847939,111.407097,133.064606,73.119934,126.045517,112.250366,104.493896,109.339561,122.902451,95.341309,113.682945,96.997124,107.424759,127.441277,103.124924,115.828674,108.624245
88.060944,36.700241,105.171326,75.023933,94.96804,105.667259,96.05764,95.051048,67.269043,87.950119,108.020737,87.645393,101.305908,121.886665,76.525131,91.191826,105.617432,87.821167,108.684898,92.760056,81.848366,106.323616,66.313362,72.644661,114.310364,107.232491,91.118935,99.105209,120.453148,110.439209,108.223984,66.480537,105.655838,80.82209,103.349747,75.467529,107.296867,90.724861,108.512268,75.284912,94.885902,95.515152,93.426262,83.873787,93.471504,94.3395,71.985443,101.09024,101.737473,106.012566,74.602646,96.722473,105.890549,79.444031,86.139168,86.862717,104.77121,55.727585,99.174736,75.318489,99.180725
45.938946,63.494793,118.706001,100.878052,143.008148,98.225105,124.651405,109.3274,110.289856,85.562141,105.840813,100.891052,68.884544,108.837959,102.303711,71.176186,106.007156,121.080551,67.317673,112.233902,66.187317,100.021889,72.708405,98.52739,103.782959,90.718552,94.381577,90.31411,102.220825,68.972481,102.307541,83.738312,104.002701,82.772285,58.694164,91.743004,87.222702,57.859509,99.79509,85.281036,61.312328,99.779343,90.220581,119.507492,90.135773,74.919228,97.421814,84.563286,88.750114,95.140854,85.081551,76.858879,100.417801,72.623253,121.024246,79.204163,91.374916,109.832771,77.306313,91.911003,67.162621
84.671036,77.014824,106.471268,98.785889,102.243622,115.733635,89.540047,108.915466,92.894638,116.555496,100.172501,101.657921,116.665085,87.288834,112.382156,80.747276,80.988182,84.924278,95.759125,95.309013,112.301163,81.372864,123.414925,84.383919,112.968483,92.495384,115.86692,87.254295,89.046341,77.950134,88.721466,117.345383,91.144356,94.5774,120.620201,96.965134,112.477661,84.108086,122.527435,92.010437,85.830452,123.047882,91.350349,97.146515,89.615395,118.504395,130.244461,88.622818,115.577484,119.965446,107.686874,127.840271,97.80072,116.132195,122.383812,100.367126,107.185196,126.191177,100.383705,113.593536,112.869621
36.211887,59.107059,102.108406,134.321548,114.127975,106.210335,104.99836,110.597679,96.603607,131.101471,95.774139,116.38961,96.041405,117.467087,76.579025,93.12764,129.669235,89.944534,112.710403,118.818611,103.909073,112.827599,91.733185,99.567421,117.008041,111.081398,80.876732,105.029686,124.478912,93.559471,100.089241,119.386314,90.444374,117.884842,114.997643,114.839279,123.604622,122.260452,112.068909,122.480484,118.253265,93.145882,118.047729,118.32795,86.54451,91.321915,119.288246,90.138611,110.645363,122.667099,106.590202,109.10743,110.320107,102.766632,115.204895,126.066536,116.151123,113.876213,101.729027,110.005478,101.515945
123.540092,109.594742,64.891975,125.159119,117.8368,88.006363,88.523811,61.849865,107.248482,91.325424,75.699814,79.310966,76.267242,72.478195,60.677509,53.959549,67.649925,76.852776,66.09269,68.899872,103.602196,71.836662,95.207802,98.722733,116.787796,102.363373,96.637024,112.443382,116.54393,116.563217,110.841255,115.787346,115.909225,118.305542,120.69873,122.04248,121.243385,121.514626,86.036377,80.25457,90.05217,81.239792,67.671593,67.975189,73.641487,81.803879,91.167168,109.912788,116.243484,114.654358,112.126076,87.351074,96.1968,116.456581,133.788483,112.281677,117.970932,134.610306,90.04995,104.024864,115.449173
69.989616,106.090591,94.648117,110.324806,115.510262,90.020737,108.158417,61.811745,121.716675,114.078445,65.481445,111.920654,123.060036,90.306374,64.934586,123.544327,125.16684,96.320381,36.721668,77.47612,117.797256,66.859764,33.813892,65.208267,122.959404,130.553482,95.119507,69.650131,75.474899,115.604507,126.421204,81.262962,59.000153,97.802383,117.878769,108.021309,68.610832,21.890711,28.169579,54.792908,76.020905,99.88842,119.296753,95.565681,39.253983,33.226967,76.110245,93.304428,116.189049,108.451248,61.002045,28.93782,120.997543,80.64608,29.339699,110.529045,115.843628,73.91584,56.410706,43.43853,103.644951
139.051468,112.19149,125.062637,139.115051,115.251572,98.412056,135.655426,122.660309,120.239922,121.145645,108.722504,137.416946,110.71534,105.907425,122.202469,110.076187,95.168472,130.694427,134.697968,128.568573,121.567558,111.642593,117.281372,134.051971,114.63298,112.274208,107.048683,102.844658,117.705963,137.095245,132.057571,133.074173,135.260468,132.686981,135.113052,124.257095,106.813568,119.697151,137.242477,133.223907,131.762054,128.117493,133.567917,136.884705,124.573143,118.164078,122.66523,125.474564,136.855728,128.000137,138.56601,133.94252,132.22966,130.721619,126.871391,134.136002,132.977631,131.919327,135.207565,132.428162,128.235275
87.883736,105.602196,119.312012,113.063934,120.263336,124.786369,106.496933,121.629852,110.359718,116.36438,121.337639,114.810143,110.263519,128.054703,123.566742,109.97525,104.792221,108.178566,132.385712,126.234367,126.128143,123.660385,131.626617,130.081955,129.815826,127.420761,118.120941,132.714294,130.72879,128.243378,140.471451,125.649078,139.555954,128.323608,124.122063,130.165771,139.855072,124.782951,134.236374,141.933929,129.251175,131.163742,129.445068,119.355782,142.584152,125.622482,136.137863,127.094154,130.313293,113.106125,132.98822,133.548935,131.361237,137.347153,128.556839,135.200409,131.454132,134.162155,124.916412,141.327347,131.182999
120.358345,96.290962,110.702415,84.545143,98.475891,86.597351,92.032303,89.163925,97.400726,101.079903,103.486282,96.020737,109.447044,93.428513,102.706352,79.841003,96.063606,78.216743,85.595314,83.540565,101.263069,71.994156,94.05101,76.989288,87.569969,82.517845,85.960632,102.03598,83.912361,101.051071,75.073456,96.904694,79.662399,96.632072,78.27034,102.732368,75.716171,104.695244,74.097359,89.993057,89.209518,81.032791,106.472427,79.233681,82.539955,94.248245,75.797607,115.149124,97.221291,88.817032,87.070084,91.661003,74.969398,97.428856,89.390053,102.615334,86.860176,93.993561,95.734016,113.408859,82.820259
63.656139,103.99173,89.346909,95.536858,84.341377,87.187294,121.09137,68.100563,121.047211,84.940704,76.636391,97.235664,99.615097,114.418282,67.960434,113.151924,64.026123,105.458595,64.173798,120.429703,71.477859,113.302528,82.855553,97.796257,120.470963,64.039101,103.176277,88.300415,88.775963,109.109901,94.649452,121.098534,75.599319,114.782791,77.241432,110.646751,80.580803,119.999634,74.341782,116.984314,78.765701,123.841209,82.464043,106.581398,103.444412,79.921089,109.536522,77.203117,119.917305,83.871704,110.117058,100.062889,99.98156,122.402893,84.637611,125.064087,91.123215,128.692062,101.546722,120.977966,108.65593
56.668804,63.491795,53.209698,59.889694,60.161495,59.632332,62.748226,54.964115,64.488396,55.245525,57.356823,57.795906,55.494305,55.258137,69.971672,66.457024,66.196587,64.241608,75.967873,53.444176,71.739693,46.514969,63.855106,54.991661,98.495148,67.023972,54.036366,58.439548,62.171844,52.829098,62.409584,57.244877,64.649673,52.844479,65.414513,59.741199,77.885208,80.42292,148.461517,150.557648,127.064949,126.270157,116.148827,118.752838,101.834435,116.39946,107.306297,122.269707,118.265884,106.322044,124.988762,104.912521,128.9888,108.728317,119.723969,99.232903,124.541313,111.396362,105.735001,111.29702,111.111877
150.376678,107.070564,127.574821,126.075333,130.435333,101.141861,131.68634,86.528343,98.090919,132.820282,93.157043,82.188911,150.763931,90.136604,106.493202,144.934647,76.632408,74.343491,110.363335,120.516884,140.069641,103.314545,110.45903,134.727081,119.623062,144.116669,110.642578,70.3405,74.892082,113.165123,93.942711,120.195457,155.149887,119.351547,137.226883,102.498604,93.895493,134.089981,78.095444,114.613213,85.340805,108.476311,75.808418,124.894875,111.001122,80.985222,98.697159,138.192581,98.123917,93.114807,120.619614,86.779739,72.484772,132.381393,82.069359,112.268059,86.035629,63.97802,57.006969,113.303391,95.238937
84.570229,130.149857,124.446434,75.853577,116.667969,118.619789,95.77787,86.105453,105.533722,103.501846,83.054039,111.748306,122.760208,107.065582,90.505569,122.017891,117.557869,89.324272,127.809929,100.528893,78.339203,133.068375,113.174026,68.831566,84.731323,115.589302,112.94445,96.355011,78.52166,121.023468,110.732506,43.334957,119.962112,89.143814,110.855598,120.565559,130.931885,74.452545,80.988594,127.892357,112.280807,100.230453,121.791374,128.540848,94.801804,99.84272,138.073563,107.044327,149.891739,115.727722,117.847443,123.745476,138.487839,107.782043,106.695122,83.240364,135.34108,135.365158,149.389587,111.016129,115.538513
144.145157,126.432716,96.151947,120.339737,124.549309,115.198357,115.990379,125.636139,104.790741,112.783943,128.761063,140.366806,133.147568,130.074417,106.91729,143.81955,119.753288,96.349731,127.343376,138.602005,118.468292,99.082237,106.926384,111.520248,125.623299,113.025902,118.076187,131.47229,107.140091,100.451851,91.25296,108.21431,97.178032,99.742943,100.639877,134.278488,128.904282,125.681236,102.517189,120.809723,120.54818,108.795486,123.554123,104.588348,106.689995,91.72876,90.817482,100.737755,108.739662,110.320648,120.462341,90.539429,111.798828,95.525818,74.899529,108.436798,130.905792,120.132507,85.231033,110.573524,107.328522
128.845322,78.666618,144.590607,113.792145,104.041733,57.114689,108.58905,78.171005,135.095566,117.764801,92.159439,46.878006,115.329277,122.85479,138.064102,150.227707,124.270851,116.465889,120.054031,60.921204,113.885124,129.195221,111.326538,101.704079,105.643562,52.117645,70.295204,107.989265,126.443085,133.072693,133.335831,136.637909,120.856003,117.750252,119.184196,126.153625,96.63353,83.917297,115.500961,88.042732,125.282982,95.764885,122.279129,117.369766,73.861427,77.44783,110.416794,86.819885,64.244003,87.992462,105.679771,57.623711,48.513878,54.951668,116.731293,77.89035,96.403008,135.185715,128.714661,119.126755,107.432869
88.042526,78.605431,115.96936,112.618355,61.454437,71.361832,72.302979,110.617264,60.091942,132.918335,73.064674,76.916275,113.611961,83.716988,70.811546,91.55127,117.342079,135.417053,89.350449,95.065453,119.502029,97.153755,95.497787,130.429611,94.227066,56.323139,109.000427,118.393791,96.28495,89.627579,75.754829,67.981003,126.408119,120.566307,84.518883,115.037979,102.776718,106.66861,121.675751,132.223312,84.035492,53.589687,119.861916,63.454109,57.951897,71.180649,73.061089,85.014809,101.707481,100.953438,103.618988,133.026505,131.713409,112.774323,45.149044,76.565041,133.169174,77.220947,66.057564,103.884697,67.90258
54.965225,56.384518,84.606514,91.805946,81.084282,58.332611,50.585411,83.473145,89.575584,51.995312,41.242397,51.395588,84.518318,86.631195,59.450138,92.68248,45.14613,76.12027,54.469025,58.110649,91.283463,68.915527,58.669216,86.418282,79.194695,36.11591,58.312012,96.825554,53.842945,45.884056,90.832916,76.415787,59.772839,74.155334,97.265442,82.038277,48.855839,46.372013,73.190773,77.050209,61.909233,69.5065,88.278122,70.123497,62.180016,69.116966,76.686638,54.42165,57.59465,68.008713,81.779305,70.434006,57.260807,80.720711,90.11837,55.726444,51.51366,69.808815,72.993019,89.185028,61.032707
53.189831,76.585487,81.915756,69.718201,67.419701,77.8237,80.63102,55.723541,77.407333,69.782173,73.08033,63.846745,59.083195,69.183479,78.598053,62.503136,68.784271,88.147705,60.715855,62.592693,78.267387,59.421131,65.179573,59.680447,69.433228,60.941872,77.934662,80.984955,60.277344,69.138168,73.925346,73.26635,73.663185,69.770538,74.700455,79.8825,65.50296,75.592384,72.53093,82.953865,94.022461,89.927666,82.650528,78.668449,74.378914,69.808769,73.05484,83.240486,64.293205,70.623482,78.869102,77.385338,62.210205,80.874214,80.022446,66.60775,63.503109,72.516258,74.166687,68.71907,94.404282
44.035542,39.700489,101.678741,136.186371,74.960365,93.215218,105.033043,73.995422,134.788696,77.569077,116.097725,79.794121,119.463455,80.491135,103.242035,108.607391,85.978958,118.268402,73.722534,120.057129,83.713425,104.67881,87.315338,94.565544,112.78949,87.664413,115.391365,88.05027,94.267815,102.119514,79.976372,116.05751,64.475197,121.019043,74.439911,134.212433,74.178802,123.692078,76.318428,106.086845,106.747917,103.376854,87.773163,111.218559,112.563538,104.106209,92.395149,96.301308,94.646896,78.976402,96.240479,122.846611,88.219353,114.531822,100.432716,72.665535,108.300545,129.115204,104.24559,71.494873,92.062675
122.063652,101.472977,96.248558,131.816971,98.282845,93.480354,133.27153,89.269279,112.627434,112.359322,69.104736,129.922424,76.656593,115.541382,121.896324,73.862,135.627365,80.651741,113.485275,113.730385,63.176086,102.221634,119.200981,67.668098,117.761276,82.585548,107.325325,119.478958,71.333214,125.175415,106.154198,100.838989,131.073959,82.295586,120.096092,85.754158,130.906647,104.903198,100.291115,122.815857,84.366959,135.697861,94.510078,90.043625,136.667877,76.425957,132.812317,95.877449,98.231873,122.08667,86.636047,118.542336,66.129051,107.998894,80.292442,113.313026,90.310585,93.269653,106.100723,98.893127,124.246689
108.944511,126.221313,104.078842,91.759811,117.43647,106.524986,96.724075,125.8339,92.209251,100.733002,136.21167,87.869995,112.798744,117.811394,90.486145,124.524879,85.371216,109.479195,110.913498,94.305634,128.14064,94.707657,99.394394,125.050522,88.388908,101.334053,127.761642,106.925949,80.241074,91.968994,111.333138,126.549812,92.06076,90.281418,122.14399,105.465324,75.701439,87.406593,130.358856,102.194557,63.652611,106.85527,110.551514,67.058258,97.52459,126.438225,67.416389,80.615822,125.911736,87.848694,89.720596,124.019585,106.595383,62.527542,99.62355,122.638741,76.653542,76.059433,99.876053,132.002121,81.660271
98.46386,99.394943,95.090263,102.330818,107.871132,108.186089,105.756966,114.17379,121.14518,101.758232,107.135994,97.323067,111.171135,112.861626,92.950912,108.65332,99.716301,89.025307,95.952881,95.097206,105.969353,98.583763,101.036995,94.522903,112.947914,94.610214,88.908043,94.795929,107.796066,97.712776,102.822426,94.727547,105.016144,100.367348,94.115898,110.380066,96.494583,91.275253,100.187469,104.56723,112.534714,109.834785,101.588333,111.854599,100.32666,96.219284,95.581978,93.058479,99.368706,103.116959,106.92231,110.22065,97.73938,103.445709,103.330467,103.982513,103.943352,101.004303,91.098221,109.099045,108.594322
63.616364,73.584892,73.389038,96.164787,96.724678,67.815376,77.113945,92.262726,90.776947,72.602135,81.540199,99.030602,93.357338,87.301651,79.547966,94.717537,77.584717,72.888214,73.771423,90.864326,97.660522,87.008865,71.551109,68.350685,79.718903,88.979179,93.101303,76.892128,77.932007,72.960159,83.312057,80.037888,81.431976,74.417458,70.849136,89.033974,87.315933,79.720505,71.314453,80.080025,77.681114,70.667435,79.132126,96.855461,82.547943,92.241234,93.907364,88.529167,95.026825,97.707863,93.559731,94.079346,96.102188,62.65181,72.027046,62.397694,63.806843,62.089092,50.060432,83.293755,90.497368
97.723526,110.513901,95.824295,81.957275,76.054581,78.381004,59.611618,66.104294,117.256813,111.685219,99.210426,92.592842,109.365089,100.964333,101.029961,101.407608,101.424156,86.942558,81.702728,92.027832,96.869301,81.077393,89.989174,99.814865,82.0345,103.755188,91.02211,93.362518,87.436806,93.351013,88.457008,72.273193,67.756279,69.067039,75.98111,101.706451,97.927048,122.522766,83.726059,97.871727,98.12558,114.494438,110.16375,93.115776,84.333458,96.775551,111.315674,114.138306,92.457016,93.665039,71.435814,93.560837,107.425797,104.491852,111.780441,104.852036,85.292747,73.866325,85.997543,103.976105,103.465904
71.510307,111.621307,121.732506,97.410789,88.621902,89.984413,91.608124,111.066154,94.272507,85.145256,84.251236,109.3936,79.837051,101.042297,106.060455,76.376503,94.607666,115.189171,81.138779,83.801849,109.56736,80.011223,76.391075,101.575287,89.38121,104.459488,107.253113,90.786606,100.371468,118.178749,98.94455,80.576698,94.424187,112.443748,88.856834,84.303581,84.730156,97.027176,81.892326,102.78981,103.780685,104.891136,98.817909,119.88504,98.83535,82.457222,101.324936,68.310104,82.372742,105.989159,60.489639,103.723839,94.096794,113.239861,107.330368,100.7631,113.289452,86.601067,97.383102,88.456398,77.611664
81.599815,93.137001,158.669693,172.440903,72.707291,75.706268,72.79628,91.103661,93.117462,93.284035,99.676636,88.521156,78.851669,89.496964,89.121254,88.23365,77.02005,77.184189,86.32045,81.913383,74.356888,78.855316,79.996674,79.086952,89.3946,79.756096,76.065102,89.120552,92.799088,84.843529,94.842751,93.865616,74.354073,72.166199,70.748222,81.047714,85.074074,71.78717,70.470139,84.626389,75.569359,70.479576,71.310791,83.566856,74.420334,74.334633,53.531654,71.803146,71.714455,66.237503,63.140797,65.975479,66.585098,76.193848,73.924515,65.421394,69.717384,71.058205,74.365761,94.034676,77.412796
58.906734,64.652939,78.83181,59.673962,65.291267,79.345451,64.594551,49.784466,57.264767,56.729904,76.705147,82.244789,78.921364,85.273727,81.469948,76.964485,73.64267,68.500969,61.508709,59.347752,71.238907,74.321159,89.564056,78.960304,76.464256,72.369415,69.238441,70.129402,66.7938,63.846348,56.256817,60.455242,60.968231,59.312763,61.802742,71.195419,88.072929,79.062492,73.061958,67.285423,70.764244,71.629318,72.333054,67.744408,61.966339,65.58139,67.846107,77.130165,69.424362,69.111923,72.564667,73.223251,79.579773,79.020599,77.658028,81.2313,71.067245,70.029259,72.449745,68.732254,69.140457
114.95726,108.944,122.187294,108.784676,98.113937,101.480667,99.544006,117.65696,96.288719,125.931549,98.837128,112.702003,106.663826,99.090721,115.048515,94.403938,111.894135,111.882088,102.522034,121.088615,108.570236,110.957039,116.402092,97.461502,100.837341,107.049477,107.397591,107.514671,101.13475,108.069138,106.838928,113.401146,117.177017,101.569862,113.225143,114.122002,121.300545,109.257164,98.20771,121.749489,104.057251,120.082092,102.624741,104.528496,119.380028,97.345497,113.889137,97.623405,118.951752,109.566422,102.886398,112.429367,106.393105,109.688377,118.783455,91.612953,113.081833,95.807854,121.004288,101.349609,118.283485
108.402542,81.782349,92.239265,96.577461,102.995415,114.912781,111.008087,107.132675,111.924866,100.142426,111.134819,94.394325,97.902039,110.940521,96.93161,107.220634,116.969315,99.50692,88.270638,74.415054,91.973915,85.133049,89.168175,81.713089,87.395508,90.540215,105.080566,113.083786,98.064186,87.667534,84.396973,84.487877,88.32579,84.217018,88.043205,114.502983,104.849365,120.102676,108.249268,122.789619,112.15905,107.741982,101.517532,92.296089,93.151649,116.053368,114.541954,93.67215,86.187798,85.895271,79.853844,84.347443,89.732513,94.333946,90.803284,100.227898,111.710762,96.284546,96.997559,100.370789,106.904137
70.045036,38.350822,77.71106,53.587845,81.460869,55.306339,94.05735,58.806282,110.645004,66.727097,84.281326,64.539185,50.488995,77.28022,56.586548,56.197773,71.956459,54.035538,80.223518,66.621307,83.059456,66.91877,90.861435,66.69886,103.134529,60.929134,83.78952,79.356659,76.454071,84.025299,87.049255,78.501411,81.66201,71.769646,59.257122,77.098305,80.711182,86.842087,73.438148,74.660309,112.320824,63.442917,79.901489,99.050934,66.565361,81.578964,84.387749,51.110294,67.156433,73.378838,49.364265,102.853798,52.814838,103.620537,53.21244,82.307945,55.286255,97.920692,66.294006,72.596222,93.252762
57.905483,70.906281,62.363625,27.245979,54.814777,23.915388,53.105701,37.998287,52.88343,51.89814,23.603027,42.170982,45.871738,39.487614,29.072584,51.694931,31.681509,28.164476,55.596684,31.454323,58.402901,59.402443,31.329685,60.995392,62.017796,64.940247,41.457027,57.32515,29.984148,67.519882,34.398209,59.097591,45.983223,25.777428,33.291157,45.807533,46.5672,56.575596,51.207638,69.320282,43.448235,73.878059,31.423969,70.465508,48.887169,89.905945,63.737263,71.875908,74.350708,56.097992,66.242691,45.714817,63.15036,49.527782,78.111488,47.794273,77.591255,45.661827,89.955032,50.27684,88.159401
12.196,4.22698,10.238976,6.890073,11.648902,6.337628,22.720636,26.326578,17.91795,8.925868,11.31852,16.791527,10.07391,27.332533,25.944284,27.004147,14.120236,14.803782,22.1562,22.167669,27.478567,23.722622,24.064062,8.645463,9.035355,15.968251,13.025022,22.841648,7.764694,11.143656,82.948906,20.731054,6.236015,14.344219,15.329209,23.856611,14.071896,29.563278,30.49106,20.871765,39.308334,22.025547,26.615763,6.791286,31.919159,28.169395,28.987757,2.736396,38.613934,23.376585,33.0513,22.897196,-7.632073,22.697184,11.223077,10.821683,30.222881,25.332644,20.770121,28.155767,20.456785
105.871994,49.596436,84.395538,103.576057,58.2556,67.565468,89.406502,110.885162,81.731483,76.243896,110.304581,100.846985,77.505783,96.67321,118.349625,71.753586,72.139824,107.2108,89.863739,63.46172,69.922615,108.759758,100.178192,78.83194,49.152061,72.994568,89.308472,114.004036,94.512802,71.706909,57.521168,50.464794,66.393578,67.619339,83.734306,97.523491,102.405426,75.243958,59.859669,61.578922,52.268604,59.137051,64.965988,76.093811,87.239754,103.443611,112.106934,96.853157,59.967388,59.846336,63.753902,71.861557,87.371231,100.104309,108.428101,76.744133,48.407745,59.985603,74.194908,68.883453,80.018364
90.839417,108.746643,94.422127,96.91481,95.197243,108.742622,82.972946,91.733109,119.604698,67.432495,80.563019,81.783409,65.857681,107.799263,82.510735,59.679817,74.637352,67.917473,74.859322,92.216721,66.619423,78.476494,72.885345,108.394936,81.856346,68.199768,74.087921,72.004066,86.358521,94.581078,88.501694,90.927277,88.008568,61.078388,81.406059,78.760612,93.638229,89.358429,111.795708,80.810051,62.244701,65.287125,77.958778,44.092373,86.671501,110.364815,76.042755,81.897476,83.774788,103.451088,57.380646,75.345795,70.959999,85.97187,111.153496,92.901375,76.453117,74.781303,86.119743,82.083954,81.305962
137.703888,138.749207,90.137917,115.034988,148.432724,85.845924,138.59581,94.341682,122.562088,124.521301,109.774483,101.057907,91.036674,98.526512,89.000198,86.042244,83.674133,91.942902,112.04438,115.373505,90.162933,86.993813,101.450958,98.124886,93.146217,83.070992,81.395012,84.034264,94.928658,119.16201,118.434036,104.976028,99.494247,91.145042,75.847397,74.143036,80.405708,88.356552,106.695374,101.978233,89.365128,92.514267,78.693481,81.34613,92.663055,92.533806,80.865425,83.572685,92.708115,82.529755,79.174843,77.972954,77.61422,84.571518,94.019272,81.200165,80.957878,80.531342,81.8535,78.413887,72.149269
83.36425,119.546135,79.822014,111.969597,87.84539,89.017464,100.450447,76.408577,107.713791,71.049934,76.545044,93.570015,70.716011,104.46463,69.726471,72.581276,104.203262,69.953194,103.030853,79.13015,103.356682,62.308838,85.716721,64.949707,84.623131,82.559143,72.018112,99.810562,79.764725,94.252258,70.238083,88.229912,87.723846,95.053162,73.087639,67.662605,100.719551,69.802124,90.028473,58.604259,73.64505,101.921539,70.978989,100.094711,90.84053,56.817928,85.436783,117.211319,98.356224,68.467392,115.953995,58.960667,99.307808,92.32061,58.435356,109.554375,79.142494,67.591019,101.203445,89.603241,61.32077
36.574741,40.682716,9.048453,26.401484,22.710524,41.606075,43.620823,39.165733,46.351154,35.630436,35.966137,21.126278,12.436124,36.675308,41.037663,54.316769,34.457642,53.303238,43.185959,42.087425,34.319138,38.054367,43.930908,47.711327,39.55632,26.46032,71.647278,46.533463,44.599342,37.728416,31.777409,21.241364,21.271973,27.042568,40.735504,45.190228,44.594265,25.946579,13.110538,33.918911,26.68972,34.982872,36.404961,43.675617,44.572128,27.155582,42.89587,60.653275,39.212826,47.197594,37.311188,50.873478,41.055019,30.905493,42.572304,22.510622,23.479229,36.831928,29.580523,27.476509,32.161434
12.85991,20.879614,33.249908,38.217102,-10.449995,-0.768262,2.53634,21.387913,39.207329,35.744537,-11.513471,6.613506,28.609491,45.764297,38.328106,26.032551,5.871566,18.220745,23.81904,24.188362,34.927036,44.553272,34.135834,5.834304,10.584829,13.084097,21.184328,7.741734,24.776995,37.316044,46.712219,50.612648,40.799339,33.095455,28.505661,26.013666,29.325808,6.356003,14.859389,36.712818,-3.836593,13.653201,8.481127,38.737984,-12.610243,8.981747,21.60294,52.671612,43.609573,54.557865,23.859806,38.737061,27.885103,37.93404,52.299816,44.178944,38.535572,34.203812,28.803928,-4.216825,9.54029
8.561842,9.126411,12.463008,17.189989,9.626898,22.885492,15.125536,15.979323,20.954525,15.840295,21.224401,14.272987,15.99752,10.457333,10.462873,18.145063,10.636385,13.913797,10.574791,16.73992,11.213609,4.926857,12.094979,16.457468,14.145525,7.427947,12.637582,2.964509,13.612208,14.719864,14.916831,16.214165,21.283516,15.886621,9.36248,14.771076,14.833829,13.50174,14.737914,15.705574,17.935886,21.012016,15.035767,10.981895,4.621966,16.402472,8.919868,17.639832,15.124261,11.117182,12.353169,7.790736,14.401732,11.764377,20.044426,14.476023,10.824867,14.634522,16.757931,13.089487,17.474483
23.799269,13.028399,21.683046,27.061396,16.084999,22.421072,31.276871,15.582705,10.032543,28.811333,20.953737,21.672314,27.462252,13.292709,77.642448,27.93022,16.492271,21.916758,20.977461,15.995721,44.139378,18.258352,16.739376,43.568756,11.002928,22.385071,40.86092,15.542811,15.050379,39.344482,18.54414,15.958677,36.967903,13.43667,13.433288,39.048687,14.647939,13.416769,35.793633,29.76462,13.884709,19.467924,38.45713,22.569189,17.148178,22.399538,32.23838,21.298706,17.956224,21.794388,38.972286,13.003129,16.67911,28.182795,24.930653,12.708031,14.058173,70.255013,21.833344,12.905025,15.939483
107.99247,70.88018,77.376648,121.842201,55.766796,61.592468,132.877289,72.684319,56.10405,85.752357,108.664841,55.068703,60.650372,104.634071,88.937164,42.97036,58.780575,119.662933,46.04977,83.107826,111.950562,48.897652,65.546638,114.653336,45.164783,80.563911,110.590012,35.243191,72.069809,124.185707,67.875282,77.457771,103.64875,44.133881,76.725914,123.756294,41.479073,77.798576,111.05175,42.035694,61.062611,115.726768,45.934711,73.702744,125.325188,47.359516,36.356804,111.724205,68.734772,40.388977,122.671684,60.364086,89.388763,114.036057,47.574333,93.219231,112.09272,38.840969,96.186432,84.947044,43.294544
33.771439,48.871346,48.426914,118.009247,96.395149,22.187006,32.990009,28.22193,119.458778,90.733597,123.424675,36.791588,30.615582,29.173422,107.251923,94.855255,110.639732,22.256693,23.19508,26.436079,122.35833,110.243378,116.554459,19.819883,21.906143,25.497326,106.81971,122.10656,74.275795,81.923927,18.158859,39.2966,22.427658,116.757904,123.845909,73.997002,78.816986,51.639172,16.985985,123.202568,98.759308,122.876076,126.098984,19.220118,16.963293,32.582542,132.491074,111.867493,76.509399,100.9039,50.122555,39.59697,33.30378,74.602493,115.512695,131.672501,35.090584,12.742827,17.770016,128.461441,105.302208
20.411779,11.837972,38.490433,32.414536,23.969389,9.483986,9.153909,29.136372,35.986904,31.082901,12.820883,22.593542,31.235886,47.541573,22.686155,4.802941,10.087575,34.701416,37.405914,13.77944,9.604425,27.196995,23.435314,9.403607,4.593837,37.383724,25.731977,9.442537,8.638409,36.192085,12.11866,7.37509,21.938429,24.792349,26.581423,6.050809,21.208485,41.605129,17.229288,6.00351,32.433613,19.341846,6.481881,6.307062,41.935295,19.43074,10.812531,10.321425,28.131496,21.974611,19.540848,7.523935,5.295847,27.637943,11.994287,12.517652,22.27425,31.808792,10.298466,12.609962,28.637352
89.547874,107.58226,63.159935,96.415817,119.391556,70.853996,49.426079,113.376755,85.626846,65.398918,120.999245,87.474823,61.890865,109.65284,83.081734,65.852379,111.649933,78.640961,69.826942,109.252182,64.697845,58.754803,112.230392,67.874367,91.472,107.586014,63.366787,84.013557,111.637054,64.51712,92.812843,117.299225,63.353687,84.812424,96.81559,62.389416,95.151054,96.099419,52.522541,82.835419,103.712982,75.321861,68.922974,113.426765,78.881798,66.133286,85.092461,106.859604,67.223518,73.320877,113.392731,105.899902,71.829636,91.654556,101.032196,67.438683,74.970703,90.615845,110.767029,85.814423,58.21291
123.041367,58.888432,130.886169,96.670807,67.654526,98.136398,123.253471,60.322536,80.880272,130.077774,111.268311,75.338257,62.079536,138.721268,130.199875,96.339104,85.045403,67.82766,112.449623,60.119919,115.769905,90.386932,58.674686,105.682159,70.714516,106.781403,68.814804,97.033043,74.037254,109.522423,72.913376,121.675148,43.075283,69.089745,109.58255,74.551544,40.726982,107.32663,115.174965,50.127899,77.120544,117.025017,63.066757,57.475113,62.149277,100.906456,115.448586,109.018257,91.267014,58.47739,62.616879,94.248817,116.492317,106.543724,97.864128,67.754684,60.463261,78.792366,98.963829,113.498184,62.514057
12.682556,12.815289,11.658382,-3.208539,2.504788,8.808699,3.10673,7.518974,-2.123446,-9.87981,7.301652,7.091572,8.920859,5.948854,4.75398,-4.955311,-7.752434,7.709763,1.461893,5.520317,3.278808,8.397282,1.087039,3.850395,-5.125382,-0.622226,-0.876138,2.637364,7.87429,4.242683,-1.864184,-3.061076,9.183973,5.418909,10.073604,2.246128,-1.189211,7.674407,6.487658,12.043028,8.769381,14.651894,11.943482,5.906025,6.729279,10.558455,1.623365,10.133224,3.795331,0.437643,5.339482,3.521979,9.786597,10.008381,0.686057,2.873211,2.926997,3.87253,10.248204,-1.192773,6.992049
15.171939,122.419052,126.475586,133.195465,99.404793,86.359871,114.614922,129.818054,88.407867,87.952942,112.327225,133.213928,115.167603,81.716881,107.797134,139.271332,103.931435,78.453346,105.361694,129.2845,128.814453,79.139671,110.409721,131.340424,71.539619,135.1315,88.678734,121.795074,80.290634,110.413033,113.475067,112.442841,107.902496,82.345482,103.327591,135.119751,107.372093,77.577156,109.957321,139.459518,110.320473,77.29673,91.290016,123.375648,145.473419,138.526184,124.452087,83.241547,65.399269,66.491058,74.966644,114.539711,139.679886,105.209923,68.264885,98.840874,129.894577,110.617355,75.960526,114.820137,131.958923
17.867025,33.552685,4.356499,5.672246,8.060015,27.968573,43.661057,37.501385,53.01894,36.230289,38.386848,23.745491,-2.17548,6.269565,7.368428,34.897202,33.678104,40.064541,-10.731303,8.040069,27.266859,36.636597,34.621368,26.26716,-6.810617,-4.2422,25.753904,22.242205,29.408674,33.098423,31.872049,30.227495,23.931786,-5.535515,-4.025364,1.244825,2.258403,28.978264,30.440573,39.568485,27.640844,3.461472,-6.737337,-0.404744,-2.02895,6.733283,14.22633,28.815811,40.958565,32.633255,23.261084,32.264748,-2.234226,-6.086236,-8.273578,-7.158213,25.820488,30.080509,44.82188,31.833141,7.556235
16.253386,97.559433,84.862167,39.539345,66.807411,99.571999,61.846134,60.806431,81.542931,75.308136,56.027405,53.381901,74.841064,80.985825,44.271336,42.371471,70.928963,77.087776,85.948647,82.909943,63.821793,37.931252,35.591389,75.072319,86.805031,69.019981,41.691685,50.283882,66.942101,73.080307,89.368004,84.158882,49.736534,32.347057,49.156769,74.895218,90.502159,64.993179,43.973606,30.173532,55.322395,65.445381,80.740845,45.100937,34.611687,50.287746,93.317116,33.571651,31.611359,69.467575,61.058422,27.587622,67.935005,87.286888,42.15094,26.867609,58.359276,78.069649,80.224075,64.117256,27.548025
15.798936,33.880997,8.279343,5.773403,15.495222,6.046068,-16.078968,81.794556,5.197103,27.515139,23.832766,23.601208,27.741232,20.434879,3.344326,5.693923,-5.44825,3.932548,20.547985,5.5725,-5.268463,1.971094,4.709248,29.242899,-2.549116,-2.00781,-11.726908,-11.188311,-13.853773,-9.35968,-18.652643,-13.370379,-9.121783,-12.106,-12.67551,-7.88155,-15.211318,-12.223194,-10.964791,-11.226087,-14.815036,-13.236122,-7.932276,-13.227719,-9.922599,-9.387799,-7.44449,21.235706,-14.029352,-12.845089,-8.204388,-7.246399,0.764663,6.106928,25.674135,24.001699,25.291279,23.665165,4.17496,4.544872,-2.728907
16.036449,134.293152,56.105457,28.591732,41.38826,69.244469,97.915726,115.200661,140.534866,110.363213,99.818802,75.449944,34.054287,25.005228,83.238396,117.486183,45.211288,53.558022,70.361572,126.038292,136.959183,133.534607,106.494484,91.621971,77.193703,49.659996,36.180004,35.279812,38.553539,41.117229,63.058964,75.510735,84.49279,121.036667,135.418823,140.548691,112.2686,74.974533,44.254246,57.505024,81.4543,121.863091,114.7826,122.915993,129.491592,136.831894,117.098198,114.528725,101.247734,102.062683,72.814087,74.590347,25.727976,33.430099,45.870682,80.848564,109.701881,113.836403,125.918816,144.612442,142.96608
15.085805,16.659559,33.403065,21.75116,77.894249,98.877022,39.463528,40.943359,39.608364,57.647072,47.325279,24.351379,38.508034,39.954838,37.910496,43.849396,39.47826,46.38485,56.477341,59.183475,75.291237,74.738762,77.601814,25.700388,25.235891,53.087429,62.490822,56.026825,49.220257,62.326241,51.11697,58.898083,57.174496,33.322369,33.050011,46.477024,35.233276,72.388184,55.894764,68.598297,85.691376,38.625534,42.048801,42.045162,52.546879,36.461849,39.251812,38.961658,41.384785,37.728844,45.772324,25.982859,23.497156,23.850609,41.838245,45.912426,50.617172,99.876411,119.146111,107.892548,125.229645
70.308899,89.550537,87.017044,67.077248,48.166622,48.992512,47.620438,48.121788,49.157932,89.047417,88.717697,71.757675,69.796539,56.646427,32.944069,46.206402,82.085732,97.991264,79.009048,67.036575,71.407967,47.403862,36.776421,78.928383,88.253143,66.159348,76.666901,40.427372,60.97443,87.286407,72.875793,50.481346,57.819855,45.932442,71.086441,77.173363,67.578484,59.418766,56.546227,65.434357,82.459885,84.629059,70.09655,52.088074,46.099483,80.30056,54.654255,52.922176,74.412582,79.047173,64.477066,44.255821,49.461521,60.628052,79.90995,95.82029,71.522888,67.485626,48.490986,48.141376,79.694023
139.490189,139.077682,93.017204,106.205833,106.210884,129.967133,118.251518,97.982079,90.373863,103.398857,100.320961,123.051353,101.215828,124.211708,100.658684,130.459595,132.560364,73.432739,91.915771,138.619476,114.054253,87.299049,140.365906,120.895073,98.666412,95.498611,97.56591,118.721077,97.696922,78.895752,111.993294,98.794899,94.417114,101.791687,85.519478,114.436935,93.754822,105.233528,107.552261,82.34301,92.044098,125.840584,119.438484,78.119415,124.911461,106.631668,81.355515,102.243843,120.854683,76.497337,75.481781,126.532196,94.53511,36.206276,85.356651,118.979057,65.021492,107.06147,87.089951,150.487518,87.708977
117.013802,115.448257,112.658211,67.537178,75.851898,119.988556,139.424591,96.348053,55.146317,108.722771,107.129105,79.183075,90.409355,113.808853,61.571915,102.616859,118.521599,57.457615,117.940033,90.96476,103.463669,120.265411,76.392693,121.215324,79.894699,120.501015,55.55962,96.713379,58.393597,103.156219,82.394218,93.036705,118.374367,70.228752,114.349663,78.518837,53.364189,106.732185,120.110519,64.746155,100.488945,115.507492,84.99688,113.161446,116.519371,57.036102,107.219124,115.445007,56.481689,93.088638,112.20446,77.142746,72.765663,123.587067,68.54438,105.276482,128.8237,76.686996,103.917931,119.326164,72.921547
125.684471,136.551376,134.135757,141.599854,153.330734,172.802719,153.946457,153.061569,175.183701,151.173492,136.994995,100.849869,75.067711,67.044991,108.640724,135.474411,147.990036,151.721802,151.003265,151.01207,150.386963,145.347168,132.753082,131.891022,104.753151,96.549583,130.212357,122.310425,136.373474,137.293655,143.04097,156.421539,166.168701,98.260643,113.330719,72.142586,140.642746,121.466064,103.033371,68.050461,115.186798,139.458008,141.518692,137.452316,135.40419,141.583862,120.978569,87.932343,90.783669,83.125214,105.765602,139.689911,155.404999,166.523926,142.816864,114.196671,101.395576,128.758026,133.990372,150.052124,152.116882
55.403893,82.130447,117.824318,94.195404,100.177132,113.904198,121.436546,98.28183,127.792564,103.736847,112.950584,109.972092,100.428139,101.582504,111.207596,92.119431,115.544876,127.812675,101.175232,99.739502,100.884171,105.665504,104.913101,97.998329,100.278992,100.503708,113.070015,93.579414,107.716446,113.14415,94.901115,93.114822,108.873909,112.698547,95.066353,115.538719,103.383057,103.571335,108.977722,128.992035,96.581078,118.413696,107.816788,89.248642,123.030205,77.144958,111.278297,103.428276,135.68544,114.34935,119.278763,125.710358,103.64122,112.765984,114.854752,91.154594,126.668404,107.6931,125.147102,116.47049,108.646477
-112.143311,154.098755,132.357803,131.478073,129.016235,117.630119,137.574142,133.905319,134.307312,133.281143,137.904739,143.720917,123.642159,119.951759,130.468246,106.617897,117.29921,140.761276,128.782043,166.543503,122.454308,119.587761,127.852455,133.939804,117.413124,123.732063,115.51004,143.468002,129.996613,131.952438,129.255676,119.206886,122.83165,128.900879,128.082352,128.1297,113.394142,127.705795,130.578522,134.923721,123.203011,145.570068,129.910538,131.4375,132.243515,131.317047,126.576439,136.942932,139.769745,124.531578,138.663681,113.10804,134.549942,128.071381,139.986343,114.367676,140.621201,130.342072,147.028702,118.807892,166.777679
36.315014,109.964035,130.375,135.225082,127.384529,125.031685,126.967072,124.223846,124.807777,117.531235,123.784462,128.713837,129.416046,107.680466,128.833359,134.127441,130.811874,113.967934,121.798355,119.548294,130.051239,96.124542,125.862381,117.497589,93.866638,106.218323,130.905365,85.543518,111.204033,105.413193,84.604591,98.348289,121.969124,80.854103,91.714348,116.771507,100.754539,78.418869,76.816475,118.549629,111.533707,103.790848,89.472412,105.365372,127.840202,91.640503,101.310837,91.495262,125.090652,84.877647,121.203674,98.938599,108.384445,107.392609,106.514259,93.36113,110.150665,123.164421,123.522591,109.735901,97.798157
43.183636,59.681805,63.633198,77.605652,79.998917,51.88522,70.119324,82.370064,78.703033,77.332626,107.474739,42.635689,60.654621,109.738419,39.0886,61.688362,40.871761,58.509129,99.54277,54.962067,64.141838,101.008995,30.342033,115.297394,110.28183,32.043888,95.068657,77.984077,104.300835,46.312874,110.541595,54.34359,63.327091,73.769371,56.982174,61.807804,89.746307,52.078953,83.612381,85.975899,76.90387,63.547501,105.510284,64.097549,93.893738,61.393524,64.160225,68.501579,70.868004,94.481834,97.258339,54.292439,76.052116,83.262169,66.280991,79.825035,86.813049,69.524323,90.081451,54.228855,95.730782
37.496437,59.17728,38.761879,47.914772,76.296936,61.548412,98.709496,100.020737,110.351204,99.926361,108.702827,104.679436,107.603233,109.360992,108.25222,101.001755,101.948524,98.130905,92.115761,111.449287,96.743591,93.269485,86.434799,59.136139,84.627846,91.982635,108.973785,119.280144,106.375984,117.203026,101.831306,93.260712,108.610657,117.642754,91.852272,83.859978,63.5667,64.091782,77.902435,99.741486,98.647865,94.750008,101.714226,105.521141,92.241142,49.681824,61.628593,61.993858,110.326866,105.218224,108.485878,107.675117,107.717529,101.443962,84.913803,48.345806,36.820892,41.991474,89.833931,47.027962,55.175976
138.840057,76.309387,65.91523,102.112938,109.2873,106.193222,96.266502,85.083771,60.058243,61.605587,69.580452,75.867424,82.457626,98.342354,100.760101,105.354462,104.043022,120.853561,106.51606,96.081314,79.655052,85.697746,113.279007,113.512741,105.628235,103.862495,94.029961,104.742065,103.920624,118.420578,108.035309,82.239418,82.168205,87.367172,71.545563,75.216087,101.113991,109.981407,101.084282,73.402176,113.505096,68.094322,74.733124,104.125305,86.050308,85.395271,83.64859,84.737503,111.3452,117.306931,83.006889,87.691765,120.735832,116.39167,91.452415,84.103355,90.658157,103.138245,115.239502,117.499474,105.865013
43.246128,35.207531,91.501991,63.32967,90.426201,57.213425,88.139198,75.691307,112.354034,81.477249,89.64653,86.261963,99.815399,87.553215,96.788574,104.135063,106.226433,110.596527,102.127876,103.593224,92.490753,94.307228,119.251976,117.545921,120.352318,112.143326,103.233185,83.592911,77.167534,85.569603,89.975876,75.674339,90.553452,89.09021,84.303474,81.596771,99.142654,114.007133,95.025703,83.673531,112.075127,106.308876,105.171844,109.597031,103.850616,89.438553,101.292213,95.45993,106.52317,90.408638,92.951233,90.340721,97.912666,99.73838,106.148888,102.245735,108.808365,99.961754,92.579865,94.580162,90.252304
35.354118,104.700035,86.302055,105.23307,108.548164,123.171562,111.009399,129.75444,111.893616,113.228188,98.026245,97.903259,113.635262,100.62957,124.97406,102.97319,107.830666,117.531395,112.569862,113.431519,110.951401,106.680275,108.969696,116.621727,115.942146,108.23481,92.245247,85.313095,91.812111,95.139877,108.655632,108.331955,101.394035,109.618011,100.953339,98.687454,98.606422,115.087746,108.029442,99.080376,91.766968,90.604027,99.741364,105.803741,101.558632,105.310211,105.640854,93.206871,92.189171,102.08773,108.269432,98.96756,105.533554,119.533287,112.053307,119.240845,114.609467,114.843994,104.714348,104.177788,104.910645
39.410984,131.615036,127.00502,130.495682,131.936005,131.213211,135.785095,135.649292,137.773163,128.5242,145.108429,130.463715,139.368774,127.855568,138.173218,136.096451,137.240921,132.37735,142.979126,139.814514,126.286781,124.436256,138.040512,132.184021,133.082016,127.93119,134.270691,133.576706,130.900589,121.62825,127.293007,128.503891,124.875732,124.989975,136.897507,125.217941,140.458908,129.178711,131.293015,132.109146,137.155792,135.407761,128.366608,135.767914,135.708984,126.699844,128.686584,132.511627,133.833969,134.804672,129.560577,120.215706,129.480545,124.165985,122.982246,128.440536,128.453049,129.568542,130.641586,124.177101,120.757309
120.470711,129.528336,122.907944,134.380997,134.841263,116.638557,114.625168,123.609077,125.713554,130.926559,131.467712,125.78643,114.922562,137.674133,131.891785,130.525574,133.572647,130.007339,142.650162,140.972107,136.352997,120.929016,123.764038,120.820503,121.725403,130.218567,128.492645,130.024368,121.41127,131.826431,126.256325,117.940826,127.770767,127.898163,119.647018,138.816238,125.448402,135.130844,130.916443,130.499207,125.571045,126.729218,130.627228,132.020462,129.401382,130.057083,134.528717,137.426926,133.719055,134.051392,130.387894,115.375404,133.398102,130.317078,125.706734,129.196182,131.975906,133.498154,118.577766,124.512878,124.81929
68.73996,69.422852,76.233307,94.852448,86.130081,73.284943,81.617233,95.080887,115.75914,113.300659,112.094521,124.041359,130.649048,124.9245,131.505539,57.558189,56.426414,61.556957,58.330479,49.804462,54.572651,78.207863,63.47517,79.823494,88.205399,106.752861,132.96669,139.656998,136.737198,-178.850479,128.213196,63.925011,45.482224,41.306965,28.272696,40.843582,58.370041,62.130531,112.900681,105.663689,116.134621,131.071106,149.865204,144.710464,112.961472,120.672699,130.430374,124.145599,120.007668,112.07235,118.365623,93.039551,75.436607,77.410522,75.573914,75.37561,81.340996,78.960625,90.301186,89.94841,102.645576
123.784103,120.569572,124.350357,109.379654,86.488129,85.714645,91.744637,98.196815,85.872223,96.764198,86.306931,92.172348,83.443878,91.492294,77.55265,123.119026,107.534653,88.669601,74.924217,71.647438,73.439926,71.300186,67.914703,75.335106,57.590195,49.807381,53.971737,56.521591,51.587334,47.162937,40.334297,48.10973,43.397137,29.912121,41.806423,38.247169,22.156225,27.616167,45.437935,58.48077,50.028103,33.436234,33.334774,55.877384,53.589203,48.748032,60.691185,75.072296,89.984711,108.539574,87.807617,76.066277,97.241531,106.36689,132.02829,131.426376,113.249565,126.015488,121.793282,122.143822,107.152794
15.690924,26.076139,89.628754,127.845734,137.191528,126.201996,123.340599,94.234764,47.060276,25.647163,42.506935,72.896873,112.009926,129.428757,138.925598,129.226089,65.625847,28.205269,66.501495,119.509308,159.414459,137.792191,24.943596,51.101845,89.291588,125.970673,149.261093,124.594208,107.874557,55.916573,29.989021,48.024998,107.344643,122.592567,136.710083,131.859344,173.490524,144.366165,150.01297,140.307785,116.921204,45.229702,24.901093,24.335266,7.200447,6.468747,-1.26459,11.857819,-0.058361,0.250777,82.305153,74.999718,117.715469,136.746567,114.990112,118.011734,151.706558,103.740585,119.003387,121.787613,85.020836
61.057713,145.195877,109.972351,74.626343,71.075012,109.889122,109.836388,125.825745,109.362221,121.993507,133.341827,119.532562,122.672249,125.921318,136.403122,115.897247,129.544739,112.934517,89.260674,78.25412,97.677078,86.61338,94.611,127.087799,120.741219,133.857758,148.148178,124.916077,130.188156,132.217789,140.7883,134.949097,123.032433,137.044006,125.195007,119.274765,111.42688,108.117966,93.268959,98.101189,106.224213,108.282677,112.929382,106.219017,115.517654,128.148376,87.866241,87.743019,94.509254,80.765694,120.807007,99.316895,98.822952,106.635666,93.759956,104.05912,106.411728,90.23465,110.872604,107.305977,131.727325
123.473785,101.203278,70.450523,65.389336,65.857224,70.134079,80.70108,68.545792,75.091476,76.379143,102.655251,83.105263,109.214134,122.336021,131.583405,118.696861,101.010567,72.479019,88.765282,91.094307,125.404488,126.251389,110.76844,65.889893,89.440224,116.982635,113.828003,107.750679,102.904541,122.083427,106.137772,113.463394,76.343414,57.228302,61.70649,57.780006,59.343636,56.417278,77.148193,94.071136,99.775856,88.818665,95.782257,98.956139,77.427071,80.147896,67.328125,97.825066,110.755142,109.537025,113.557457,80.904922,100.392296,59.658295,70.867973,76.915695,94.383934,99.959946,71.52166,88.590958,84.271561
81.336609,124.251892,38.00032,-10.414496,162.717911,88.573296,99.541924,129.509445,26.284523,124.928024,79.708366,59.80151,10.010186,111.673698,82.276268,66.910683,1.083734,77.438446,111.737457,4.584714,34.016644,93.161156,91.383675,43.081184,131.879822,127.020699,110.790413,113.078468,46.417358,24.928446,27.291529,144.107254,80.611427,106.027565,28.470875,59.947266,99.410027,120.50145,33.937141,-3.566692,90.028877,135.729172,106.956528,70.189896,-1.829475,78.344681,124.468819,137.204147,103.03199,27.538458,14.27956,97.263176,102.312202,15.132258,21.033274,89.086349,113.149445,0.216683,47.364681,76.829079,13.549893
127.000336,167.276169,100.871361,95.557076,94.600861,60.605015,154.567657,127.174446,125.14386,106.127426,64.3414,138.480026,155.43573,134.707458,98.600479,97.887566,99.900749,92.553291,70.107292,-178.023712,142.570358,130.799423,111.698296,97.761528,111.906616,97.732574,119.520607,110.929306,139.925034,102.724083,94.334885,98.871399,89.733994,81.029221,153.579987,138.59201,109.071465,93.533295,116.111755,101.279991,89.635941,93.54599,105.64904,137.923615,127.222435,102.629494,86.568604,73.107475,90.674126,62.717442,109.851242,122.0382,146.834503,144.801407,116.957581,101.661636,108.094482,98.563576,95.168152,71.358788,67.109184
57.113197,106.483429,126.228752,109.167328,118.190514,120.071083,119.844086,108.279739,124.925049,80.7257,128.186508,111.395027,113.7817,132.586121,125.184692,76.64225,129.305435,142.059341,142.290771,108.672188,94.665298,98.44165,138.733932,98.563141,137.668167,134.188919,105.503494,132.066635,122.0448,93.712517,125.406479,80.797485,103.475471,135.762802,119.723274,76.827202,109.918663,100.843437,120.477776,129.657639,119.487,125.41584,105.028732,131.189545,126.004059,124.32402,107.19767,121.168053,134.543991,158.11319,140.507065,101.305099,118.0728,109.338676,115.990044,139.587585,103.992966,128.970505,69.967392,133.291595,93.856514
104.496239,108.6381,108.168312,88.950966,99.970276,97.98391,104.962128,107.386597,99.452202,97.412582,89.381676,81.362503,101.651535,93.937256,97.03228,88.561867,111.417397,101.044708,98.906616,100.590813,97.223358,87.504768,83.866714,103.243362,90.649101,104.399185,94.96524,85.179352,115.981911,93.499191,96.707375,98.575844,85.613243,94.731659,106.303627,91.989006,68.210564,77.150497,104.103317,112.239868,100.410629,93.280838,75.638977,86.835526,69.753075,96.170319,85.794579,100.262878,78.421555,93.226494,108.49427,74.651772,74.0718,80.248283,104.216324,99.384598,71.083839,65.552231,107.994705,64.779839,97.803352
129.101303,124.257141,36.633244,115.772484,121.218124,120.221123,107.101738,86.158875,56.820175,38.283894,5.792118,125.089943,56.376514,-4.828902,105.021896,-4.945943,94.973053,57.618317,9.604965,47.442352,122.893272,71.723373,5.803663,2.058727,78.230881,116.058823,38.13295,6.63124,91.038765,17.568188,31.261889,111.697304,45.29277,11.234109,40.861416,123.388092,67.554092,23.405432,112.140274,50.431835,8.897797,100.684608,84.767326,-0.920182,45.391014,110.09034,122.124428,30.28998,14.94949,79.06826,110.298111,22.133701,4.090482,64.415436,103.796326,42.075943,26.933552,61.49255,106.76297,51.380623,21.2297
95.26622,71.253342,97.684685,132.305527,128.956711,98.204742,41.585945,5.958535,7.814404,10.409181,15.588032,8.041256,26.510088,21.708471,27.640368,27.164785,5.493675,10.341527,15.736623,35.389614,45.0205,33.55336,49.511097,57.195145,73.391312,80.48822,80.291405,91.27684,128.613617,114.496185,100.302071,53.218353,50.27758,16.64115,23.984909,20.804487,13.405916,21.594255,22.094719,8.64449,26.94916,28.524199,46.974236,54.288376,58.560616,87.30336,91.415634,90.58802,94.419411,87.378494,55.60902,89.130402,103.174019,102.619591,119.041634,141.543655,132.976456,126.933739,110.02475,89.64447,55.359695
26.480907,51.568676,76.576897,130.65593,26.752834,130.157791,104.276558,29.425558,128.793167,81.767487,54.033085,121.505241,87.198463,60.346622,139.349808,98.26178,48.591095,134.823715,113.790947,39.395615,135.400528,106.04158,67.644966,148.424622,29.840225,124.882568,118.39492,43.869587,148.014252,62.638142,150.016907,67.687256,150.433685,61.470345,114.901817,92.860123,78.385216,138.710114,65.839905,122.547012,66.978462,140.732498,67.456543,137.852829,78.382095,138.085831,129.282684,115.123032,99.037804,125.801292,88.337311,141.509506,77.274849,104.064575,142.661407,88.401878,49.890942,122.364136,101.911354,92.804291,150.014923
37.481934,97.293404,59.925705,89.043449,103.570602,60.943878,61.801662,104.176888,94.188606,44.967632,100.35466,104.621407,75.052406,48.203125,109.14534,119.697601,84.366455,55.567825,78.067596,96.588615,126.455383,53.900234,61.209969,107.143669,111.391258,53.396042,50.432064,92.645554,121.55159,67.467186,89.775055,127.416893,92.847595,52.684586,75.98439,118.744545,87.080574,39.390156,74.316597,109.337181,89.186279,44.521931,119.763611,117.36795,52.107941,92.767174,127.101776,54.420353,106.628922,127.380089,64.981987,131.615036,48.974487,94.556091,127.596184,52.849392,123.067726,120.399773,84.103348,137.713959,73.57209
124.526237,126.231361,130.127502,57.126026,104.589836,74.644157,23.265911,58.808727,45.932224,100.339539,117.589317,52.107922,106.856094,49.909473,56.463192,86.419159,53.302818,87.335983,31.427921,29.105131,59.83736,12.561537,108.672943,37.723648,51.436832,78.434074,10.340816,106.602783,14.472258,41.503872,74.892815,6.734422,88.972496,6.239242,62.810993,62.580688,55.046856,10.874488,87.241241,58.668819,7.080487,112.951164,125.035004,30.85816,9.652089,76.865631,75.811722,37.653706,90.698502,22.75297,108.931702,116.048096,46.346924,109.63105,23.169973,115.404366,17.09523,7.469668,88.401314,24.3734,134.026947
27.96381,26.316395,83.450104,38.435665,75.276375,36.742722,61.766426,86.903732,23.915054,87.187553,84.229965,27.137449,111.858536,6.676971,84.537529,91.524849,83.462349,50.373817,98.277451,109.801765,74.683441,90.470245,72.083878,39.429909,87.987434,35.042992,17.983387,78.807724,54.761955,64.804443,17.460394,83.5802,81.06179,83.849388,27.163441,5.750785,67.312607,80.840919,52.51371,3.426874,104.179245,10.392481,109.888557,30.33917,109.276398,9.148412,98.716766,38.937992,24.91707,81.631439,27.032206,109.309845,28.198235,23.098604,100.919823,55.026493,67.747787,72.896049,84.179436,59.666286,75.378876
25.636938,29.313496,91.783676,71.867188,16.388386,52.697945,9.081616,65.471672,55.668171,51.412189,112.546349,6.049549,25.318417,77.919571,82.390732,27.530508,144.672882,66.277222,7.85573,105.757309,21.7568,102.003326,65.239502,88.501984,7.825621,52.199543,20.043991,6.496245,9.391986,128.625641,2.152524,109.647743,81.222618,19.957245,108.427376,34.399307,24.42083,99.772766,14.825262,17.853462,46.047756,23.389921,86.646332,11.708643,144.79332,92.914536,55.82428,56.467953,20.242834,131.933868,97.314064,8.758535,96.28672,0.787504,109.738121,34.5853,12.122301,130.102798,81.118088,25.07955,32.188831
25.911804,67.568413,-2.253241,139.930359,7.374914,14.755572,108.417389,24.541706,42.053864,129.495071,105.945007,33.685154,92.038536,20.240206,86.181473,25.601376,9.83139,115.574043,44.005085,9.274542,111.74588,26.557941,21.146904,86.442001,143.641754,21.410858,45.141006,118.075104,14.082781,30.457136,117.352295,8.06777,112.740524,29.923998,43.254826,26.530266,110.266006,69.166786,23.928848,-5.52366,31.866705,104.640656,51.712242,10.316373,27.414652,129.96669,62.478317,62.148098,108.142326,93.131866,6.010804,20.585901,22.631014,23.767572,13.128767,31.358479,60.099216,37.529682,22.439199,116.682991,28.914312
22.125238,74.690407,55.697655,112.929977,94.535889,29.217281,98.724266,12.599284,-2.954709,81.779266,4.905964,132.113693,0.202688,109.325188,96.905624,11.32858,22.224625,107.702789,-4.116439,128.778748,108.937439,20.168051,3.048338,88.899887,26.062366,2.148474,95.488792,30.024679,1.998899,27.65016,102.433784,38.31192,13.05434,25.771551,69.903542,136.818298,25.690594,23.37405,95.084259,108.775139,37.322197,100.332458,62.409958,7.802059,98.580482,39.400539,0.745192,118.602943,12.7477,69.024536,48.987022,4.418576,99.047905,17.090435,0.375228,92.34594,132.253799,28.610006,-2.981901,137.934799,7.101394
34.53738,32.09087,66.557465,47.954018,3.805891,134.533585,67.641647,68.707512,97.500443,23.567137,24.071627,4.600449,136.625046,122.458435,25.023876,46.042683,87.672668,0.673318,133.419296,13.009973,16.97583,112.117149,16.317417,11.036205,132.126862,9.674982,117.67292,33.839054,18.961506,53.701962,7.197176,117.58477,-0.220213,83.383797,24.460264,44.804451,125.612961,28.0632,110.573677,24.399452,39.894733,61.244926,12.464805,109.407967,42.210537,5.464654,97.761681,11.867348,22.592834,26.611399,116.231026,24.977585,102.339226,44.107967,23.364145,122.31604,26.996386,22.035017,10.598853,2.950675,8.117388
24.925695,30.516609,20.938046,5.460352,114.641655,27.933079,3.913799,60.452633,66.884132,87.994865,108.890068,103.797684,45.106705,-10.05751,105.131615,21.772053,25.633276,60.047958,111.608124,89.942879,83.447327,38.31007,1.508612,1.851807,10.715518,105.18277,80.96032,37.557423,11.077014,5.847939,8.748909,-1.740757,29.148109,112.450462,124.194534,89.471947,3.653309,34.967873,37.327908,92.647362,28.274229,15.211022,10.875085,58.606556,52.454712,94.920433,90.8713,50.472164,-3.256537,-1.982432,98.31002,7.995143,-1.678751,6.233792,-10.873342,80.790215,89.530098,26.991184,1.502394,4.45021,103.017494
20.507118,128.394287,2.059523,53.543152,138.032867,99.928032,20.033234,22.785376,79.065132,98.765457,131.169876,76.268562,90.127693,47.250629,13.052789,6.441534,25.997837,117.526901,124.340401,38.187992,6.343504,-8.155382,38.535046,128.791946,96.927559,50.95343,23.256655,26.779356,43.242603,64.720612,73.606667,3.061253,63.498863,105.387672,124.735283,32.082432,7.081082,78.830269,-6.384717,-7.809724,87.543823,109.431953,61.497597,0.955065,-1.175355,122.67852,41.838917,21.298998,97.1679,107.597069,29.691004,-2.516728,106.472855,105.005394,62.15427,24.497581,13.053941,117.919472,41.471764,7.8888,57.81786
32.298443,41.133171,11.100381,12.649646,30.2841,37.090836,30.218744,17.038494,82.703117,96.229118,71.877678,-8.728395,4.073708,89.648491,2.484393,63.982002,118.447983,14.273204,49.367069,-0.816273,1.852922,94.562485,79.561012,64.369858,41.598167,75.426796,33.944225,26.818485,22.2276,10.52559,-7.146202,11.769086,56.670601,109.517509,101.042168,108.997475,69.759346,-0.899322,-3.56126,8.515189,94.377159,91.169952,0.546628,8.191244,-7.426682,21.961342,64.428635,123.689934,82.664352,44.692661,-0.845003,24.247557,-2.500593,9.820826,105.755669,104.04129,87.497063,0.744542,-6.156818,13.041595,95.601395
16.956696,115.910866,25.176632,20.52865,88.986099,122.186432,19.983818,27.882343,87.809769,125.70797,88.173576,27.396069,24.145283,131.31044,29.360985,0.171648,117.031921,115.904625,27.741196,68.338676,104.89904,119.53894,51.340851,111.823647,119.452972,71.326591,-3.030798,50.330574,101.346809,85.248871,42.024734,3.481352,11.002904,107.307137,38.807583,24.910454,18.240332,35.551891,108.623993,94.754112,118.795403,90.783897,8.839044,19.370747,131.587906,104.971207,22.885857,19.059849,7.07354,55.619537,131.566696,40.745258,25.002947,3.981575,3.295101,113.417099,62.436905,71.056709,3.118667,23.252872,100.535439
20.381847,110.823669,7.426291,36.349239,106.654663,61.294209,-12.03879,75.362328,-5.021251,123.782539,91.665077,-0.376872,93.712082,114.501648,5.768544,14.6322,62.222763,66.135353,37.47998,10.643383,120.71608,138.271286,73.675629,22.162491,36.357147,124.149315,130.032745,11.017059,4.36235,121.47821,116.374977,32.738991,5.215012,38.393158,127.989609,92.577324,20.249062,15.124296,74.874207,118.359642,22.275135,0.172819,97.666252,67.794258,27.54122,-2.364064,11.091247,124.83165,58.01366,11.423562,-179.165787,60.829285,34.398396,126.514175,64.066612,-3.680793,28.833076,107.517632,93.391853,45.452095,-2.743201
28.741518,47.099678,26.04517,10.955792,21.190517,122.433891,41.765553,1.044777,80.26355,105.827721,21.62187,7.264586,115.518005,103.704399,0.967197,4.373154,94.549324,100.329552,62.903488,-12.271493,51.097847,75.911972,93.049629,117.813362,125.339981,118.468895,79.835709,42.505959,45.98967,-2.141493,1.054975,16.12557,72.085632,68.97036,120.891129,56.194786,38.21846,11.847677,22.385342,56.18708,55.978119,50.355686,54.482437,84.497292,90.257698,130.306763,102.948151,95.027138,78.017654,46.504322,37.048092,22.399458,-4.059707,67.06562,86.75209,87.620415,106.23542,105.377876,56.20974,10.120708,10.18929
21.415657,30.245625,5.687593,27.77249,115.856705,74.958237,-8.836179,-3.345763,61.251526,121.705574,70.748283,-4.150366,-7.561654,21.01136,46.612305,79.423119,51.383411,106.539078,65.503281,64.894005,-1.933495,23.792395,95.912819,123.671959,98.767784,51.973248,35.184135,10.813433,72.366295,120.277191,119.108337,74.690376,109.60688,47.723801,13.33236,3.215988,8.138833,102.949371,137.982849,87.126816,4.028713,15.462027,10.22326,115.145065,126.373756,130.075882,100.460442,25.931843,39.860001,36.812069,0.064128,21.172157,2.142702,1.216641,76.479012,119.650955,52.915119,42.63892,10.487982,74.456146,70.860046
21.48731,34.431091,11.167013,60.157867,148.205872,55.84713,5.351576,17.126036,113.483856,112.692604,43.320431,22.313547,53.169899,140.285568,53.211197,21.987154,6.386128,49.523674,121.813614,102.548141,7.121308,8.697017,27.161423,41.890823,44.310806,73.624535,130.485397,131.540771,118.101906,53.245399,11.607106,123.423897,115.570122,52.458485,7.758639,26.521509,143.465332,76.835678,33.141548,5.445111,43.842007,116.391899,123.002884,62.965515,13.119948,24.560009,127.544563,67.403305,1.00733,28.421072,129.895218,108.271454,26.306917,55.487835,133.766464,84.376358,5.287644,131.764008,75.172775,27.573471,119.270203
38.805729,106.155235,142.30957,127.78978,112.866707,67.654633,34.651073,-0.112075,36.649517,118.107742,129.391647,96.236687,66.525787,11.073436,34.143948,119.422256,136.799652,76.027946,104.392006,-14.069242,20.002024,-7.359242,25.357393,-15.538312,-1.129187,92.25753,105.913208,36.405254,-6.166883,36.354763,124.080795,93.321854,44.655296,0.431536,44.214996,94.088753,102.471413,58.42675,-6.250049,47.104889,127.120354,40.420368,11.321112,59.929611,124.488487,57.217636,1.625449,79.571701,156.73259,22.044186,33.494263,124.694382,72.233093,36.655674,46.008385,153.346741,101.526924,75.089203,1.319308,109.962143,133.65686
28.409576,28.67602,142.585449,133.70816,56.786304,23.390673,144.397308,96.037872,5.780911,144.59227,124.088966,15.131106,131.530792,127.146515,16.499893,131.052933,120.602539,23.036386,106.604492,131.363403,6.480836,140.087326,127.334793,27.767237,132.98941,125.569122,12.656407,106.016296,130.466324,42.939838,112.72184,132.655594,36.978432,129.420624,123.29998,13.946917,130.419968,125.472832,42.93898,72.774094,141.988235,53.928108,26.699875,139.037857,110.77755,12.576686,114.760269,134.190796,48.067848,59.637211,145.696564,64.942566,34.785782,140.038177,83.588364,31.016241,139.52005,110.744446,21.615635,88.247871,131.956741
33.088207,21.507021,76.496063,145.475082,152.891052,135.942917,105.313843,87.592072,78.873802,46.018562,40.072739,75.20237,126.600403,146.836639,133.876984,118.81501,124.580299,53.84803,34.577663,105.967865,25.733261,37.889175,99.442169,128.208435,136.29187,142.286453,103.277199,44.045097,57.20435,76.249817,128.065369,119.821053,78.953125,111.032448,112.616928,89.806038,62.777874,52.671135,48.650341,91.258041,126.214737,133.473526,86.073021,90.837082,49.870251,44.515873,4.042567,31.389996,46.868279,85.243156,125.440521,133.464569,129.615753,127.560928,77.554512,53.94838,67.902534,93.397285,124.59581,127.780586,41.75219
12.243857,117.907784,76.234932,62.836414,131.099304,120.585121,54.806499,115.026642,130.965729,90.479012,55.706741,136.156677,77.116821,32.844208,124.06498,102.146324,31.80706,38.801079,122.748566,93.696655,21.20661,84.765251,100.767982,51.868603,1.453992,78.263893,132.541824,26.179338,49.101242,117.361778,72.941086,-2.817222,71.719185,108.779182,83.161476,50.709888,0.688964,44.802837,113.209496,90.655479,39.268719,21.107981,81.87178,80.267113,32.856445,5.167825,99.162842,77.906563,3.216468,26.649328,114.956787,85.2239,59.07452,5.99219,68.314438,98.745621,98.44986,24.011534,2.814391,42.798714,91.876717
21.875027,27.895113,11.787805,3.019035,5.80431,12.440467,6.27978,9.701942,11.820524,12.541568,14.525718,7.017114,12.647163,24.471497,20.604687,21.556307,11.250172,10.335372,17.181261,13.871239,16.898664,11.244753,24.022076,13.161488,20.688551,2.873184,11.610759,17.345007,23.739653,11.947077,11.748066,24.746887,28.207516,19.053938,20.832567,27.230549,23.821346,20.865698,14.1757,27.56642,20.104765,24.485743,17.162251,30.187361,31.330591,27.542696,32.118423,41.707726,27.507166,44.247101,40.411633,38.705818,42.638462,23.506931,30.672167,32.422596,33.974281,40.11771,33.310722,24.55899,39.411564
12.651336,117.005783,31.382236,65.630096,145.388809,78.865768,7.47458,41.305149,111.469162,87.975983,37.84182,111.85025,121.314285,50.773094,67.208611,140.605392,43.593803,22.717031,108.549652,65.660591,32.045387,82.201859,128.204132,37.148064,24.089859,108.628517,63.604416,9.830143,32.953777,102.737778,67.877228,38.901142,29.923212,104.411072,64.424004,92.275635,49.488579,84.109436,51.915802,72.263702,98.955002,89.963188,32.298096,64.975067,96.218018,26.618046,48.151604,121.192528,46.71217,35.894192,122.141472,76.695435,118.977318,65.114967,93.683487,72.261749,48.556675,46.732071,119.110275,96.398438,76.112045
70.238754,90.470512,128.846405,9.900822,112.942726,64.848625,49.953144,121.793846,22.859417,121.112823,84.48716,54.891781,111.670647,22.829023,84.689041,89.745514,13.33232,109.205544,50.462692,50.244678,126.810677,53.12117,70.185501,132.439072,15.896946,131.571259,38.224674,45.509754,121.403557,31.986685,86.186607,117.568611,32.157021,34.33963,123.224167,66.847527,13.06995,73.588974,128.321945,45.243362,35.182243,128.017853,105.101303,60.602951,27.698629,63.380993,122.449226,58.856274,27.553419,85.979187,128.809326,78.953537,22.118387,38.770424,123.942078,109.085571,26.913351,56.184517,122.00293,50.971821,49.571041
149.990997,25.670698,22.140051,140.169678,117.574249,17.312473,97.775528,132.37915,60.209053,17.352737,75.382042,135.733688,38.51878,14.585061,104.89119,119.896271,56.527054,20.710432,86.260162,138.548172,46.414059,16.27173,88.021812,139.045654,69.601837,23.617846,21.594461,115.389053,105.78772,26.870602,36.780609,116.205627,131.191101,47.461369,28.633978,108.551117,113.46035,40.380474,22.071157,87.580566,122.022072,74.547417,24.895954,61.039009,131.651489,52.263592,29.309759,116.497276,114.874069,25.666258,73.306366,129.5737,35.476673,34.824593,134.935638,61.065716,43.21928,121.450981,81.858131,25.955566,74.719536
87.216324,87.325577,3.528363,34.037724,79.427536,86.943108,23.818413,22.002804,85.883408,54.806423,-4.668351,65.617256,81.448593,53.530602,20.348402,67.535568,86.994728,47.748886,27.486479,59.095509,86.858192,77.408928,5.56851,49.643314,86.979233,70.289772,4.504755,74.019379,82.833138,24.425383,33.789345,87.964104,55.581741,20.731543,87.639771,75.205589,22.461603,35.401779,74.854683,79.574158,21.312277,22.537144,81.462708,78.741455,29.500055,24.308588,85.441139,66.446808,4.002174,30.132168,83.496643,66.833267,27.93984,31.10671,58.342064,77.318565,58.84042,34.055267,27.11911,69.813828,85.280708
112.481163,44.811989,84.80172,123.995491,38.830391,81.5308,129.832748,47.825161,50.990093,122.232613,130.839157,45.463982,51.367737,137.111389,88.147263,38.461857,107.564796,122.01886,42.817493,56.93449,135.945541,103.80529,32.511082,97.719963,125.748566,38.847862,52.664848,124.315315,96.660309,28.985401,76.535828,119.66964,36.55423,56.000877,124.483589,26.994217,89.148705,149.782623,44.453049,36.743656,141.213333,45.653839,34.43713,140.557693,50.456661,75.283173,140.021301,42.380898,78.935287,120.471451,48.808929,60.135685,112.167824,113.731155,30.590942,120.160538,104.559021,32.806084,123.210846,102.807419,31.530186
21.628389,103.006302,36.36129,146.404297,45.755932,6.391873,40.475616,32.074329,81.718109,112.634911,96.56131,34.763378,34.21352,63.290562,100.477852,109.548439,119.1856,94.108047,82.494949,42.118004,21.201746,10.224185,62.573578,95.789803,116.797981,87.671829,33.583706,21.79063,34.429085,99.103096,101.615662,109.763657,58.984749,30.044233,28.426134,38.103222,89.753807,102.779907,100.567863,73.365501,40.996506,23.531893,39.800526,100.883759,101.785423,73.410507,16.493042,21.489668,83.642563,112.29818,76.581345,27.836023,24.102505,81.470871,109.970688,88.416351,34.920826,21.501833,89.593498,107.636414,92.778023
24.904198,15.65504,24.361267,26.691877,29.683453,20.473972,24.131628,20.996693,22.794174,25.515162,27.770462,24.586433,18.894087,23.223618,29.738993,29.709923,22.79285,30.57082,29.254158,21.954723,20.298302,21.367538,24.608128,26.007639,31.3627,27.522463,27.403103,26.649343,23.537748,24.893482,25.821074,23.701654,21.415474,11.873068,16.694923,16.374424,21.1852,23.819757,27.550249,28.742901,28.236149,25.004761,26.048536,22.543653,19.434214,23.567183,17.955185,23.244625,15.926284,17.500757,15.503796,16.159765,18.069788,21.811771,24.164175,21.533339,21.195034,16.659369,22.725241,22.192089,16.202042
121.398048,92.35891,41.318451,30.925093,37.622051,63.987766,77.88118,124.069771,132.460587,139.069839,142.100433,149.221863,143.242294,134.599823,110.977753,98.902832,120.223198,108.284058,128.747055,137.509796,133.434814,147.886581,137.91481,136.368134,133.313599,127.025223,141.193146,118.112785,80.096603,58.628807,96.707031,104.644524,100.126503,76.792099,82.530609,61.725887,35.979607,30.392685,56.883747,54.067455,120.211128,111.264961,147.93634,130.047256,124.057167,110.635071,97.494926,85.15847,39.137604,44.336998,51.748505,31.239059,62.450123,84.738586,93.051758,97.967819,118.646576,129.579788,124.850967,138.869492,123.350418
16.277945,4.445897,3.502266,8.231942,3.372677,5.002622,4.602569,-6.333343,-3.069053,0.385456,6.710352,-4.056802,1.139822,6.337379,7.431993,-7.27276,-11.883688,-5.093561,-7.413292,-7.197919,-7.920501,-3.422262,-3.19126,-5.289368,-8.099522,-0.497326,-10.511147,-7.970559,-6.193424,-4.55304,-0.853906,2.010575,-9.092823,1.616595,2.061487,3.683113,4.782205,3.568706,-2.665057,1.514078,3.699185,-3.662035,-9.556314,-2.466882,-8.500031,-6.047728,-11.525114,-10.639125,-4.932517,-8.727845,2.693531,9.913295,14.848062,-0.808246,-3.877382,-3.554093,-4.153369,0.760164,-1.999344,-2.275608,0.69139
12.430871,7.072823,9.733406,38.24543,75.216827,109.38047,134.738495,117.032356,62.026321,8.14876,-1.622492,-0.426202,9.924297,44.923729,111.123863,120.872261,139.980255,97.986122,25.938034,1.469431,-8.315714,32.231674,89.335999,112.095901,116.922348,118.963318,77.043228,43.334118,11.641738,1.256997,5.638303,33.914352,72.304092,108.561028,143.528046,123.257271,108.642113,54.819008,15.96281,4.233361,5.164061,12.637629,56.946663,57.398132,88.132866,124.287491,125.804024,117.05304,56.289219,33.327511,8.247867,13.226259,66.754059,122.456947,153.667435,106.608604,34.044369,5.531446,16.689266,75.041237,144.271713
20.617517,72.457802,2.580789,-10.145542,31.850809,39.556385,70.470314,70.72496,87.496857,48.427319,27.017672,-13.210641,24.872978,33.221523,76.392975,134.49704,90.087051,42.307007,-6.246326,54.912846,122.62355,134.09285,52.157497,3.841723,33.900757,115.358116,134.798508,92.968483,33.185287,18.766462,33.740143,108.239174,141.822601,143.124069,137.852936,102.814583,51.666588,28.235249,22.474571,67.196701,110.347351,136.848969,142.392349,114.910629,75.477364,24.158501,25.203634,47.700161,30.058987,70.111816,97.965187,137.478653,141.220459,110.132378,71.505913,39.432514,22.295101,24.418768,41.009033,23.555361,44.048908
15.543049,13.159134,11.077849,11.746356,7.269489,8.682521,8.572367,10.932915,5.814108,6.239226,11.143305,3.640309,9.327349,-2.838968,8.725798,7.670291,11.118578,13.817179,-0.883601,20.744806,22.705063,13.84208,13.994245,16.095362,26.118725,21.563349,22.309109,20.21175,14.696943,1.829589,6.803796,20.483238,17.450508,16.996706,13.644382,8.249225,17.030128,6.640888,7.88966,9.652763,21.107149,22.720304,21.674177,22.510731,26.793505,22.857536,17.425247,22.142027,20.958723,18.966583,11.608531,19.898138,16.326908,20.946686,12.500711,18.451042,21.124741,17.042488,21.294264,22.553864,29.742527
15.170989,73.175652,56.253593,23.409746,-8.119773,-9.895198,9.85377,26.65386,62.508766,44.297329,39.545929,35.123592,39.037773,79.720634,150.597931,145.037567,119.331192,130.987259,68.142555,49.134262,1.45124,-3.496576,29.917107,55.28278,70.590607,93.791191,102.935272,134.87294,138.747696,115.310356,32.719353,3.31816,7.674139,-7.682803,-7.045767,57.718178,75.316162,132.163376,124.629532,128.266632,62.205402,49.91235,23.876125,11.927846,5.034907,18.184231,25.770735,21.202021,37.434196,101.300964,136.647263,142.137146,144.007507,135.404739,62.248535,53.354145,11.872021,-2.697941,-6.493654,9.14754,40.632874
21.070475,52.939968,63.969109,70.646843,53.596695,61.428749,79.848106,98.408577,100.610947,83.85186,98.563873,98.314529,90.959976,88.916969,65.431267,56.342182,72.769363,69.029457,59.183228,42.848522,52.279545,35.578068,40.647667,48.345284,31.730085,36.496735,52.810318,61.195301,36.653336,29.572128,34.137726,25.74819,43.333073,51.844162,60.766396,69.873932,71.51371,72.499168,69.241386,75.247093,85.795212,93.822037,114.664795,90.625549,106.134384,104.854385,84.476875,79.726677,72.958473,86.514534,83.626869,78.478203,73.413696,80.658699,81.53215,78.699593,75.318611,77.181801,81.57209,80.850281,75.148109
14.708131,13.655623,83.955025,115.355446,148.069244,110.99485,52.373707,1.554053,-3.397559,82.798752,144.696838,96.172295,24.013008,-1.614204,31.739298,112.151382,136.192215,89.385948,42.353657,17.172295,-0.964872,25.877762,143.067383,128.846664,32.584934,9.077949,-3.416867,3.866986,87.583725,144.670425,102.216042,36.253551,0.975539,-6.600755,36.574078,111.568558,144.592865,113.540924,31.586159,38.756634,1.561612,-7.239899,10.574697,104.090919,139.110123,124.240829,29.881876,-5.565231,35.121887,129.920044,91.480766,30.149473,0.225455,5.654882,73.909027,142.488724,127.411392,33.685905,24.689262,2.37346,79.725029
