0,0.000005,0.000007,-0.000007,0.000009,0,0.00001,0.000007,-0.000005,0,0,0,-0.000009,0,-0.000003,-0.000003,0.000002,0.000002,-0.000002,-0.000009,-0.000002,0.00001,0.00001,-0.000002,-0.000002,0.000002,-0.000002,-0.000003,0.000009,0.000003,0.000003,0.000009,0,0.000009,0,-0.000001,-0.000006,-0.000003,-0.000003,-0.000014,0,0.000009,-0.000003,-0.000003,-0.000009,0.000003,-0.000006,-0.000007,0.000003,0,0.000002,-0.000003,0.000003,0.000012,-0.000007,0,0.000008,0.000003,0.000006,0.000002,-0.000007
0.000003,0.000005,0.000003,0.000003,-0.000007,0,0.000003,-0.000005,0.000002,0,0.000002,-0.000007,-0.000005,0,0,0.000009,-0.000003,-0.000003,0.000003,0.000002,-0.000002,0.000002,0.000005,0.000003,-0.000003,-0.000003,-0.000003,0,-0.000005,0,0.000002,0,0.000002,-0.000005,-0.000003,-0.000003,0.000003,0.000003,0.000004,0.000002,0,0,0.000005,0.000003,0.00001,0.000003,-0.000003,-0.000002,-0.000002,0,0.000009,0.000002,-0.000003,-0.000001,0,0.000002,-0.000002,0.000007,0.000003,0,0.000001
0,-0.000003,0.000009,-0.000002,0.000006,-0.000006,-0.000003,0.000002,0,0.000004,-0.000003,0.000005,-0.000005,0,-0.000003,0,0.000002,0.000005,0.000003,-0.000003,0.000002,0,0.000004,-0.000004,0.000002,-0.000002,0,0,-0.000006,0.000003,0.00001,0,0,0.000003,0.000003,0.000009,-0.000007,-0.000003,0.000005,0.000003,-0.000003,0.000008,0.000002,0.000004,0.000005,0.000003,0.000002,0,-0.000006,0.000009,-0.000001,0,-0.000005,0.000005,0.000002,0.000004,0,0.000002,0,0,-0.000002
0.000003,-0.000005,0.000003,-0.000002,0,-0.000003,-0.000002,-0.000002,0,0.000002,-0.000003,0,0.000003,0,0,-0.000002,0,0,0,0,0.000006,-0.000003,0,-0.000002,0,-0.000002,0,-0.000002,-0.000002,0,-0.000002,-0.000002,0,-0.000003,0,-9.71342,0.000003,0.000003,0.000002,-0.000003,0.000003,0.000002,0.000003,0.000005,0,0.000002,0.000002,0,0,0.000005,0.000002,-0.000004,0,0.000002,0.000002,-2.416718,0.000003,-0.000002,0,0,0.000002
0.000002,0.000002,0,-0.000007,0,-0.000002,0,0.000009,0,-0.000003,0,-0.000003,0.000008,-0.00001,0,-0.000003,0.000002,0.000002,-0.000003,0.000002,-0.000008,-0.000002,0,-0.000002,0,0.000009,0.000003,0.000002,0.000003,0.000003,-0.000002,0.000002,0.000007,-0.000009,-0.000003,0.000002,0,-0.000004,0.000002,0.000006,0.000003,0.000005,0,-0.000002,0.000002,-0.000004,0.000009,-0.000007,-0.000003,-0.000003,0.000002,0,0.000004,0.000007,-0.000005,0,-0.000003,0.000003,0.000002,-0.000002,0
-0.000005,0.000001,-0.000002,0.000003,-0.000001,0,0.000002,0,0.000002,-0.000002,0.000003,0,0,0,-0.000004,-0.000003,0.000002,0.000002,0.000002,0,0.000003,-0.000003,-0.000003,0.000004,-0.000002,0.000002,0.000003,0.000004,0,-0.000002,0.000001,0,-0.000003,0,0,0.000004,0,-0.000003,0,0.000005,-0.000002,-0.000003,0,0.000002,-0.000002,0.000003,0.000002,0,0.000005,-0.000002,0,0,-0.000007,-0.000007,0.000002,0,0,-0.000003,0,0,-0.000003
0.000007,0,0.000003,0,0.000002,-0.000005,0.000012,-0.000004,0.000009,-0.000005,0.000007,0.000001,0.000001,0.000005,-0.000005,0,0.000007,0,0.000004,0,0,-0.000001,0,0,0,0.000003,-0.000006,0.000004,-0.000008,0,0.000002,-0.000005,0.000007,0,0,-0.000004,0,0.000003,0.000003,-0.000003,0,-0.000004,0.000004,0.000004,0.000005,0.00001,0,0.000005,-0.000006,-0.000006,-0.000003,-0.000003,0.000006,0,0.000002,0,0.000002,0.000003,0.000006,0,0
0,0.000003,0.000004,-0.000001,0,-0.000011,-0.000004,0,0.000004,-0.000003,-0.000002,0,0.000008,-0.000003,-0.000002,0.000003,0.000008,-0.000003,-0.000003,0.000001,0.000002,-0.000003,0,-0.000001,0.000003,0.000004,-0.000002,-0.000004,0.000001,0.000003,-0.000002,0.000007,0.000005,-0.000002,0,0,0,0,0.000001,0.000002,-0.000005,-0.000002,0,-0.000003,0.000003,0.000002,0.000004,0,0.000003,-0.000004,0.000008,0.000001,-0.000003,0.000004,-0.000003,-0.000003,0,-0.000001,-0.000006,-0.000009,0
-0.000003,0.000005,-0.000005,-0.000007,0,0.000009,0.000002,0.000002,0.000003,0,-0.000003,0.000003,-0.000002,0,0.000006,-0.000002,-0.000003,0.000005,0.000003,-0.000002,0.000005,-0.000003,0.000003,0,0.000003,0,0.000001,-0.00001,0.000002,0.000003,0.000002,0.000008,0.000006,0.000003,0.000003,-0.000002,0,-0.000002,-0.000003,0.000005,0.000004,-0.000001,0,-0.000004,0.000003,0.000007,-0.000009,0.000004,-0.000003,-0.000009,0,0.000002,0.000004,0,-0.000007,-0.000005,0.000002,0,-0.000006,0.000003,0.000004
0.000002,-0.000002,0.000007,0,0.000004,-0.000006,0,-0.000009,0,0.000004,0,0.000002,0.000003,-0.000002,-0.000003,0.000007,-0.000003,-0.000007,0,0.000005,0.000009,0.000003,0.000008,0,0.000003,0.000002,0,0.000008,-0.000003,-0.000002,0,0.000005,-0.000006,0,-0.000007,-0.000002,-0.000006,-0.000003,0.000011,0.000002,-0.000003,0,0.000008,0.000012,-0.000005,-0.000004,0.000003,0.000007,0.000023,0.000002,-0.000002,0.000007,-0.000002,-0.000003,0,0.000011,-0.000002,0.000006,-0.000013,-0.000006,-0.000007
0.000002,0.000003,0.000005,-0.000003,0.000007,-0.000002,-0.000007,-0.000005,-0.000003,-0.00001,0.000005,-0.000002,-0.000009,-0.000005,0.000002,0.000003,0.000003,-0.000005,-0.000002,0.000005,-0.000007,-0.000007,0.000002,0.000002,-0.000002,0.000003,-0.000007,0,0.00001,0.00001,-0.000007,0.000014,0,0.000002,-0.000012,0.000002,-0.000005,-0.000014,0.000002,-0.000017,-0.000005,-0.000003,0.000012,0.000002,0.000007,0.000014,0.000009,0,0,0.000003,-0.000003,-0.000003,-0.000002,0.000003,-0.000002,0.00001,0,0.000005,-0.000002,-0.000003,-0.000007
-0.000001,0.000002,0.000002,-0.000005,-0.00001,-0.000003,0.000003,0.000003,-0.000003,-0.000007,-0.000007,0.00001,-0.000003,-0.000002,-0.000002,0,-0.000009,-0.000003,-0.000002,-0.000009,0,0.000005,0,-0.00001,0,-0.000002,0.00001,0.000002,0,0,0.000005,0.000003,0.000009,-0.000002,-0.000003,-0.000005,0.000002,0.000002,0,-0.000002,0,0.000005,0.000005,0.000002,0.000003,0.000002,0.000007,-0.000003,-0.000005,-0.000002,-0.000002,0,-0.000003,0,0.000003,-0.000007,-0.000003,0.000002,-0.000007,-0.000002,-0.000005
0.000001,0,-0.000002,0.000004,0,0.000005,-0.000004,0,-0.000002,0,0.000003,-0.000005,0,0,0,-0.000004,-0.000003,-0.000003,-0.000005,0.000002,-0.000001,0.000004,-0.000002,-0.000004,-0.000009,0.000004,0.000005,0.000004,-0.000006,-0.000006,-0.000007,0.000006,0,-0.000007,0.000003,0,-0.000004,0,0.000004,0,0.000007,0.000005,-0.000002,0,-0.000004,0.000006,0,-0.000004,-0.000002,-0.000003,0,0,0,-0.000004,0.000007,0.000001,0.000008,0.000004,0,-0.000001,-0.000003
0,0,0.000002,0,-0.000004,-0.000005,0.000003,-0.000001,0,0.000002,-0.000002,0.000002,0.000007,-0.000004,-0.000001,0.000001,0,-0.000003,-0.000004,-0.000002,-0.000008,-0.000003,0.000012,0.000003,-0.000008,0.000006,-0.000002,-0.000003,-0.000005,0.000004,-0.000002,-0.000003,0.000002,0,0,0.000003,0.000002,0.000003,-0.000003,0,-0.000007,-0.000004,0,0.000003,-0.000001,0.000005,-0.000005,0.000006,-0.000003,0.000004,-0.000002,0,0.000009,0.000002,-0.000003,0.000006,-0.000005,0.000007,-0.000004,0,0.000002
-0.000002,-0.000006,0.000002,0,0.000005,0.000007,0.000006,0.000003,-0.000004,0.00001,-0.000003,-0.000006,-0.000002,0.000014,-0.000003,0.000002,0.000002,-0.00001,0.00001,0.000007,0.000003,-0.000002,0.000005,0.000008,0.000005,0.000008,0.000012,0.000004,-0.000011,0.000013,-0.000002,-0.000004,0.000004,-0.000002,0,0.000003,-0.000005,-0.000008,-0.000003,0.000009,0.000002,0.000003,0.000007,0.000003,0,0.000003,0.000003,0,-0.000015,0.000005,-0.000002,0.00001,0,-0.000002,-0.000005,0,0,0,0.000002,0.000004,-0.000005
-0.000003,0.000005,-0.000002,0.000006,-0.000002,0.000004,0.000003,0,-0.000003,0,0.000002,-0.000011,-0.000002,0,0.000002,0,0,0.000005,-0.000008,-0.000003,0,0,-0.000004,0.000002,0.00001,-0.000005,0.000005,0.00001,0,0.000003,0.000004,-0.000004,-0.000004,-0.000002,-0.000004,-0.000017,-0.000002,0.000003,-0.000005,-0.000006,0.000005,-0.000002,0.000002,0.000005,0.000006,0,0.000009,0.000006,0.000007,-0.000009,0.000001,0.000003,0.000002,-0.000003,-0.000007,0.000003,0.000003,0.000003,0.000003,0.000003,0.000002
0.000003,0.000003,0.000001,0.000002,0.000003,-0.000006,-0.000007,-0.000005,0,0.000003,0.000009,0.000006,0.000003,-0.000006,0.000005,0.000011,0,0,-0.000003,-0.000003,-0.000002,0,0.000003,-0.000004,-0.000016,0.000007,-0.000005,0.000003,-0.000003,0,0,-0.000008,-0.000005,-0.000007,-0.000002,0,-0.000003,-0.000002,-0.000003,-0.000021,-0.000002,0.000005,-0.000005,0.000003,0.000003,-0.000002,0.000002,-0.000012,-0.000002,0.000009,0.000009,-0.000007,0.000003,0.000009,0.000005,0.000002,-0.000009,0.000005,0.000002,0,0.000007
0.000002,0,-0.000004,0.000004,-0.000005,0.000003,0,0,-0.000003,-0.000003,0.000003,0.000002,0.000003,0.000003,0,0.000003,0,-0.000002,-0.000004,-0.000002,0.000002,0.000004,0,0,-0.000002,-0.000001,-0.000003,0.000007,-0.000002,0,0.000002,-0.000001,0.000004,0.000003,0.000001,-0.000004,0.000003,0.000002,-0.000002,0.000007,0.000007,-0.000001,0,-0.000004,-0.000002,0.000003,0,0.000003,-0.000002,0,-0.000006,-0.000003,0.000006,-0.000005,0,-0.000002,0,0,0.000004,-0.000011,-0.000002
-0.000006,0.000005,0.000005,0.000007,0.000005,0,0.000014,0.000005,-0.000003,-0.000004,-0.000002,0.000007,0.000002,0.000002,0.000003,0.000003,0.000003,-0.000006,0.000003,0.000014,-0.000008,0.000003,0.000006,0.000009,0.000003,-0.000003,0.000011,0,-0.000005,0.000008,-0.000002,0.000003,-0.000004,0.000003,0.000002,-0.000004,-0.000004,-0.000006,0.000005,0.000009,-0.000002,0.000004,0.000003,0.000002,0.00001,0,0.000002,0,-0.000002,0.000001,0.000006,-0.000004,0.000003,0.000003,-0.000007,0,0.000004,-0.000007,-0.000007,-0.000009,0.000006
-0.000013,0.000004,0,0.000006,0,0.000006,-0.000004,0.000008,-0.000007,0.000007,0.000005,0,-0.000003,0,0.000014,0.000008,0.000002,0.000001,-0.000002,-0.000001,0.000001,0.000002,0,0.00001,0.000004,0,-0.000005,-0.000002,-0.000004,-0.000007,0.000004,0.000003,0.000002,0.000003,0,0.000001,0.000006,0.000006,0.000001,0.000003,0.000002,-0.000002,-0.000004,0,0.000004,-0.000006,-0.000007,0,0.000006,-0.000004,-0.000011,0.00001,0,0.000003,0.000005,-0.000003,-0.00001,-0.000008,-0.000003,0,-0.000003
-0.000003,-0.000003,0.000004,0.000002,0.000003,0,0,0.000002,-0.000001,-0.000001,0,0,-0.000007,0,0.000004,-0.000002,0.000001,-0.000002,0,0.000006,-0.000003,0,0.000003,-0.000007,0,0.000002,-0.000002,0.000004,0,-0.000006,0,0.000002,-0.000003,0.000001,-0.000006,-0.000003,-0.000003,-0.000003,0,0,0.000003,-0.000006,0.000001,0,-0.000003,-0.000003,-0.000003,0.000002,-0.000007,0,0,0.000005,0.000002,0.000002,-0.000005,0.000002,-0.000007,0,0.000004,0.000002,-0.000002
-0.000007,-0.000002,0.000006,0.000004,0,-0.000001,-0.000005,0,-0.000009,-0.000003,0,0.000003,0,0.000009,0.000001,-0.000003,0.00001,0,-0.000003,0,0,-0.000002,0.000002,-0.000005,0.000003,0.000002,0,0,0,-0.000005,-0.000005,0.000002,-0.000002,0,0.000005,-0.000002,0,0.000003,0.000009,0.000003,0,0,-0.000003,0.000003,-0.000002,0.000002,-0.000002,-0.000003,-0.000003,-0.000003,-0.000011,-0.000005,-0.000006,0,0,0.000002,0.000003,0.000003,-0.000005,-0.000006,0.000005
-0.000002,0.00001,0.000003,0.000009,0.000004,-0.000004,0,0.000004,0.000009,0.000002,0.000003,-0.000006,-0.000005,0.000012,-0.000002,0.000007,-0.000004,0.000002,-0.00001,0,0.000005,0.000002,0,0.000007,-0.000002,0,0.000001,0,0.000003,0,0.000004,0.000002,0,0.000005,0.000013,-0.000003,0.000007,0,0.000014,0.000003,-0.000004,-0.000004,-0.000003,0,-0.000002,0.000003,0,-0.000003,-0.000003,0.000006,0,0.000004,0.000009,0.000002,0,0,0,0.000006,0.000003,0.000004,0
-0.000003,-0.000004,-0.000007,-0.000003,0.000004,-0.000003,0,0.000007,0.000001,0.000006,0.000003,0.000005,-0.000004,0.000005,0.000005,-0.000002,-0.000013,0.000011,0.000003,0.000003,0.000005,0.00001,0,0.000002,0,0,-0.000007,0.000007,0.000003,0.000003,0,-0.000012,0.000008,0.000003,0.000003,0.000004,-0.000002,0,-0.000003,-0.000004,-0.000003,0,-0.000003,0.000011,0.000004,-0.000004,-0.000002,-0.000005,0,-0.000003,-0.000007,0,0,0,0,0.000005,0.000002,-0.000003,0,-0.000002,-0.000004
0.000002,0,0.000005,0.000009,0.000003,-0.000008,-0.000002,-0.000002,0.000002,0.000003,0.000009,0.000003,0,-0.000003,-0.000005,0,0.000002,0,-0.000002,0,0.000006,-0.000002,0.000009,0.000002,-0.000003,0,-0.000004,0.000009,0,-0.000005,0,0.000005,0,-0.000004,0.000005,-0.000003,-0.000003,-0.000005,0.000002,0.000001,-0.000009,0,-0.000007,-0.000003,0,0.000003,-0.000003,0.000005,-0.000005,-0.000005,-0.000003,0,0.000012,0.000002,0.000003,0.000005,0.000003,0,0.000003,0,0.000003
0.000003,0.000002,0.000002,0,-0.000006,0.000004,0.000008,0.000008,-0.000015,0,-0.000002,0,0.000009,0.000009,0.000003,0.000012,0.000014,0.000001,0.000006,0,-0.000015,0,0.000008,0.00001,0,0.000005,0,0.000014,0.000008,0.000008,-0.000006,0,-0.000005,0,-0.000001,0,0.000001,0.000003,0.000003,-0.000002,0.000002,0.000009,0.000003,-0.000005,0.000002,0.000005,0.000005,0,-0.000003,0,0.000007,-0.000002,0.000003,-0.000008,0.00001,0.000009,0.000002,0.000004,0,0.000002,0
0.000014,-0.000003,0.000007,-0.000005,0.000005,0,-0.000007,0.000007,-0.000002,0.000003,-0.000007,0.000008,0,-0.000003,0.000009,-0.000005,-0.000002,-0.000002,0.000004,-0.000003,0.000007,-0.000007,0.000005,-0.000002,0.000003,-0.000005,-0.000002,0.000007,-0.000003,-0.000003,0.000005,0.00001,0.000005,0.000003,-0.000007,-0.000002,0,0.00001,0.000012,-0.000008,0.000005,-0.000002,-0.000009,0.000009,0,-0.000007,-0.00001,-0.000009,0.00001,-0.000002,-0.000005,0.000002,0,-0.000002,0.000014,0,0.000002,0.000002,0.00001,-0.000003,-0.000002
0,-0.000002,-0.000007,-0.000009,0.000009,0.000002,-0.000003,-0.000002,-0.000003,0.000002,0.000003,0.000007,-0.000007,0.000003,0,-0.000004,0.000006,0.000003,-0.000002,0,0.000003,0.000004,-0.000004,0,-0.000003,0,0.000007,0,0.000002,0.000003,0,0,-0.000009,0.000002,0.000003,0,0.000004,-0.000005,0,-0.000003,-0.000005,-0.000007,0.000003,-0.000005,-0.000003,0,0.000002,-0.000003,-0.000002,0.000005,0.000005,-0.000003,0.000002,-0.000009,0.000005,-0.00001,0.000002,0,0.000003,0,0
0.000003,-0.000003,0,0.000004,-0.000002,0,0.000009,0,0,0.000003,-0.000005,0,0,0.000003,-0.000008,0.000003,-0.000003,0,-0.000007,0,0.000002,0.000003,0.000007,0,0.000002,0,0.000002,-0.000002,-0.000005,0.000003,0,0.000003,0.000002,0,0,0.000003,-0.000002,-0.000006,0.000003,0,-0.00001,0,0.000002,0,0.000006,-0.000006,0.000005,0,-0.000002,0,-0.000005,0,-0.000005,0.000002,0.000005,-0.000002,0.000003,0.000003,0.000004,-0.000005,-0.000002
-0.000002,0.000003,0.000004,0.000009,-0.000001,0.000001,-0.000008,0.000007,0.000007,0.000002,0,-0.000006,0.000004,-0.000002,-0.000002,-0.00001,0.000002,0.000003,-0.000002,-0.000008,0,0,0.000006,-0.000003,0.000004,0.000009,-0.000006,-0.000004,0,0.000005,0,-0.000005,0.000002,0.000005,0.000003,0,-0.000003,0.000005,0.000003,0.000002,0,0.000006,-0.000003,0.000003,0.000004,0.000005,-0.000003,-0.000004,0.000003,0,0.000002,-0.000002,0,0,-0.000002,0,0.000007,0.000015,-0.000003,0.000009,0.000003
0.000003,0.000001,0.000004,0.000001,0.000012,0.000004,-0.000005,-0.000002,0,0,0,0.000004,0,0.000002,-0.000003,0.000003,0,0.000009,-0.000008,0,0.000001,-0.000003,0.000002,-0.000006,0.000004,0.000005,-0.000002,0.000005,0,0.000003,0.000008,-0.000001,0.000007,0,0.000003,0.000006,-0.000007,0.000003,0,0.000006,-0.000002,0,-0.000006,0.000009,-0.000004,0.000007,-0.000004,-0.000003,0.000003,0,0,0.000003,0.000003,0,0.000003,0,0,0.000012,0.000003,0.000005,0.000005
-0.000002,0.000012,0.000003,-11.473178,0.000005,0.000005,0.000002,0,-0.000002,0.000007,-0.000003,0,0.000002,0,0.000009,-0.000003,0,-0.000007,0,0.00001,0,0,0.000007,-0.000002,0.000003,0.000003,-0.000007,0.000002,-0.000012,0,-0.00001,-0.000014,0,0,-0.000005,0.000002,0.000003,-0.000002,0,0,-0.000007,0,0.000002,0.000005,-0.000002,0.000005,0,0.000003,0,-0.000003,0.000005,-0.000002,-0.000003,-0.000002,-0.000005,0.000002,0,0.000002,-0.000002,0.000002,-0.000005
0.000002,0.000002,-0.000005,0.000002,0.000005,0.000003,0,0,-0.000009,-0.000009,-0.000003,0.000005,0.000007,0.000005,-0.000002,-0.000005,-0.000002,0.000005,-0.000007,-0.000002,0,-0.000009,-0.000003,-0.000003,0.000002,0.000002,-0.000002,0.000005,-0.000005,-0.000003,0.000002,0.000003,0.000003,-0.000002,-0.000002,0,-0.000002,0,-0.000005,-0.000007,-0.000003,0.000003,0.000012,0.000003,-0.000002,0.000003,-0.000002,0.000002,0,0,-0.000002,-0.000002,-0.000005,-0.000009,0.000003,0.000007,-0.000005,0.000002,0.000002,0,0
-0.000003,-0.000003,-0.000007,0,-0.000003,-0.000004,-0.000003,-0.000003,0.000003,0.000003,0,0.000004,0,0.000005,0.000003,0.000004,0.000003,0.000005,-0.000005,0.000004,0.000006,0.000003,0,-0.000003,-0.000002,0.000003,0.000003,0.000003,0,-0.000003,0.000002,-0.000003,-0.000004,0.000004,0.000002,0.000006,0,0,-0.000002,-0.000004,-0.000006,0.000003,-0.000008,0,0,0.000009,0.000004,0.000008,-0.000005,-0.000002,-0.000003,-0.000003,0.000003,-0.000008,-0.000003,0.000002,-0.000003,0.000004,0,0,-0.000003
-0.000002,-0.000002,-0.000002,0.000004,-0.000004,0.000004,0,0.000004,0,-0.000002,-0.000003,0.000003,-0.000003,0,0.000003,0,-0.000005,0.000005,0.000003,0,0.000002,-0.000005,0.000005,-0.000003,0,-0.000002,0,-0.000002,-0.000005,-0.000003,0.000003,0,-0.000005,-0.000005,0.000002,0,0.000003,0.000008,0.000007,-0.000005,-0.000003,0,0.000002,-0.000002,0.000003,0.000002,0.000003,0.000002,0,0.000003,0.000002,0,0.000003,0,-0.000003,0.000007,-0.000002,-0.000002,0,-0.000002,-0.000005
0,0,0.000003,0.000003,0.000005,0,-0.000003,0.000003,0.000006,0.000009,0,0.000007,0.000003,0.000005,0.000009,0.000005,-0.000002,0.000007,-0.000009,0.000003,0.000002,0.000007,0.000005,-0.000005,0,-0.000005,0,0.000003,0.000015,0.00001,0.000012,-0.000007,-0.000002,0.000017,-0.000012,0.000012,0.000002,0.000003,0.000005,0.000005,-0.000003,-0.000002,0.000014,0,0.000003,0.000005,-0.000005,-0.000002,0.000012,0.000003,0.000003,0.000003,-0.000003,0.000007,-0.000003,0.000005,0.000005,0.000009,-0.000002,-0.000002,-0.000009
-0.000003,-0.000007,0.000002,0.000005,-0.000014,0.000002,0.000005,0.000005,-0.000007,0.000004,0.000005,-0.000002,0.000005,-0.000002,0,0.000002,-0.000002,-0.000003,0.000002,-0.000005,0,0.000004,0,-0.000009,0.000003,-0.000014,0.000002,-0.000002,-0.000002,0.000002,0,0,-0.000008,0.000003,-0.000002,-0.000012,0,-0.000009,0.000003,-0.000007,0.000003,-0.000002,-0.000005,0.000014,-0.000003,0.000012,-0.000008,-0.000005,-0.000003,0.000005,0.000012,0.00001,-0.000007,0,0.000005,-0.000003,0.000009,0.000009,0.000002,-0.000002,0.000005
-1.591399,-9.271381,-11.34023,-4.512241,3.462607,-7.026536,-0.000005,0.000004,-5.217892,2.888605,5.253659,0.05653,-7.032701,0.000002,-0.000006,0,3.02016,-0.376981,-0.000006,0.000008,0,-0.000004,-0.000013,4.491251,-1.502615,9.374522,-7.737323,0.000005,-6.083859,1.119681,0.000008,-0.000009,-5.830855,2.026979,4.811098,-0.000003,-1.999143,0.000005,-0.000008,0.000002,-0.000009,0.000006,-0.000005,-15.808675,0.000004,0,-0.000005,18.818569,-0.000003,-0.000009,-0.000003,-0.000005,-14.718389,0.000005,5.759456,6.976866,-0.000006,0.000005,0.000002,-0.000005,0.000007
0,0.000012,-0.000001,0.000002,-0.000007,-0.000001,-0.000003,0.000006,-0.000009,0,-0.000003,0,-0.000005,0.000002,-0.000003,0,0.00001,-0.000006,-0.000002,0.000005,-0.000012,0.000008,0.000005,0.000007,0,0.000023,0,0.000011,0.000003,0.000007,0,0,0.000012,-0.000008,-0.000006,-0.000014,0.000002,0.000002,0,0.000003,0,0,0.000007,0.000002,0.000002,0.000005,-0.000003,0.000005,0.000002,0.000007,-0.000005,0.000003,-0.000007,0.00001,0.000003,-0.000012,0.000007,-0.000003,-0.000004,0.000002,0
0.000009,-0.000009,0.000005,-0.000003,0.000002,-0.000004,0.000003,0.000007,0,0.000007,-0.000003,-0.000009,-0.000003,-0.000002,-0.000007,0.000009,-0.000002,0,0.000002,0.000005,0.000008,0.000003,0,0,0.000002,0,0.000003,0.000002,0.000003,0,-0.000005,-0.000002,-0.000009,0.000006,0.000002,0.000013,-0.000007,0,0,-0.000005,-0.000005,-0.000006,0,0,-0.000002,0.000004,0.000007,-0.000005,-0.000007,0.000001,-0.000003,0.000005,0.000002,0.000003,-0.000003,0,0.000005,0.000003,0,0,0
0.000005,0.000002,0.000003,0,-0.000002,-0.000005,0.000006,-0.000005,0.000002,0,0,0.000007,-0.000005,0.000002,-0.000002,0.000002,-0.000005,-0.000003,0.000002,0.000001,0.000001,0.000003,0,-0.000002,0.000005,-0.000003,0,-0.000002,0.000002,-0.000005,-0.000002,0,0,0,-0.000002,-0.000005,-0.000002,-0.000007,0.000002,-0.000002,0.000003,-0.000001,0,0,0,0.000003,0.000003,0,-0.000002,0.000005,-0.000003,0,0.000002,0,0,-0.000003,0,-0.000004,0.000004,-0.000003,-0.000002
0.000003,-0.000003,0.000001,-0.000004,0,-0.000003,0.000004,0,0.000005,0,-0.000002,0.000002,0.000003,0.000007,0.000003,0.000005,0.000003,-0.000005,0,0.000002,0.000003,-0.000003,0.000003,0.000007,-0.000005,-0.000005,-0.000002,-0.000005,0,-0.000004,0.000002,0.000006,-0.000009,0,0.000003,0,-0.000002,0.000005,0.000005,0.000003,0,0,-0.000003,0.000002,0.000002,-0.000006,-0.000007,0.000002,-0.000007,0.000009,-0.000009,-0.000002,-0.000002,-0.000002,0,-0.000002,0,-0.000002,0,0.000007,0
-0.000002,0.000002,-12.505553,0.000007,-0.000005,0.000002,-0.000007,0,-0.000002,0,0,-0.000005,-13.498199,0,0,-0.000003,0.000002,-0.000002,-0.000003,0,0.000009,-0.000005,0,-0.000002,0,-0.000002,0.000002,0,-0.000005,-0.000002,-0.000005,-0.000002,0.000002,0.000002,0,-0.000003,-0.000002,0,11.518621,0,0.000006,0,-0.000004,0.000002,0,-0.000009,0.000005,0.000005,0.000007,0.000003,-0.000002,-0.000007,0.000003,0,-0.000002,-0.000009,0.000002,-0.000003,0.000003,-0.000007,0.000002
-14.202316,0.000003,0.000003,0,-11.984686,-3.448313,5.832433,-0.000002,-0.000003,-0.000006,-10.012368,8.964217,-0.000007,0,0.000002,0.000003,-8.7764,-5.362179,-0.000002,0.000002,-0.000002,0,0.000012,-17.044252,-6.142855,13.231992,-0.000005,6.835159,-0.000002,-0.000003,-0.000002,-0.000002,-0.000001,0.000004,0.000002,-0.000006,0.000002,2.367751,7.40961,0,-11.900121,-13.478831,8.762882,0,-12.466584,-8.581038,0.000003,0.000007,0,0.000007,0,0.000003,0.000005,0.000003,0.000003,0.000002,-0.000004,-0.000007,0.000006,-14.435117,8.375783
-11.225272,1.461678,3.99153,-6.010127,1.706509,-0.000007,2.341455,3.429147,0.000009,5.227185,-0.000006,7.308051,-6.544706,6.296342,-8.39152,-1.224094,8.042526,-6.261797,4.223516,-8.012581,2.910563,-11.367662,-10.787638,-1.025949,5.858571,-7.946414,0.622776,-8.440904,-0.027379,6.627305,-2.766476,10.050949,0.000002,-2.871615,-14.440483,-9.685359,7.214772,-6.483583,-0.625919,2.567135,-0.414935,-0.000002,-6.000717,4.020468,-10.216416,2.131139,-12.500406,-5.601772,8.062016,-9.233773,-0.607032,-8.079082,-3.828258,-0.53336,0.000018,2.052858,-15.667643,-5.493209,7.618409,-8.834776,1.329072
0.000002,-4.763494,0.000005,0.000003,-7.86682,-0.000003,-0.000005,-5.821563,-12.543282,0,0.000003,0,-0.000002,-6.275791,0,0,-4.876426,0.000002,0.000002,-5.218848,0,-6.615296,-8.144524,0,-6.04986,-0.000003,0.000002,-8.829473,-10.891186,-0.000003,-2.790769,-6.870241,0.000001,-5.601743,-4.074849,0.000003,-11.227058,-5.296597,0.000003,0,-5.589558,-2.802812,-0.000002,0.000001,-6.397403,0.000004,-0.000002,0.000003,-3.646892,-0.000001,-0.000001,-12.014654,-5.115623,0,0.000005,-11.624118,-12.005719,0,0,-5.469452,-6.873909
-0.000009,0.000002,0,-0.000009,0.000003,-0.000002,0.000002,0,0.000007,0,0.000008,0.000003,0.000003,0.000003,0,0,0.000003,0,0,0,-0.000003,0,0.000005,0,-0.000003,0.000006,0.000003,-0.000003,0.000002,-0.000004,0.000007,-0.000002,0,-0.000003,0.000004,0.000003,-0.00001,-0.000003,0,0.000002,0,-0.000002,0.000005,0.000002,-0.000002,0.000005,0.000009,-0.000002,-0.000002,0.000002,0,-0.000004,0,0.000004,-0.000002,0,0.000009,0.000002,0.000001,-0.000003,-0.000002
0,0.000005,0.000002,0,-0.000002,0.000003,0,-0.000002,0,0,0,0,0.000002,0.000004,-0.000003,-0.000001,0.000001,0,-0.000005,0,0.000003,-0.000003,0.000005,-1.798632,0.000002,-0.000003,0,0.000001,0.000004,0.000002,-1.300341,-0.000003,-0.000004,0.000001,0,0.000003,-0.000002,0.000002,3.731691,-0.000003,-0.000005,0,-0.000002,-2.343905,-2.042084,-0.000002,-0.000001,0,0.000004,0,0,0.000003,0,0,0.000003,-0.000006,0.000005,-5.637889,-3.774018,-0.000002,0
0.000002,-4.463772,0.000006,-0.000007,0,4.298418,-6.84678,-0.000009,-0.000003,-0.000003,2.419397,0.000008,0.000008,-0.000007,-0.000002,-0.967977,-10.069633,0.000004,-0.000005,6.067428,-8.703954,0.000009,-0.000008,4.769695,-11.165121,-0.000013,-0.000009,0.992575,-11.879153,0,4.827057,-2.725489,0.000011,0.000004,0,-4.380068,-0.000004,0.000012,6.4859,-5.678857,-0.000007,1.13863,0.009724,-11.956052,-0.00001,2.002594,0.876657,-12.937319,-0.000003,0,-0.742152,-4.535239,-9.800732,0.000005,4.814751,-3.131967,0.000002,-0.000013,3.010567,-12.668629,-0.000006
0.000003,0.000004,-0.000002,-0.000002,0.000003,-0.000003,-0.000002,-0.000005,-0.000006,-0.000002,0.000003,0.000003,0.000005,-0.000003,0.000003,0,0.000007,-0.000003,0,0.000005,0,0.000002,0.000002,0.000003,-0.000002,0,0.000009,-0.000002,-0.000004,0.000002,0.000007,0.000005,0,0,0.000004,0,-0.000002,0.000003,0,0.000005,0,0.000006,0.000003,-0.000002,0,0.000003,0.000007,-0.000002,0,0.000005,-0.000002,0.000004,0.000002,-0.000002,-0.000002,0,0.000002,0,0.000002,0.000002,0.000002
0,0.000003,-0.000005,-0.000002,0,0.000002,0.000003,0,0,0,0.000002,-0.000003,-0.000002,0,-0.000002,0.000002,0.000007,0.000006,0,0.000002,0.000002,0.000005,0,0,-0.000003,0.000003,0.000003,0.000002,-0.000002,0.000002,0.000005,-0.000002,0.000003,0,0,0.000007,0.000003,0,-0.000002,-0.000009,0,0.000002,-0.000009,0.000007,0.00001,-0.000007,-0.000003,0,0.000003,0,0.000005,-0.000003,0.00001,-0.000003,-0.000007,-0.000005,-0.000002,0,0,0,-0.000005
-4.563247,-3.998574,6.248663,-6.156579,-12.891253,-8.251171,-6.864075,-2.895699,-4.433501,-9.040046,-12.456936,-6.725677,-5.670284,-7.935544,-3.647543,2.309247,-11.162737,-11.330811,-8.673676,-8.236603,-2.71103,0.370701,-5.949715,-2.517607,-1.584312,-3.91714,-6.856922,-1.967539,11.556273,-2.47316,-2.79395,-8.811177,-4.156644,-8.886494,0.763006,-2.775429,-13.234841,-8.533998,-0.005805,0.784042,-2.5787,-2.336477,-6.156904,-10.938068,-12.369861,-5.824895,-5.865102,1.123175,-5.453558,-11.57488,-8.267225,1.936832,3.32405,-2.982336,-2.793973,-6.435657,-0.313516,10.376639,-1.202405,-1.20075,-9.550003
-9.086884,0.000002,0.000003,0,0.000003,-0.000003,0.00001,-0.000002,0,-0.000003,0.000003,0.000002,0.000003,-0.000002,0.000003,0,-0.000004,0.000003,0.000009,0,-0.000002,-0.000003,0.000009,0,-0.000002,0.000003,-0.000005,0.000002,0.000003,0,0,0,0.000002,0,0.000005,-0.000003,0,-0.000002,0,-0.000002,-0.000003,-0.000005,0.000002,0.000005,0.000003,-0.000002,0.000003,-0.000003,0.000002,0,-0.000009,0.000002,-0.000002,-0.000003,0,0.000002,0,-0.000005,0.000002,0.000002,-0.000005
-1.500754,0,8.817016,3.334777,-1.231686,0.000002,0.000002,0,-0.000003,0.000001,-0.000007,0.000002,0.267319,3.771867,5.640832,0.000002,0,0.000004,-13.241322,-9.241678,0.000007,0,0.000004,0.000006,-6.311908,-3.568221,-0.000003,-0.000005,0,0,0.000009,-0.000003,-0.000003,-1.99255,14.386299,6.044754,-7.221681,-0.000003,0.000002,0.000003,0.000003,-13.435196,-17.134157,-11.343594,-3.574077,4.828046,-4.089749,-0.000002,0.000002,0,-0.000003,0.000005,-12.272077,-3.569798,3.52162,-1.540472,0,-0.000007,-0.000002,0,-16.02043
-6.881974,0.000002,0,0,-0.000002,0.000002,0.000003,-0.000005,0,-0.000003,0,-0.000009,0,0.000003,0,0,0.000005,0.000002,0.000007,0.000004,0,0,0.000005,-0.000003,0,0.000003,0,0.000002,0,-0.000002,0,0.000003,0.000002,0,0.000003,0.000005,-0.000002,0.000002,0,0.000002,0,0.000005,0.000005,0.000003,0.000004,0.000002,0,0.000003,0.000002,0,-0.000002,-0.000002,-0.000003,0,0.000007,0,0.000003,0.000002,0,0.000005,-0.000002
-5.509264,0.000002,-6.810717,5.007367,5.764762,-13.474414,6.410283,0.000002,11.214712,0.000005,0,0,0.000003,0,-18.017464,-16.909428,-10.284053,-17.794678,-0.000009,-13.323781,-5.467681,-17.374582,-16.251345,0.000007,-13.239173,-12.199624,-1.886855,0.864563,-4.719542,-7.793518,2.043944,4.152802,1.80347,8.367993,8.218441,1.442747,-3.986072,-2.264507,-2.027555,7.719458,6.572924,3.89386,4.664533,-6.670608,-3.785177,-6.777598,2.421602,-0.000002,-2.00849,3.099922,1.1944,-3.98648,-15.671246,-15.728497,-0.000006,-0.000003,-0.000003,0.000002,-1.580819,-0.0506,-5.592665
-5.544551,0.000002,0,0.000003,0.000003,0.000006,0.000019,0.000003,0.000003,0.000006,0.000018,-0.000008,0.000004,-0.000003,-0.000005,0,0.000008,0.000012,-0.000014,0.000004,0.000003,0.000002,-0.000003,-0.000003,0.000007,0.000005,0.000002,0,-0.000009,0.000006,0.000007,0,0.000006,0.000013,0,0.000004,-0.000003,0.000002,-0.000002,0.000005,0.000004,0.000008,-0.00002,0.000013,-0.000003,0,0,-0.000002,0.000002,-0.000002,0.000005,0.000003,-0.000012,0.000004,0.000012,0.000014,-0.000006,0.000009,-0.000003,-0.000003,-0.000004
-9.618763,0.70357,0,-0.000001,0.000004,-0.000003,0.000002,0.000002,-0.000003,0.000003,0.000011,-0.000003,0,0.00001,0,0.000009,0.000002,0,0.000005,0.000002,0.000002,0.000003,-0.000008,-0.000006,-0.000005,0,0.000008,0.000006,0.000007,-0.000003,-0.000002,-0.000002,-0.000002,-0.000003,-0.00001,0,-0.000003,-0.000008,0.000005,0,0.000012,0,-0.000003,0,0.000016,0,-0.000003,0,0,-0.00001,-0.000012,-0.000003,0.00001,-0.000002,0.000002,0.000008,0,0.000005,0.000003,-0.000005,0.000003
0.000005,-0.000007,0.000003,0,0.000002,0.000005,0.000009,0.000003,-0.000005,0.000005,0.000002,-0.000012,0,0.000005,-0.000009,0.000004,-0.000004,0.000002,0.000005,0.000007,0.000002,-0.000003,-0.000005,-0.000002,0.000005,0,-0.000002,-0.000003,0.000013,0,0.000007,0.000002,0,0.000007,0.000007,-0.000002,-0.000003,0.000006,0.000015,-0.000007,0.000005,0.000009,0,0.000005,-0.000005,0.000002,-0.000002,-0.000003,-0.000005,-0.000002,0.000003,0.000002,0.000006,0.000003,-0.000003,0.000007,0,0,-0.000003,-0.000006,0.000008
0.000002,0.000002,0.00001,0,0.000002,-0.000003,0,0,0.000001,0.000003,-0.000002,-0.000001,0.000005,0.000003,-0.000002,0.000006,-0.000002,0,-0.000003,-0.000003,0,-0.000003,0,0.000003,0,0,-0.000001,0.000002,0,0.000002,0.000002,0,0,0.000003,0.000003,0.000002,0,-0.000002,0,-0.000002,0,-0.000002,0.000002,0,0,-0.000001,0.000003,0,-0.000002,-0.000006,0.000003,-0.000002,0.000004,-0.000003,0,0.000002,0,0,0,0,0
0.000004,-0.000002,0.000011,0,0.000005,-0.000005,0.000003,0,0,0,0.000008,0.000003,-0.000002,0.000009,0.000001,0.000001,0.000003,-0.000001,0,-0.000006,0.000007,0.000002,-0.000003,-0.000005,-0.000008,0,0,-0.000004,-0.000001,0.000003,0.000004,-0.000004,0.000003,0.000005,0,0.000002,0,0.000007,0.000001,0,0.000004,-0.000003,0.000003,0.000004,0.000008,0,0,-0.000003,-0.000004,-0.000002,0.000008,0.000005,-0.000003,0.000006,0,0,-0.000006,-0.000001,0.000003,-0.000001,0
0.000003,0,0,-0.000001,-0.000001,-1.461363,0,0.000002,16.789909,0,0.000002,-0.000002,0,0,0.000003,-0.000005,-0.000002,-0.000002,0.000003,0,0.000002,0.000003,0.000004,0.000001,0,0,-0.000003,0.000002,0.000003,-0.000004,0.000001,-0.000002,-1.563593,-0.000002,0,0,-0.000001,0,-0.000012,0.000001,0.000003,-0.000003,-0.000003,0,0,0,-0.000003,-0.000002,-0.000002,-0.000008,0.000004,0,-0.000002,6.433997,0.000002,0,0.000002,0.000002,-0.000002,0.000002,-0.000003
-0.000001,-0.000002,-0.000003,0,-0.000011,0,0,-0.000009,0.000002,0,-0.000007,0.000003,-0.000003,0.000006,0.000003,-0.000002,0.000002,-0.000004,0.000007,0,0,0.000006,0.000003,0,-0.000005,0.000004,0.000011,0.000014,0.00001,0.000002,-0.000002,0.000005,-0.000002,-0.000002,-0.000007,-0.000002,0.000007,0.000002,0,0.000012,-0.000011,0.000004,-0.000003,0.000009,0.000003,0,0,-0.000006,0,-0.000003,-0.000002,0.000003,0.000002,-0.00001,-0.000005,0.000007,-0.000003,0.000001,-0.000006,-0.000006,-0.000002
74.987961,-0.000002,0,0,0,0.000006,-0.000001,0.000003,0,0,0.000002,-0.000002,-0.000005,0,-0.000002,0.000001,0,0.000007,0,-9.403759,0,0,0.000002,0,0.000003,-0.000002,0,0,0,-0.000003,0.000003,0,-0.000002,0,0.000004,0,0.000008,0,0.000003,0,0,0.000001,0,0.000003,-0.000005,0.000003,0,0,0.000003,-0.000003,-0.000004,0.000005,-0.000001,0.000003,0.000001,0.000002,-0.000001,0.000003,0.000002,0,-11.93066
0,-0.000003,0.000001,0,0.000002,-0.000004,0.000003,-0.000003,-0.00001,0.000002,0.000001,-0.000003,0.000001,0.000006,0.000004,-0.000003,0.000009,0.000007,0.000001,0.000003,0.000007,0.000003,-0.000003,0.000003,0,-0.000003,-0.000005,0.000002,0,-0.000004,-0.000002,-0.000002,-0.000003,-0.000002,0,0.000005,0.000003,0.000003,0.000002,-0.000003,-0.000001,0.000003,0.000002,-0.000002,0.000004,-0.000002,0,-0.000003,0.000005,-0.000002,0.000004,-0.000005,-0.000002,-0.000002,0.000002,0.000005,0,0,0,0.000002,0
-0.000002,0.000004,0.000003,-0.000002,0.000002,0.000003,-0.000004,0.000002,-0.000003,0,0.000004,0.00001,0.000006,0.000007,-0.000006,0.000003,-0.000003,-0.000002,0.000009,0.000005,-0.000006,-0.000003,0.000007,0.000015,0.000003,-0.000003,0.000003,-0.000007,0.000007,0.000002,0.000005,0.000002,0.000009,-0.000009,-0.000009,-0.000003,-0.00002,0,0.000009,-0.000002,0,0.000003,0.000005,0,0,0.000002,-0.00001,0.000014,-0.000002,-0.000007,-0.000007,0.000006,0.000004,0.00001,0.000009,-0.000003,0.000002,0.000002,0.000007,-0.000003,0
0,-0.000004,0.000014,0.000003,0.000003,-0.000005,0.000002,0.000002,-0.000005,-0.000003,0,0.000002,-0.000001,0,-0.000003,0.000003,0.000006,-0.000004,-0.000003,0.000006,0.000003,0.000005,-0.000005,-0.000004,0.000003,0.000002,0.000003,-0.000002,0,-0.000006,0,0.000002,0.000003,0,-0.000004,0.000001,0.000002,0.000003,-0.000002,-0.000007,0.000006,-0.000011,0.000007,0,0.000003,-0.000004,-0.000002,-0.000005,0,-0.000003,0,-0.000002,-0.000003,-0.000005,0.000003,0.00001,0.000008,-0.000004,0.000002,0,0
-0.000009,-0.000001,0,-0.000002,0,0,0.000003,0.000004,0.000002,0.000002,0.000003,0.000002,-0.000006,-0.000009,-0.000003,0.000005,0,0.000003,0.000009,0.000005,0.000006,0.000004,0.000003,0.000002,-0.000005,-0.000009,0.000004,-0.000007,0,0,0.000002,0.000006,-0.000003,0.000001,0.000003,0.000004,0.000005,-0.000003,-0.000002,0.000001,0.000002,0,0.000006,-0.000007,-0.000006,0,0.000003,0,0,0.000004,-0.000002,0,-0.000004,0,0,0,0.000003,0,0,0.000002,-0.000002
0.000002,0.000004,0.000005,0.000002,0.000002,0.000005,0.000014,0.000001,-0.000006,0.00001,0.000002,-0.000009,0,0.000008,0,0.000006,0.000011,0.000004,-0.000002,0.000001,0.000016,-0.000002,-0.000001,0.000001,0.000009,0.000007,0.000005,-0.000001,0.000004,0.000006,0.000002,0.000004,-0.000003,0,0.000001,-0.000001,0.000003,-0.000006,0.000008,-0.000002,-0.000006,0,-0.000007,-0.000009,0.000007,-0.000007,0,0,-0.000001,0,0.000002,0.000007,0.000004,0.000007,0.000001,-0.000003,0,0.000002,-0.000002,0.000005,0
-0.000003,-0.000005,0.000013,-0.000004,0,0,0.000005,-0.000003,0,0.000003,-0.000002,-0.000003,0.000008,0.000004,0,0.000004,0,-0.000005,-0.000003,-0.000002,0,0,0.000003,-0.000005,-0.000002,-0.000003,-0.000005,0,-0.000002,0.000003,-0.000002,0.000005,-0.000003,0.00001,0,-0.000004,-0.000005,0,0.000002,-0.000007,0,0,0,0,-0.000003,0,0,0.000002,-0.000002,0.000002,0.000001,0.000001,-0.000002,-0.000004,0,0,0.000009,-0.000002,0,0,0.000002
0.000006,0,-0.000002,-0.000003,0.000002,0,0.000002,-0.000002,0,0,-0.000001,0.000003,0.000004,0,0,0,-0.000002,0,0.000004,0.000002,0,0.000002,0,0.000007,0.000006,0,0,0.000003,-0.000005,-0.000004,-0.000007,0,-0.000004,0.000007,0,0.000005,0.000009,0.000003,0.000001,0.000003,-0.000003,-0.000002,0.000003,-0.000003,0.000004,-0.000003,0.000003,0,0.000006,0.000002,0.000003,-0.000005,-0.000002,0.000003,-0.000003,-0.000002,0.000003,-0.000003,0,0.000003,0
0.00001,0.000006,-0.000003,0.000003,-0.000002,-0.000002,0.000002,0.000003,0.000002,0.000004,0,0.000005,0,0,-0.000004,-0.000003,0.000005,-0.000002,0.000001,0.000003,-0.000005,0.000001,0,-0.000003,-0.000002,-0.000004,0,0.000003,0,0,0.000002,-0.000001,-0.000002,0,0.000003,-0.000003,-0.000006,0.000004,-0.000003,0.000002,0,0.000003,0,0,0,0.000002,0.000003,-0.000002,0,0.000002,0.000003,0.000007,0.000011,0.000003,0,-0.000004,0,0.000001,0.000001,0.000001,-0.000007
0,0.000002,0,0,0,0.000004,0.000001,0,0,0,0.000008,0.000001,0.000003,-0.000001,-0.000002,0.000004,0.000002,0.000005,-0.000002,0,-0.000002,-0.000007,0.000003,0.000002,0,-0.000002,-0.000004,0.000004,-0.000001,-16.967747,0.000005,0.000003,-0.000003,0,0.000003,-0.000003,0,0,0,0.000005,-0.000002,0.000003,0.000006,-0.000006,0.000005,0,-0.000007,0.000004,-0.000007,0,0.000004,0.000002,0,-0.000001,0.000003,0.000006,-0.000003,-0.000003,0,0.00001,0
0.000005,-0.000003,0.000004,0.000005,0.000004,-0.000006,-0.000008,0.000016,-0.000007,0.000013,-0.000008,0.000008,0.000001,0,-0.000003,0,-0.000002,-0.000001,0.000008,-0.000001,0,0.000007,0.000004,-0.000003,0,-0.000004,0.000004,0,0,-0.000007,0.000011,0.000002,-0.000006,0.000007,-0.000003,0.000002,0.000003,-0.000001,0,-0.000003,0.000003,0.000009,0,0.000004,0.000002,0,-0.000004,0.000016,-0.000001,-0.000009,-0.000004,-0.000006,-0.000002,0.000014,0,-0.000002,0,0.000003,0,0.000008,-0.000001
7.122902,0.000002,0.000004,0.000003,0,0.000009,0.000003,0.000008,0.000002,0,0,0.000005,0.000003,0.000003,0,0.000005,0,0.000006,0,0.000006,-0.000002,-0.000002,-0.000002,0,-0.000003,0.000004,0,0.000009,-0.000003,0.000002,-0.000002,0.000002,-0.000002,0.000005,0.000005,0.000004,-15.326518,0.000003,-0.000007,0.000005,0,-0.000004,0,0,13.370106,7.359303,6.291867,2.031138,8.43025,13.621201,-0.000002,-0.000001,-0.000002,0.000009,0,0.000005,0.000005,0.000004,0.000001,0.000005,-0.000005
0.000004,0,0.000004,0.000003,-0.000003,0.000002,0,0,0,0,0.000012,-0.000007,-0.000004,0.000009,0.000004,0.000003,0.000002,0.000008,0.000013,0.000003,0.000005,-0.000007,-0.000004,-0.000006,-0.000003,0.000005,-0.000001,-0.000003,-0.000004,-0.000008,-0.000003,0.000001,0,0,0,0.000003,0.000002,0.000005,-0.000002,0.00001,0.000001,-0.000001,0.000004,0.000006,0.000009,0,0.000009,0.000011,0.000002,-0.000002,0.000005,0.000004,0.000005,0.000006,-0.000003,0.000001,-0.000003,0.000004,0,-0.000001,0
0,0,0,0,-0.000009,-0.000001,0.000007,0.000007,0.000002,-0.000002,0,0.000001,0.000004,-0.000004,0.000006,-0.000012,-0.000004,0.000002,0.000007,0,0,0.000002,0,-0.000003,-0.000006,0.000004,0.000006,0,0,-0.000001,-0.000006,0,0,0,0.000003,-0.000006,0.000003,0.000004,0.000004,-0.000002,0.000003,-0.000005,0.000001,0.000002,-0.000003,0.000002,0,-0.000002,0,0.000005,0.000008,-0.000002,0.000006,0.000005,0.00001,0.000003,0,0,-0.000002,0,0.000003
0,-0.000002,0,-5.92484,-5.082101,0.00001,0.000007,0,0.000001,0,-0.000003,-0.000005,-11.733826,0,0,0.000005,-11.044545,0,0.000003,-11.740155,-0.000002,0.000003,0,-0.000001,0.000004,0,-0.00001,-0.000002,0.000002,-0.000003,-0.000007,0.000002,-0.000002,0,0.000002,0.000002,-0.000009,-0.000003,0.000006,-9.431396,0.000007,0,-0.000002,0,-6.791328,0.000002,0,0,0.000006,0.000003,-6.192019,-0.000003,0.000004,-2.83239,0.000003,0,0.000005,-3.120098,0.000003,0.000002,-1.933339
0,-8.072567,0,0.000003,-0.000003,-0.000001,-0.000003,0.000002,-0.000002,-0.000001,-0.000007,-0.000003,-0.000001,0.000003,-0.000003,-0.000002,-0.000002,0,0,-13.560094,-0.000003,-0.000002,-0.000003,0.000007,0.000002,-0.000002,-0.000002,0.000002,0.000005,0,0.000004,-0.000001,-0.000001,0.000003,0,0.000008,0.000008,0.000003,0.000003,-0.000001,0.000004,0,0.000005,0,0,0,0.000003,0.000015,-0.000006,-0.000002,0.000006,0,-0.000003,0.000008,0.000005,0.000004,-0.000002,0.000012,0,0,0.000002
0,-0.000007,-0.000006,0.000005,-0.000006,0.000002,0,0,0,0.000017,0.000003,0.000003,-0.000001,-0.000004,-0.000005,0.000011,0.000011,0.000003,0.000007,0.000007,0.000005,-0.000004,0.000003,0.000004,0.000001,-0.000012,0.000001,0.000002,0.000007,0.000005,0.00001,-0.000002,-0.000002,0.000003,0.000005,0.000016,0.000001,0,0,0.000005,0,0.00001,-0.000008,-0.000005,-0.000001,0.000004,0.000001,-0.000006,-0.000003,0.000006,0.000003,-0.000001,0,-0.000003,-0.000005,-0.000003,0,0.000003,0.000005,0.000006,0.000004
0.000002,-0.000003,-0.000003,0,-0.000002,0,-0.000003,0.000003,0,0.000001,-0.000001,0,0,0,-0.000001,0.000002,0,0,0,0,0,-0.000004,0.000003,0,0,0,0,0,0.000004,0,-0.000002,0.000003,0,0,0.000002,0.000003,0.000003,0.000003,0.000002,-0.000003,-0.000001,0,-0.000004,0.000002,0.000009,0,0,0.000002,-0.000002,0.000003,0,0.000005,0,-0.000002,0,-0.000003,0.000002,0,0.000002,0.000004,0
0.00001,0.000004,0.000007,0.000004,-0.000013,-0.000005,-0.000008,0.000003,0.000012,0.000009,-6.079727,-0.000005,-0.000005,3.317398,0.000003,3.663503,-0.000009,0,7.205314,0.00001,0.000009,-0.000005,8.909675,8.626354,-0.000001,-0.000002,-0.000006,-9.573851,0.000007,5.427987,0.000002,-0.000009,0,-7.690133,-0.000005,-0.000002,-0.000013,0.000016,0.00001,0.000003,16.688545,0.000002,0,-2.491402,0.000007,0.000003,0.000002,0.000009,-12.265812,0.000008,0.00001,0.000003,12.122098,0.000005,0.000007,-0.000003,-0.00001,0.000006,0.000008,0,0.000005
0.000007,0.000003,0.000006,-0.000002,0.000014,-0.000007,-0.000006,4.397397,5.433571,10.551147,11.608074,13.425834,-0.000008,-0.000005,0.000002,0.000003,7.81237,7.978163,9.567947,-0.000007,0,0,-0.000008,0.000005,0.000021,0.000005,0.000006,0.000002,-0.000003,-0.000003,0.000003,0.000009,0,7.620037,0.00001,-0.00001,13.26201,0,0.00002,6.85976,-0.000006,0.000003,-0.000011,-0.000011,-0.000006,0.000007,0.000002,0.000003,0,-0.000006,0.00001,0.000004,0.000006,-0.000006,0.000008,-0.000003,-0.000005,0.000003,0.000014,0.000004,0.000003
0,0.000012,-0.000007,0,0.000012,-0.000003,0,0.000003,0.000003,0.000004,0.000004,-0.000006,-0.000006,-0.000002,0.000003,0.000003,0.000003,0.000005,0.000008,0.000004,-0.000003,0,-0.000004,0,-0.000008,-0.000005,0,-0.000003,-0.000002,-0.000003,0.000002,0,-0.000003,0.000005,-0.000003,-0.000004,0.000004,0.000003,0.000003,0,0.000003,-0.000001,0.000003,0,0.000006,-0.000002,0.000003,0,0,-0.000003,0.000003,-0.000002,0,-0.000002,-0.000002,0,0,0,0,0.000004,0.000003
0,0.000007,0.000006,-0.000007,0,0.000007,0.000008,-0.000002,0.000007,-0.000007,0.000002,0.000003,0.000003,0.000001,0,0.000003,0,0.000001,0.000004,-0.000005,-0.000009,0.000001,0.000002,0.000005,0.000005,0,0.000003,-0.000003,0.000012,0.000005,0.000002,-0.000005,0.000003,0.000009,0.000003,0,0.000007,0.000007,0,0.000007,-0.000005,0.000004,0.000003,-0.000003,0,-0.000006,0.000005,0,0.000008,-0.000003,0.000002,0,0.000003,0,0,0.000007,0,0.000003,-0.000001,-0.000002,0.000005
0,0,0,0.000009,0,0.000002,-0.000002,-0.000002,0.000005,0.000002,0.000007,0.000003,0,-0.000006,-0.000001,0.000003,0,-0.000003,-0.000009,0.000007,0.000007,10.470793,0.000004,0.000002,-0.000002,-0.000007,10.169141,0.000014,9.599279,0.000009,0,5.929868,0.000003,2.07929,0.000009,0.000004,-0.000003,14.676405,0.000005,-0.000003,4.988211,0.000005,0,-0.000002,5.705921,0.000003,-0.000002,0.000004,0,-0.000001,0.000002,-0.000002,-0.000001,0.000003,0.000001,0,4.853709,1.862038,0.000002,0,0.000002
-0.000006,0,-0.000002,0,0.000008,-0.000003,0,-0.000003,0,0,0.000003,0,0.000005,12.117106,0,0.000002,0.000006,0.000003,0.000002,0,0.000008,0.00001,0.000002,0.000003,-0.000004,0.000002,7.724242,0.000009,0,-0.000002,-0.012573,-0.000003,0,0.000007,0.000005,2.505422,-0.000004,0.000009,-0.000001,11.098524,0,7.875873,-0.000005,0,0.000009,13.078853,-0.000007,0.000002,0,0.000005,-0.000003,-0.000004,0,0.000005,-0.000003,0,-0.000002,-0.000004,0,0.000006,-0.000005
0.000005,-0.000001,0.000003,0.000003,7.808961,0.000005,4.459217,0,0.000006,0.00001,-0.000008,1.036329,0.000002,0,0.000002,-0.000004,0.000007,0,1.491424,0,-0.000004,0.000002,0.000002,0.000003,12.008245,-0.000002,-0.000006,11.540527,1.59611,-0.000009,6.842091,-0.000002,-0.000001,0,0.000002,-0.000002,0.000001,0.000003,10.305344,6.485537,0,-0.000004,0.000012,15.513659,0,0.000002,0.000009,0.000005,-0.000003,0.000004,0.000002,10.754037,0.000002,5.128606,-0.000003,-0.000003,13.851855,0.000001,-0.000008,0,0
0.000002,0.000004,0.772583,-0.000007,7.622439,9.812405,0.000005,0.000002,0,0,-0.000004,-0.000009,0.000007,0.000005,0,-0.000003,4.435491,0.000003,0.000012,0.160555,-0.000003,-0.000006,0.000004,0.000002,0.000008,0,-0.000002,0.000006,12.68006,-0.000005,-0.000003,-1.904029,-0.000003,0,0,-0.000002,0.000009,0.000006,0,6.670302,0.000001,0.000005,-0.000007,1.072242,0.000002,-0.000002,-0.000002,0.000002,0.000007,-0.000006,3.831529,-0.000006,-0.000003,-0.000002,10.609437,0.000005,-0.00001,0.000006,0.000002,-0.000003,-0.000005
0,0,0,0,-0.000006,0.000005,0.000003,6.411283,9.374196,0.000007,11.527648,0.000005,19.172789,0.000003,-0.000003,11.151366,0.000003,-0.000002,8.852487,-0.000005,0.000003,-0.000002,1.772484,0,-0.000003,9.68533,0,0.000005,0.842866,-0.000001,-0.000005,0.000002,6.331321,-0.000014,-0.000015,0,0.000004,0,0,0.000002,-0.000004,0,-0.000009,17.603891,0,-0.000012,2.700213,0,12.227377,-0.000001,0.000009,6.778176,0,8.230736,3.355878,0,0.000009,0,13.016392,0.000002,6.096939
0.000004,0,-0.000007,0.000001,-0.546657,0,-0.000015,-0.000007,-0.000001,0.000004,0,4.063542,0.000003,0.000001,0,-0.000009,-0.000007,5.87247,0.000005,8.015017,1.646671,0,8.242362,9.817039,-0.000009,11.233037,-0.000003,0.000006,-1.738859,0.000008,9.619859,0.000002,-13.532488,-0.000005,0,-0.000004,0,-0.000011,0,-0.000003,0.000002,0.000001,4.582816,-0.000002,0.000001,15.955771,0.000003,12.067381,0,-0.000001,0,0.00001,-0.000007,0.000003,-0.000002,0,-0.000002,-0.000005,12.430319,2.08234,-4.993187
0,0.000002,0,1.88713,-0.000002,-0.000009,-1.082995,0,-0.000003,0.000002,0,0,0.000005,-10.167252,0.000004,0.000005,-0.000002,-0.000003,0.000003,0.000002,0.000014,-0.000005,11.398964,11.657457,4.934081,-0.000002,0.000007,0.000003,3.596076,7.870023,13.665993,13.073621,0.000003,0.000004,-0.000003,-0.000002,15.562574,-0.000003,0.000012,0.00001,0.000005,-4.466946,4.368655,0.000005,0.000008,0.000002,-0.000004,0.000005,-2.81987,-7.591418,0.000003,1.834021,-10.590104,-9.621407,4.310011,0,-0.00001,0,9.028004,0.295755,0.000002
0.000001,-0.000001,1.288908,0,-0.000009,0.000009,-0.000009,-0.000003,-0.000004,0.000011,0.000004,0.000005,-0.000003,0,10.260002,6.385419,0.000007,-0.000003,0.000002,0.000002,3.048019,-9.79381,-0.000002,0.000002,0.000003,-0.000001,0,0.000004,0.00002,0.000015,0.000011,-3.12723,0.000008,0.000003,0,0.000003,-4.903013,-0.000003,-2.060426,1.459225,-0.000003,0.000003,-0.000004,3.394623,-0.120201,0.000003,0.000002,-0.000006,-0.000003,0,-0.000002,0.509264,0.000002,0.000012,-0.000004,-0.000007,9.933969,0,-0.000002,13.960852,0.000003
-0.000002,-0.000006,14.638014,8.210592,-0.000003,0.000003,0.000005,4.17125,0.000005,0.000003,0.000003,2.120129,4.08208,-0.000002,-5.378892,-0.000003,-0.000003,-4.352838,-0.000002,7.662953,8.564384,0.000003,0.000006,-0.000008,0.000003,0.000007,0.000003,0.000002,0.000003,8.984479,1.477409,-0.975131,-0.000003,0.000017,0.000003,0,-0.000003,3.004692,17.071125,-4.370378,-0.000003,0.000003,16.789518,14.083277,2.566859,-0.000005,-0.000004,0.000006,0.000005,0.000004,-0.989116,-0.000004,-6.37187,6.060389,0.000002,-0.000004,0,9.558621,-1.397058,-7.796302,0
2.827919,-0.000008,-0.000003,0,0.000002,0.000003,-0.000002,0.000002,0.000003,-0.000006,-0.000005,-0.000006,0.000002,-0.000002,-0.000014,8.346642,0.000005,0.000002,0.000003,-0.000002,0.000003,0,0.000007,0.000003,0,0.000008,-1.511575,0.000005,0,0.000007,0.000001,11.078721,8.466746,0.000007,0.000003,-0.000002,4.191973,-0.000002,0,0,0.000005,-0.000004,9.676138,4.146664,0,0,0.000003,-2.597691,3.520262,0.000009,0.000003,0,0.000002,11.868675,6.179564,-0.000011,0.000001,0,8.912668,0.00001,0.000007
0,-0.000002,7.908751,-0.000002,-0.000002,0.000003,-2.030803,0,-9.159967,0.000003,0.000004,-2.689909,0.000017,0.000011,7.54833,0.764499,0,0.00001,-0.000005,-4.322731,-0.000002,0.000002,-0.000006,-0.000001,-0.000003,0.000003,0.000005,14.236986,-2.758513,-0.000005,0.000003,-0.000002,6.947237,0,0,-0.000006,0.000004,-1.169621,0.000007,0.000003,-0.000002,-4.203567,0.000024,0,0.000001,4.388171,11.738191,-0.000001,0.000004,13.088247,9.733113,0,0,0.000007,0.000006,-6.184135,-0.000007,0.000002,-0.000004,0.000002,0.012185
0.000002,0,0.000003,-7.9036,0.000002,0,0.00001,4.475844,0.000005,0.000003,0,2.608985,0,0.000014,6.083044,2.857437,0,-0.000003,-0.000003,2.591808,0.00001,0,0,-0.000002,0,-0.000002,-0.000003,-0.000005,0.000005,15.924321,8.284134,3.94025,0.000006,0.000004,0.000003,-0.000003,0.000012,6.307548,0,-0.000001,0.000005,-0.000002,-0.000002,0,0.000004,0,0,0.000003,-0.000002,0.000002,0,0.000003,2.014502,-0.000003,0.000002,0.000002,0.000003,-0.000004,0.000003,3.028673,0.502339
0.000003,0.000007,18.237747,0.000009,-0.000002,0.000006,-3.558501,0.54929,-0.000001,0.000009,0.000005,5.759964,-1.062453,0,0.000004,0.00002,-0.000002,0.000007,-0.000003,0.000011,1.943867,-0.000009,0.000005,0.000009,0.000003,0.000009,-0.000002,14.442883,0.000016,0.000005,-0.000002,-0.000001,-0.000002,0.000009,5.771002,-4.231047,8.791929,0,-0.000001,-0.000005,15.889766,-9.709879,-14.433387,0.000009,0.000005,0.000009,-0.000003,-0.000016,0,-0.000001,6.438476,-0.000002,7.602062,-11.885309,0.000005,-0.000006,-0.000008,-0.000006,-5.339922,-0.000005,0
-0.000009,0,-3.077948,-0.000003,-0.000008,-0.000002,-9.517855,0.475507,0,0.000008,0.000009,-0.000006,0.000004,0.000015,-0.000014,0.000006,2.973545,-0.000002,0.000005,-0.000004,13.692763,16.898504,0.000015,-0.000002,0.000002,0.000006,-0.000006,0,0.000013,-0.000002,-1.306506,-0.000013,-0.000001,-0.000012,-2.306377,-0.000007,0.000006,0.000008,-0.000003,10.316137,0.000005,0,0.000009,-0.000008,14.087868,-0.000003,-0.000002,-0.000002,12.856256,-0.000008,0.000003,0.000003,0.00001,0.000007,-0.000006,0.000007,10.553876,0.000003,-0.000001,0.00001,0.00001
0.000002,-0.000002,0,0.000002,0,0,0.000003,-17.253515,0,-0.000002,0.000003,0.000002,0.000003,-14.023739,-0.000002,0,-0.000003,0,0.000006,-3.913559,-0.000003,-10.901875,0,-9.688622,-13.559825,0,0.000005,0,-13.675358,0,-0.000002,0,-0.000002,-16.533096,0,0.000003,0,-0.000002,-13.526766,0.000003,0.000003,0,-10.182474,0.000002,0.000005,0.000002,-5.849094,0.000003,-0.000003,-0.000004,0,0.000003,0,0.000002,0,0.000001,-0.000002,0,-8.24041,-0.000003,0
-0.000002,0.000001,0.000003,0.000003,-0.000002,-0.000002,0.000003,0,-13.775207,0,0.000003,-8.614701,0,-0.000002,-10.042197,0,-0.000003,0.000001,0.000003,-0.000007,-18.588299,0.000003,0,0.000002,-0.000002,0.000003,-9.205031,-0.000003,-0.000005,0.000003,0,-0.000002,0,0,0.000002,-12.61159,0,0.000003,-0.000001,0.000002,-0.000005,0,0,-0.000003,0,-14.512525,0.000003,0.000002,0.000002,0,0.000007,0.000002,-0.000005,0.000003,0,0,0.000002,-0.000006,0,0,-0.000002
-0.000002,0.000002,0,0.000002,0,0.000002,-0.000001,-0.000003,0,0,0,0,0,0.000002,0,0,0,0,0,0.000003,0.000004,0,-0.000002,0.000003,0.000003,0.000002,-0.000002,0,-0.000002,-0.000002,0.000002,0,0.000007,0,0.000002,0,0,0,-0.000003,0.000002,0,0,0.000003,-0.000002,0,0,-10.401323,-0.000001,-0.000001,0,0,0,0,0,0,0,0,0,0,-0.000003,0.000003
-14.078079,0.000005,0.000002,0.000004,0.000006,-0.000002,-0.000003,0.000009,-0.000003,0.000002,0.000008,0.000002,0.000008,-0.000001,0.000009,0,0.000003,0.000009,-0.000002,0.000002,0.000003,0.000002,0,0.000004,-17.772947,0.000007,-0.000005,0,0.000004,-0.000005,0,-14.600588,0.000003,0.000005,-0.000003,0.000005,-16.329567,0.000003,0.000002,0.000003,0.000009,0.000004,0.000009,0.000002,0.000005,-18.474888,0,0,-17.274305,0.000003,0.000002,0.000002,0,-16.152689,0,0.000002,-0.000003,0.000003,-11.840425,-0.000003,-0.000002
-0.000002,0,14.380308,13.008195,-7.842651,-3.944068,-4.349737,9.595026,7.874653,-1.539452,-2.91866,-0.502178,6.618412,0.000004,0.000001,0,-3.978216,5.436974,6.964846,-10.983561,-2.242755,3.223353,0.000003,-6.032576,-0.000007,-5.700699,9.884056,-1.62089,0.000002,-3.102587,3.584908,0,-0.000003,2.684606,0,0.000008,0.000003,0.000004,2.81615,-0.000012,-0.000003,-0.000007,6.282922,0.000008,0.000004,0.000003,0.000006,0,-0.000005,0.000002,0.000004,0.000003,-0.000004,0.000001,-0.000005,-0.000007,-0.000003,-0.000001,0.000003,0.000002,0
-9.136915,-0.000002,0,-0.000006,0.000002,0.000002,-12.591557,-0.000004,0.000011,0.000003,0.000012,0,0,0,0,-0.000003,-0.000001,0,0.000002,0,-0.000002,0,-0.000004,0,0.000003,0.000005,0.000003,-14.797358,0.000003,-0.000003,-0.000002,-0.000002,0.000005,0.000003,0.000003,0,0,0.000005,0,0.000005,0.000002,0.000007,-0.000006,0.000007,0.000002,-0.000005,-0.000005,-0.000002,0.000002,0.000002,0.000004,-0.000002,-0.000003,0,0.000002,0.000002,-0.000002,0,-0.000005,-0.000003,0
0.000008,0.000003,-0.000011,-13.64434,-0.000009,-0.000007,0,0.000011,-0.000009,0,-0.000012,-0.000013,0.000008,-0.000003,0,0,-8.890753,-0.000003,-0.000006,0.000004,-0.000004,0.000003,0.000008,0.000002,-8.395807,0.000012,0.000015,-0.000005,0.000003,-0.000005,0.000003,-0.00001,-0.000007,0,0.000005,0.000008,-10.855371,0.000008,0,0.000004,-0.00001,-0.000005,-0.00001,-0.000006,-0.000002,0,-0.000006,0,0.000003,0,0.000005,0.000005,-0.000003,0.000009,-0.000009,0.000012,0.000006,-0.000009,-0.000007,0.000001,0.000011
0,0,0.000004,0.000004,-0.000002,1.504468,0,0.000003,0.000001,-1.088472,0.000003,0.000002,-0.000002,-0.672936,-0.000003,0,0,0.000003,-0.000003,-0.000003,-0.000002,-0.72173,-0.000003,0,0.000003,0,0.000001,0,0,0.000003,-0.000002,-0.000002,0.000002,0.000002,0.000002,0,0,0.000004,-0.000002,-0.000002,-0.000002,-0.000001,0,-0.000005,0,0,-0.000001,0.00001,-0.000002,0.000001,0.000004,0.000003,0,0.000002,-0.000003,0,0,-0.000003,0,0,-0.000002
0,0.000003,-18.305256,0,-0.000002,0.000003,-0.000005,0.000014,0.000002,0.000003,-9.464923,0.000003,0.000005,0.000002,-0.000002,-0.000003,0.000002,0.000001,0.000008,0,0.000002,0.000007,-14.375509,0.000003,0.000002,0.000007,-14.639934,0.000003,0,0.000005,0.000003,-0.000002,-0.000004,0.000007,-0.000002,0.000007,-0.000003,0,-0.000002,0,0.000002,-0.000005,-0.000003,-0.000003,0.000002,0.000001,0.000002,-0.000002,-16.817816,0,-0.000002,0.000003,0.000006,-0.000003,-0.000004,0.000002,0.000004,0.000015,0.000005,0,-0.000005
0,0.000006,-0.000002,0.000001,0.000002,0,-0.000002,0,0,0,0,0.000002,-0.000003,-0.000003,0,-0.000002,0,0,0,0,-0.000002,0,0,0.000001,0,0.000002,0,0,0.000004,0,0,0,0,0,0.000002,0,0.000002,0.000002,-0.000001,0,0.000002,0,0.000002,-0.000003,0.000001,0,-0.000003,0,-0.000002,0.000003,0,-0.000001,-0.000002,0,0,0.000002,0,0.000001,-0.000003,0.000003,0
-0.000002,0,0,0.000001,0,5.107918,0.000002,0.000002,0.000004,0,-0.000003,0.000002,0,0.000003,0.000005,0,-0.000009,-0.000005,0.000003,-0.000003,0,1.892763,0,0.000005,0,-0.000004,-0.000007,0,0.000005,0,0.000005,0.000007,0,-0.000007,-0.000005,-0.000002,-0.000003,-0.000007,0,0,0.000006,0,0,0.000002,0.000003,-0.000004,5.148126,-0.000002,0.000007,-0.000005,0.000002,-0.000005,-0.000001,0,0.000002,-0.000003,0.000002,-0.000004,-0.000003,0.000003,0
0,-8.176753,-0.000004,0,-0.000012,0.000007,0.000006,-0.000002,0.000002,0.000001,0,0,-3.964334,0,0,0.000007,0.000023,0.000003,-0.00001,0.000005,-0.000001,0.000001,-0.000005,-0.000002,-0.000008,-0.000002,0.000003,0.000012,-0.000001,-0.000005,0,-0.000002,-0.000003,-1.277384,-6.136242,-5.233139,-0.000004,0,-0.000003,-0.000005,0.000001,0.000002,-0.000006,0.000002,-3.981411,-0.000002,-7.702054,0,4.042995,0.25033,3.951312,5.301531,7.618791,-0.000002,0.000005,0.000002,0.000001,10.086386,-0.000001,0,-2.943039
-0.000002,0.000002,-0.000009,0.000003,0.000008,-0.000004,0.00001,0.000002,0.000004,-0.000006,0,0.000001,0.000004,-0.000001,-0.000006,0.000002,0,0.000007,-0.000007,-0.000006,0,0,-0.000008,0.000002,-0.000003,-0.000003,-0.000002,-0.000005,-0.000002,0,0,0.000003,-0.000002,0.000007,0.000002,-0.000011,0,0.000023,-0.000002,-0.000005,0,-0.00001,0,0.000003,0.000003,0,-0.000003,0.000003,-0.000009,0.000006,-0.000002,-0.000002,0.000006,0,-0.000005,0.000003,0.000011,0,0.000003,-0.000007,-0.000005
-7.575734,-3.372906,-7.350704,-10.494734,-5.734153,-5.984406,-10.706807,-2.463534,-2.61635,-8.828996,-6.49926,0.258022,-5.33935,-5.919017,-5.033367,7.918788,9.181689,-10.333294,0.994441,-4.723842,-1.801402,-7.656941,-8.644736,3.946973,1.282588,-4.067789,-1.752838,-0.838592,-6.495091,-13.228942,-9.830786,-9.935287,-6.371931,-13.124548,-9.360137,-9.815304,-10.938838,-9.486551,-11.638639,-9.284941,-6.774295,0.076594,-12.672413,-15.841496,2.962708,-4.66516,-13.302502,-12.25922,1.29994,-4.065711,-9.536349,-6.150292,-6.782173,-10.816144,0.544328,-4.86655,-2.492785,-5.481628,-5.02262,-10.238595,-4.703666
-2.678719,9.828783,11.396864,-0.000008,0.000002,-0.000004,-0.000003,0.000002,0,16.805626,0.622585,-6.531666,12.524232,-0.000004,0,0.000011,0.000014,-0.000004,-0.000005,4.875495,-7.67563,-0.000012,0.000021,0.000004,0,-0.000007,-0.000004,0.000002,13.186079,-3.952172,-2.511904,-0.000006,0.000008,0.000006,-0.000008,0.000007,0.000002,0.000008,9.991429,-0.037202,-5.533811,7.093349,0.000002,0.000006,0.000024,0.000004,0.000005,-0.000006,-0.000009,0,4.257481,2.110329,-0.000009,-0.000005,-0.000005,0.000003,-0.000008,-2.301489,5.240415,-0.000009,0.000005
0.000002,0,-15.471587,-6.618802,-0.000002,-0.000002,0,0,0,0,0,-13.626408,0,0,0.000002,0.000005,0.000001,0.000006,-14.655807,-0.000003,-0.000007,-0.000001,0.000002,-13.410245,0,-0.000003,-0.000002,0,0.000008,-4.420276,0.000005,-0.000003,0,0.000003,0.000005,0.000005,0,0.000007,0.000016,0,-0.000002,0.000002,-0.000002,-0.000005,0,0.000007,0.000002,0,0.000002,0.000004,0.000002,0,0.000003,0.000003,0,0.00001,0.000003,0.000007,0.000007,0.000004,0
-8.556602,10.805976,7.633303,9.04997,11.718318,7.122737,5.35712,10.354632,6.052785,8.355912,8.173351,0.01067,-2.387702,-2.170571,-2.220194,-7.161034,-6.410957,-8.285664,-4.518888,0,0.000002,-7.393444,-8.390212,-6.973316,0,0,0.000001,0.000002,-10.965213,-19.219902,-13.405355,0.000016,-1.028529,-7.337527,-10.996197,-10.8936,-5.161854,-10.734589,-9.527099,-11.331252,0,-0.000002,0,0,0.000002,-0.000003,5.446146,-0.000001,0.000001,2.183373,7.04271,0.903983,1.299896,0,6.420243,-3.036789,-0.000004,4.688403,0,-0.000001,0.000002
-9.001827,0,0.000006,0,-2.430512,-3.879647,5.741384,0,0,0,0.000002,-0.000004,-0.000001,0,0.000001,0,-0.000003,-0.000004,0.000002,0.000005,0.16569,3.116265,-0.000002,0.000004,0.000007,-0.000003,0.000006,0,0,-0.000002,0.000005,1.179618,-3.31313,-2.076352,1.419272,0.000007,-0.000002,0,0,0.000001,0.000003,0,-0.000003,1.745274,-0.104277,0.274234,-0.000004,0,0.000002,0,0,-0.000005,0,0.000005,-0.000002,0.000005,-1.892175,-1.172693,2.561422,6.95289,0
0,0.000004,0.000018,0.00001,-0.000005,0.000003,-0.000003,-0.000007,-0.000002,-0.000005,-0.000002,0.000002,-0.000005,-0.000005,0.000003,-0.000005,0.000003,0,-0.000007,0,-0.000007,0.000012,0,-0.000009,0.000007,0.000003,-0.000002,0.000012,0.000009,0.000005,0.000006,-0.000004,0.000003,0.000011,-0.000002,-0.000002,-0.000002,0,-0.000002,0.000005,-0.000003,-0.000002,0.000002,0.000002,0.000003,-0.000002,0.000002,0.000003,0.000003,-0.000003,-0.000005,0.000009,-0.000003,0.000007,0,-0.000005,0,-0.000003,-0.000009,0.000002,0
-9.692415,-7.763079,-0.000002,0.000002,0,0,-0.000006,-8.563975,-4.255169,0,0.000002,0.000002,-0.000004,-7.219252,0.000005,-0.000003,0,0,0.000001,4.426099,-6.061058,0.000004,0.000005,0,-0.000002,-6.638506,-7.908166,-11.654121,0.000004,0.000005,-0.000003,-0.000004,-7.542526,-8.402097,-0.000002,-0.000002,0.000002,0,-0.000004,0.000002,-1.832511,-7.498829,-12.109302,0,-0.000002,0,0.000002,-7.44205,0.000005,0.000002,0.000002,0,-7.692848,-12.819886,0,0.000002,-0.000003,0,0,-9.534104,0.000002
