0.000004,-0.000007,-0.000005,0.000015,0,0.000007,-0.000006,-0.000002,0.000001,-0.000003,0.000004,0.000005,0,-0.000006,0.000002,-0.000005,0.000007,0.00002,0.000008,0.000006,0.000013,-0.000008,-0.000002,-0.000002,-0.000008,0.000009,0,0,-0.000011,0.000007,0,-0.000003,0.000002,-0.000003,0.000001,0.000003,0.000014,0.000007,-0.000001,0.000008,-0.000006,-0.00001,0.000004,0.000002,0.000013,0.000008,0.000001,0.00001,0,0.000005,0.000005,0.000005,0.000009,0.000001,-0.000002,-0.000005,-0.000002,0.000001,0,-0.000001,0.000006
-0.000011,-0.000001,-0.000001,-0.000003,0.00001,-0.000003,-0.000003,-0.000002,-0.000007,0.000002,0.000001,0.000006,0.000012,0.000011,0.000004,-0.000002,0.000009,-0.000007,0.000001,-0.000003,0,0.000003,0,-0.000002,-0.000022,0,0.000005,0.000003,0.000003,-0.000007,0.000004,0.000001,0.000001,0.000009,0.000012,0.000002,-0.000002,0,-0.000005,-0.000005,0,0.000006,-0.000003,-0.000006,-0.000015,0,0.000001,0.000007,0.000005,0,0.000002,0.000007,0.000013,-0.000001,0.000005,0.000004,-0.000004,-0.000002,0.00001,-0.000002,0
0.000004,-0.000007,-0.000021,0.000003,0,0.000002,0.000001,0.000002,0,-0.000003,0.000002,-0.000018,0.000008,0.000004,0.000007,-0.000007,-0.000002,-0.000008,-0.000005,0.000011,-0.000005,-0.000005,-0.000009,0.000006,-0.000004,0.000002,0.000001,-0.000004,0.000002,-0.000003,-0.000002,-0.000005,-0.000003,-0.000004,0.000005,-0.000004,0.000016,0.000003,-0.000008,0.000005,0.000004,-0.000003,0.000002,0.000002,0.000012,0.000001,-0.000009,0,0.000007,-0.000005,-0.000004,0,0.000004,-0.00001,0,-0.000011,-0.000002,-0.000002,0.000005,0.000005,0.000002
-0.000003,0.000003,0.365788,-0.000001,-0.000005,0.00001,-0.000003,0,0,0.017953,0.000004,-0.000002,-0.000006,0.000002,0.000003,0.060523,0.000002,-0.635865,-0.060181,0.000003,0.000955,-0.12346,0.000005,0,0,0.013375,-0.008459,0.000001,0.477998,0,-0.296575,-0.161947,0.000004,-0.008245,0.015467,0,-0.462355,0,0.000002,0.00078,8.10327,-0.000004,0.000002,-0.000074,0.110504,-0.137436,0,0.075172,-0.000005,0.049946,0.016661,-0.000114,-0.000489,0.000007,-0.027697,-0.003116,0.019243,0.023334,-0.000011,0.001879,0.160085
0.002393,0.014041,-0.025924,-0.107773,0.123671,0.04945,-0.765534,2.591868,0.049222,-0.004452,-0.345132,0.013296,-0.047671,0.000546,-0.020584,0.185808,0.128387,-0.006911,1.355734,0,-0.155733,0.000336,0.017176,-0.079011,0.070813,-0.000003,-0.24685,0.003736,0.001555,0.206285,0.000001,0.013506,0.022246,-0.111487,0.534992,-1.601316,0.035169,-0.731459,-0.080172,-0.235374,-0.055159,-0.003577,0.26093,-0.517972,-0.00073,0.000007,-0.864536,-0.12376,-0.008139,-0.000953,0.027014,0.00434,0.211747,-0.076041,-0.003668,-0.044473,0.342165,-0.020045,-0.008714,-0.170958,-0.060179
0.000001,0,-0.000002,0.000002,0,0.000001,0,-0.000003,-0.000001,0.000002,0,0.000001,-0.000007,0,0.28783,-0.000002,-0.00001,0,-0.000003,0.000002,-0.000003,-0.000009,0.000001,0.000004,-0.000001,-0.000002,0.000002,0,-0.000002,0.000002,0.000001,0,-0.000002,0.000001,0.000004,-0.000002,0.000002,0.000001,0.000002,-0.000001,0,0,0,-0.000002,-0.000002,-0.000004,-0.000006,-0.000003,0,0.000002,-0.000006,0,-0.000002,0.000009,-0.000002,0.000003,-0.000011,0,-0.000007,-0.000004,0
0,-0.000001,0,0.000009,-0.000005,0.000004,0.000003,-0.000004,-0.000001,0.000004,0.000013,0.000003,0,-0.000002,0,-0.000004,-0.000011,-0.000002,-0.000004,-0.000004,-0.000006,-0.000002,0.00001,0.000004,0,-0.000001,0.000002,-0.000005,0.000001,0.000002,0.000004,0,0.000004,0.000001,0.000006,-0.000001,-0.000006,-0.00001,-0.000004,0.000004,0,0.000003,-0.000005,-0.000004,0.000001,0.000004,0.000001,0,0.00001,0.00001,0,0,0.000007,-0.000001,0.000007,0,0.000004,-0.000001,-0.000003,-0.000002,0.000006
-0.000001,-0.000002,-0.000007,-13.729145,0.000007,0.000012,0,0.00001,-0.000001,0,-0.000003,0.000002,-0.000003,0.000003,0.000005,0.000004,0.000007,0,-0.000004,0,-0.000006,-0.000006,-0.000002,-0.000004,0.000001,0,0.000002,0,-0.000003,-0.000006,-0.000007,0.000002,0.000003,-0.000002,0.000003,-0.000003,-0.000003,0.000005,-0.000001,0.000006,0,0.000003,0.000003,-0.000004,-0.000008,-0.112713,0,-0.000006,0,0.000002,0,0.000006,-0.000002,0.00001,0.000005,0,0.000007,-0.000002,0.000001,0.000002,0.000007
0.000004,0,0,0.000004,-0.000004,-0.000002,-0.000007,-0.000002,-0.000007,0.000001,-0.000004,0,0.000004,-0.000006,0.000004,0.000002,0.000002,-0.000001,0,0,-0.000002,0.000005,-0.000005,-0.000002,0.000003,0,-0.000003,0.000002,0,0.000004,-0.000003,-0.000003,0.000002,0.000003,0.000002,0,0,0.000006,-0.000001,0.000003,0.000002,0,-0.000006,0.000002,-0.000005,-0.000002,0,-0.000004,0.000002,0,0,-0.000004,0,-0.000004,0.000002,0,-0.000003,0,0.000006,0,0
0,0,0.000006,0,0.000003,0.000001,0,0.000003,0.000003,0.000001,0.000003,0.000001,-0.000002,-0.000004,-0.000001,-0.000007,-0.000004,0.000002,-0.000002,-0.000005,0,-0.000005,-0.000001,0.000003,0.000002,0.000004,0,0.000002,-0.000001,0.000006,-0.000001,0.000005,0.000003,0.000001,-0.000002,0.000002,0,0.000002,-0.000004,0.000001,0.00001,-0.000004,0,0,0.000009,0.000003,0.000003,-0.000003,0.000002,0.000003,-0.000002,-0.000005,0.000002,0,-0.000001,-0.000005,0.000006,-0.000003,-0.000002,0.000001,0.000006
0,0.000002,-0.000002,-0.000001,0.000007,0,0.000004,0.000001,0,0.000006,-0.000003,0.000002,0.000003,-0.000003,0.000005,0.000009,0,0.00001,0.000001,0,0.000007,0.000003,0.000004,-0.000001,0,0,0.000006,0.000009,-0.000005,-0.000003,0.000005,0.000002,0.000007,-0.000002,0,-0.000004,0,0.000004,-0.000003,0.000011,0.000005,-0.000003,-0.000009,0.000004,-0.000009,-0.000006,-0.000005,-0.000005,0.000002,-0.000002,0.000009,0.000018,0.000007,0.000002,0.000003,0,-0.000003,-0.000004,0,0.000007,-0.000004
-0.000002,-0.000002,0,-0.000003,0.000011,0.000003,-0.000001,0.000004,0.000003,0,0,0.000001,-0.000003,0.000002,0,-0.000004,0.000002,0.000006,0.000006,0.000012,0.000006,-0.000008,-0.00001,0.000005,0,-0.000004,-0.000004,-0.000012,0.000003,0.000006,-0.000004,0.00001,0,0.000002,-0.000004,0,-0.000007,-0.000002,0.000003,0,-0.000001,-0.000005,0.000001,-0.000001,-0.000003,0.000004,-0.000004,0,0.000009,-0.000002,-0.000003,0,-0.000003,0,-0.000006,0.000003,-0.000003,0.000003,0,-0.000005,0.00001
0.000002,0.000005,0.000002,0,0.000004,0,-0.000002,0,0,0.000003,-0.000004,0.000001,0,0.000003,0.000002,0.000001,0.000004,0.000001,0,0,0.000004,0.000004,0,0.000001,0,0,-0.00001,0.000002,-0.000023,0.000002,0,0,0.000001,0.000004,-0.000003,0,-0.000002,0.000003,0,0,-0.000005,-0.000004,0.000002,0.000003,-0.000003,0,0,-0.000003,0.000002,0.000001,0.000002,0,-0.000005,-0.000003,0,0,0,0,0.000002,0.000002,-0.000005
0.000001,-0.000003,0.000003,0,0.000004,-0.000001,0.000003,-0.000015,-0.000003,0.000002,0.000005,-0.002564,0,-0.133144,-0.000007,0.000004,-0.000002,-0.000003,0.000006,0,0.000004,-0.000003,-0.000003,0.000002,0,-0.000002,0,0,-0.000001,0,0,0.000003,0,-0.000003,0,0.000001,-0.000001,-0.000003,0,0,0.000001,0.000001,-0.000002,-0.000006,0.000002,0.000745,0,-0.000004,0.000001,0,-0.000004,0.000003,0.07225,-0.00522,-0.000001,-0.000004,0,0,-0.014916,-0.001023,0
-0.000106,0.000004,0.013112,0.000011,-0.000006,-0.000004,-0.000015,-0.002538,0.075534,-0.000009,-0.000004,-0.008049,0.000018,-0.002567,0.000011,0.042515,-0.000004,0,0.000005,-0.000001,-0.000006,0.000005,0.000022,-0.000005,0.000002,-0.000008,-0.000008,0,0.000013,0.000004,0.000002,0.000015,0.000011,0.000007,-0.000002,-0.000002,0,0.000004,0,-0.000004,0.000006,-0.00001,-0.000007,-0.000003,-0.000009,-0.000001,0.000011,0.000012,0,-0.000012,0.000008,-0.000009,-0.000006,0.000007,0.000008,0.000006,-0.000005,0.000007,0.000002,-0.000009,0.000011
0.000001,-0.000005,0.000007,-0.000012,-0.000002,-0.00001,0,0.000004,0.000002,0.000006,0,0.000001,0.000004,0.000004,-0.000009,0.000008,0.000003,-0.000002,0.000006,0.000012,-0.000042,0,0.000009,0.000003,0.000002,0.000003,-0.000007,-0.000002,0.000003,-0.000004,0.000012,0.000004,0.000002,-0.000008,-0.000006,0.000016,-0.000001,-0.000001,0.000031,0.000002,-0.000003,-0.000002,0.000008,-0.000003,-0.000004,-0.000001,-0.000013,0.000003,-0.000001,0.000004,-0.000001,0.000004,-0.000014,0.000023,-0.000019,-0.00001,0.000002,0.000005,0.000004,-0.000006,0
-0.000622,-0.006455,0.000007,-0.252423,0.000005,0,0.000011,0.106223,-1.708074,-0.000006,0.022186,-0.000003,0.002287,0.000003,-0.000008,0,0.000324,-0.000007,0.000003,0.000636,-0.218854,-0.302966,0.030807,-0.489323,-0.05344,0.021511,-0.004299,-0.000005,0.000003,0.000002,0.253951,-1.764864,0,0.000004,-0.186052,-0.000002,0.000002,0,-0.000002,0.000002,-0.000003,0,0.000004,-0.010042,-0.000002,-0.000003,-0.000002,-0.000004,0.000002,0.287183,-0.000009,0.00001,0.000004,-0.000007,0.046704,0.000007,-0.000006,0.000002,-0.000004,-0.000004,-0.000003
0,0,-0.000003,0.000001,0.000003,0,-0.000023,-0.000003,0,0.000008,0.000004,-0.000001,-0.000001,0.000004,0,0.000004,0,0.000003,0,0.000002,-0.000001,-0.000006,-0.000001,0.000002,-0.000005,-0.000002,0.000007,-0.000002,0.000006,0.000004,0.000001,-0.000002,0,0,0,-0.000007,-0.000002,0.000002,0.000003,0,-0.000004,0.000005,0.000003,-0.000004,0.000007,-0.000002,-0.000002,0,0.000002,0,0.000002,0.000005,0.000006,0,-0.000002,-0.000004,-0.000004,0.000008,0,-0.000002,0
0.000008,-0.000006,-0.00001,-0.000016,-0.000003,0.000011,-0.000008,0.000002,0.000005,-0.000007,0.000002,0.000004,0.000005,0.000001,0.000007,0.000005,0.000017,0,-0.000007,-0.000007,0.000007,0.000006,-0.000003,0.00001,0.000005,0.000002,0,0.000009,0.000005,-0.000003,0.000003,-0.000003,0,-0.000001,0,-0.000001,0.000005,0.000001,0,-0.000017,-0.000003,0.000003,-0.000005,0.000002,-0.000007,-0.000004,-0.000007,0.000002,0,0,-0.000008,0.000007,-0.000001,-0.000009,0.000021,-0.000014,0,0.000007,-0.000003,0.000008,-0.000005
0.000014,-0.000004,-0.000006,-0.000006,0.000001,0.000006,0.000001,-0.000003,0.000005,-0.000003,-0.000002,0,0.000002,0.000004,0,-0.000005,0.000004,-0.000003,0.000009,0,0.000003,0.000002,0.000007,-0.000002,-0.000002,0,0.000004,0.000007,0.000005,0.000003,-0.000007,0.000004,0,0.000002,0.000003,0.000004,-0.000002,-0.000004,-0.000001,-0.000001,0,0.000002,0.000006,0.000002,0.000003,0.000006,-0.000003,0.000006,0,0.000002,0.000002,-0.000004,0.000003,0,0.000003,0.000002,0.000006,0.000003,0.000007,0.000005,0.000003
-0.000001,0.000002,-0.000001,-0.000005,0.000006,0,-0.000002,0.000004,0,-0.000004,-0.000001,0,0,0.000003,-0.000003,0.000002,-0.000001,0,-0.000001,0.000006,0.000001,-0.000003,0,0.000004,0.000004,-0.000002,0,-0.000007,0.000015,0.000004,0,0,-0.000001,0,0.000006,0.000003,-0.000003,-0.000012,-0.000005,-0.000003,0,0,-0.000003,0,0.000005,0.000003,0.000001,-0.000005,0.000002,-0.000001,0,-0.000002,-0.000002,0.000002,0.000005,-0.000009,0.000005,0,0.000003,-0.000006,-0.000005
0.000005,0.000011,-0.000003,0,-0.000002,0.000002,0.000012,0,-0.000004,-0.000001,0.000013,0.000002,0.000003,-0.000006,0.000004,-0.000003,-0.000008,0.000003,0,0.000005,0,-0.000009,0.000009,0.000007,0,0.000005,0.00001,0.000004,0,-0.000008,0.000005,0.000008,-0.000003,0.000004,-0.000006,0,0.000001,-0.000004,0.000004,0.000003,0,-0.000003,0.000002,0.000015,-0.000003,-0.000009,0.000009,-0.000007,0.000015,0,0,0.00001,0,0.000002,0.000003,0.000004,-0.000004,0,-0.000008,-0.000004,-0.000007
-0.000003,-0.00001,0.000001,-0.000007,-0.010659,0.000001,-0.000001,0,0.000002,-0.000009,0.022783,0.000004,-0.000005,0.046442,-0.036701,0.041762,-0.000008,-2.089371,0.000004,0.000004,-0.000005,-0.000889,0.129316,0.000006,0.000003,-0.000001,-0.000007,0.000006,-0.000005,0.000008,0,0.510342,-0.135748,-0.012907,-0.000008,0.000006,0.033424,-0.003249,0.015371,-0.164007,-0.324837,-0.764138,1.736575,-0.000007,0.00242,0.831157,-0.000007,0.007824,0.074405,0.287174,0.000017,-0.000004,0.018207,-3.169129,0.000014,-0.047443,-0.000828,-0.013729,-0.014354,-0.000006,0.015015
-0.000007,0.000007,0.000013,0.000002,-0.000008,0.000012,0.000005,0.000004,0,-0.000007,0.000002,-0.000001,0,0.000003,0.000003,-0.000012,-0.000003,0,-0.000005,-0.000005,0,0.000003,0,-0.000003,0.000007,0.000003,0.000002,-0.000008,-0.000002,-0.00001,-0.000002,0.000013,-0.000016,-0.000006,0.000006,0.000013,-0.000002,-0.000005,0.000005,-0.000016,0.000002,0.000001,0.000003,-0.000004,-0.000007,0.000006,0.000011,0,-0.000002,0.000004,0.000014,-0.000005,0,-0.000006,0.000002,0.000005,0.000007,-0.000008,0.000007,0.000006,0.00001
0,-0.000003,0.000005,-0.000017,0.000009,0.000001,0.000008,-0.000003,-0.000003,0.000009,0,0,0.000002,0.000002,0.000003,0.000005,0.000003,0.000003,0.000002,0.000004,-0.000005,0.000003,-0.000007,-0.000003,0.000002,-0.000009,0.000005,-0.000006,-0.000007,-0.000002,-0.000004,-0.000004,-0.000012,0.000009,-0.000007,0.000008,0.000006,0.000006,0,0.000006,0.000013,0.000001,0.000015,0.000003,-0.000006,0.000004,0.000003,-0.000009,-0.000015,0.000011,0.000001,0.000004,-0.000004,-0.000003,-0.000002,0.000002,0.000007,-0.000006,-0.10073,-0.000005,0.000012
0,0.000003,-0.000002,0.000014,-0.000004,0.000001,-0.000003,-0.000004,0.000005,0.000009,0.000004,-0.000002,0,0.000005,-0.000001,-0.000008,-0.000006,0.000017,0.000001,0.000004,0.000023,-0.000012,-0.000013,-0.000007,0.000004,-0.000009,0.000002,-0.000002,0.000009,0,0.000009,0,-0.000008,0.000014,0.000004,0,-0.00001,0.000004,0,0.000006,-0.000008,-0.000016,0.000008,0,0.000005,-0.000011,-0.000009,0.000003,0.000004,0.000005,-0.000006,0.000021,0.000011,0.000005,-0.000001,0,-0.000001,-0.000002,0.000003,0,-0.000002
0,0,-0.00001,0.000002,0.00001,0.000002,0.000002,0,0.000001,0,0.000005,-0.000008,0.000005,0.000006,-0.000002,-0.000001,0,-0.000003,0,-0.000005,0.000003,0.000003,-0.000005,0.000013,-0.000001,-0.000005,0,-0.000006,0,0.000006,0,0.000003,-0.000006,0.000003,0.000001,0,0.000007,0.000016,0,0.000005,-0.000005,-0.000004,0.000006,0,0.000004,0.000004,0.00001,0.000004,-0.000007,0.000005,0.000007,-0.000002,0,0.000002,-0.000009,0,0.000004,-0.000003,-0.000008,0.000002,0.000002
-0.000008,-0.000002,-0.000004,0.000002,0,-0.000004,-0.000001,0,-0.000002,-0.000003,-0.000005,0.000004,-0.000002,0.000003,-0.000002,0,-0.000002,0.000005,0.000003,0.000001,0.000004,-0.000003,0,-0.000003,0,0,0,0.000003,-0.000002,-0.001373,0.000003,-0.000005,0.000005,0.000004,0,0.000008,0.000003,0.000003,0.000003,0.000004,-0.00001,0.000002,0.000002,-0.000006,0.000006,-0.000002,-0.000006,0.000002,0,-0.000004,-0.000003,-0.000008,-0.000001,-0.000002,-0.000002,-0.869862,-0.000004,0.000001,0.000008,0,0
0.004509,-0.04563,0.015491,0.041444,0,0.001139,0.000196,-0.006926,0.021036,0,0.005846,-0.000958,0.002826,0,0,0.00092,0.046242,0.001632,-0.006704,0,-0.003233,0.000003,-0.000004,0.130733,0.000002,0.000004,0.064242,-0.006603,0,0,-0.000009,-0.000001,0.000002,0,2.200209,0,-0.000003,-0.125605,0,0.000002,0,0,-0.000002,0,-0.000003,-0.000003,-0.000002,0.000001,0.201112,0.000003,0.00001,0.000002,-0.000008,0.0014,0.036377,-0.000005,0.000004,-0.000005,0,0.000046,-0.000002
-0.000001,0,-0.001638,-0.035859,0.082476,0.235564,0.15395,-0.008405,-0.000008,-0.017892,0.000001,0.010641,-0.1452,0.022077,0.000005,0.000011,-0.148083,-0.000006,0.00061,0.075639,0.026453,-0.124246,-0.000004,-1.131501,0.000021,-0.03256,-0.000002,-0.000008,0.003896,0.011241,-0.030738,-0.085654,0.016609,0.108983,-0.04062,-0.016017,0,0.007909,0.048974,-0.000472,0.006764,-0.02362,-0.057115,0.101657,-0.013122,0.010495,-0.02339,-0.109621,-0.27922,-0.324771,0.015985,-0.009258,0.019834,-0.024995,0.02256,-0.16923,0.007104,0.008207,-0.1126,-0.002278,0.002108
0,0,-0.000009,0.000008,-0.000018,0.000014,0.000006,0.000002,-0.000006,-0.000002,0.000004,-0.000002,0.000003,0.000001,0.000004,-0.000008,0.000005,-0.000002,0.00001,0,0.000004,-0.000003,-0.000001,-0.000005,-0.000004,-0.000004,-0.000001,0,-0.000004,-0.000002,-0.000007,-0.000002,0,-0.000002,-0.000006,-0.000011,0.000004,-0.000316,0.000002,-0.000001,0.000005,0.000009,0.000004,-0.000013,0.000006,0,0.000002,-0.000002,0.000004,0.000006,0,-0.000003,-0.000006,0,0,0,0.000002,-0.00001,0,0.00001,-0.000008
0.000003,-0.000006,-0.000008,0,-0.000006,-0.000005,0,0.000004,0.000005,-0.000003,0.000004,0,0,-0.000006,0,0.000001,-0.000005,-0.000002,-0.000007,0.000002,-0.000013,0.000003,-0.000011,0.000004,-0.000001,0.000009,0.000012,-0.000006,-0.000005,0.000007,0.000001,0.000007,0,0.000003,0,0,-0.000001,-0.000002,0.000002,-0.000002,-0.000009,-0.000007,0.000007,-0.000005,0,-0.000003,0.000006,0.000002,-0.000004,-0.000001,0.000009,-0.000003,-0.000002,-0.000004,-0.000001,-0.000006,0,0.000002,-0.000004,-0.000002,0.000001
-0.000003,-0.000001,-0.000001,0.000003,-0.000004,-0.000001,0,0,0.000006,0.000009,0,-0.000001,0,0.000003,0,0.000007,0.000003,0.000001,0.000002,0,-0.000002,0.000008,-0.000001,0,0.000004,0.000011,0.000005,-0.000003,0.000007,0.000002,0.000007,0.000003,-0.000001,-0.000002,0.000012,0.000002,0.000009,0.000001,0,0.000003,0.000002,-0.000005,-0.000005,0.000005,0.00001,-0.000003,0.000005,-0.000001,-0.000001,-0.000003,0.000004,-0.000004,0.000001,0,-0.000005,0,0.000004,0.000005,0.000007,-0.000002,-0.000001
-0.000466,-0.044723,-0.000002,0.000002,-0.009646,-0.001605,0,0.488973,0.01638,0,0.047896,-0.000001,-0.000004,-0.000002,0.000011,-0.005612,0,0,0.00001,-0.003925,0.000001,-0.000004,-0.037292,0,0,-0.068244,0,-0.000108,0,-0.000001,-0.000002,0.000001,0,-0.000004,0,0.000001,0,0.033531,0,-0.000077,0.000003,0.000001,0.000003,0.000001,0,-0.000005,-0.000009,-0.000004,0.000006,0,0,0.000005,0.000005,0.000006,0,0.000004,-0.000005,-0.000004,0,-0.000005,0.000002
0.000001,0.000004,0.000003,0,-0.000004,0.000001,-0.000004,-0.000005,0,0.000001,0,0.000004,0.000001,0,-0.000004,0.000006,-0.000003,0.000001,0,0.000002,-0.000003,-0.000001,-0.000003,0.000002,-0.000006,0,0,0.000002,-0.000006,0,-0.000011,-0.000005,0,-0.000002,0.000001,-0.000003,0.000009,0,-0.000003,0,0,0,-0.000002,-0.000003,0,0,0,0,0,-0.000002,-0.000001,-0.000002,0.000003,-0.000003,0.000005,0,0.000003,0.000007,-0.000005,-0.000003,0.000005
0.000004,0,0,0.000005,-0.000008,-0.000002,0.000002,0.000011,0,0.000004,0,0.000004,0.000002,0.000005,-0.000002,0,-0.000002,0.000009,0.000008,-0.000006,-0.000002,0,0,0.000011,0.000006,0,-0.000001,0.000007,-0.000005,-0.000002,0.000007,0.000002,0.000003,0.000003,0.000006,0.000004,-0.00001,-0.000005,0.000008,-0.000005,0.000004,0.000005,-0.000012,0.000001,-0.00001,0,-0.000003,0.000007,-0.000002,-0.000004,0,0.000005,0.000004,-0.000005,0.000005,0.000003,-0.000006,0,0.000003,0.000004,-0.000001
0,0,0.000011,-0.000008,0.000011,0.000004,-0.000005,0.000007,-0.000002,0.000004,-0.000001,0,-0.00001,0.000002,-0.000006,-0.000007,0.000011,0.000003,-0.000009,0.00001,-0.000003,0.000002,0.000003,0.000004,0.000002,0.000002,0.000004,0.000011,0,-0.000013,0.000011,0.000004,0.000011,-0.000003,0.000002,0.000014,-0.000004,0.000007,-0.000007,0.000011,-0.000009,0.000006,0.000013,-0.000009,-0.000011,-0.000004,-0.000001,0.000002,-0.000003,0,-0.000013,-0.000003,0.000008,0.000006,-0.000003,-0.000016,0.000007,-0.000005,0.000008,0,0
-0.870617,-0.046229,-0.200956,0.13388,0.270241,-0.075838,0.288915,0.127986,-0.050183,-0.074631,0.334986,-0.063683,0.000733,0.24289,-0.005216,0.03468,0.092902,-0.000005,-4.917162,0.116655,-0.710696,0.063887,0.181953,0.020201,-0.060891,0.904806,1.299899,0.374729,-0.000007,-0.268252,-0.202792,1.446832,-0.871676,-0.126896,0.000008,-0.216759,0,-0.000001,0.003239,-0.148662,0.000008,0.9955,-0.103228,0.160187,0.150147,0.12156,0.000005,-1.049195,-0.222355,0.32353,0.006079,-1.255045,-0.000015,0.376622,0.000005,-0.038108,-0.574555,3.408432,-1.56508,0.082839,-0.000008
2.192263,-0.094959,-0.182862,-0.088558,0.051709,-0.815638,-0.153149,-1.084713,-0.532189,-1.343853,0.000297,-6.375196,0.287395,-0.971409,-0.339508,0.162568,0.796426,0.176607,0.055095,0.456958,0.077885,0.666404,-0.362208,-0.179285,0.055384,-1.61361,-1.078425,-0.28598,-8.889902,0.273758,0.132565,0.097408,0.089279,0.093094,-0.354046,-0.058481,3.557304,1.241286,0.038253,0.013467,-0.599136,-0.391774,0.284536,0.199649,0.156804,0.00268,-0.512653,0.335695,-0.067052,0.128468,-0.095659,-0.730842,0.158843,-0.207908,-2.954441,-0.358159,0.017878,0.836463,0.354061,0.454801,-0.036358
0.016928,3.364188,0,0.006876,2.797604,-1.611198,-0.685149,0.015522,2.488155,-0.700482,-3.217242,3.759636,0.079203,2.160511,5.973162,0.814546,0.396527,-0.119131,0.149211,0,-0.000005,0.256727,-0.127942,0.000002,-0.739682,0.316328,0.459794,-0.000007,-0.009184,-0.000002,0.732908,4.282202,-1.734754,0.493298,0.042105,0.01343,0.000005,-0.021262,0.000004,0.000166,-0.169745,-0.000715,0.495092,0.000014,1.297887,-3.798523,-0.345979,-0.646647,-0.254843,-0.10598,-0.08727,1.427219,-0.000995,0,-0.983478,0.034813,0.857138,0.075431,3.085957,0,-1.724492
0,-0.808863,3.41015,0.571342,-0.807748,-0.724238,0.324284,4.297976,3.327655,-0.878458,0.284821,2.540491,6.05701,-0.052342,0.065838,6.316897,-4.674013,0,2.090767,-1.370389,-0.098187,-0.016878,-0.000002,0.213308,-5.367522,-5.454102,-5.048735,0.027244,0.009188,0,0.579503,-0.169318,-0.101094,0.000373,0.000001,0.024443,0.477383,3.302507,0.000002,0.014021,0.007078,-0.811565,-0.000003,0.000004,-0.974876,0.000006,-0.003251,0.000009,-1.756129,-0.046498,-0.228577,-0.067453,-0.000002,-0.011162,-0.021189,-5.207454,-14.49736,1.13617,0.353503,-0.638275,0.005443
0.173861,-1.131049,-0.248133,-1.670705,0.038899,-0.67538,-0.618132,0.007624,1.021181,4.370024,0.23428,-0.421439,0.703051,0.204763,-0.304831,0.950615,3.294068,0.265195,-0.245733,0.389553,-1.000921,0.441211,-0.258178,-0.206007,0.113351,0.42361,-0.956348,-0.326107,0.201954,1.479438,-0.244736,-1.155645,-0.269104,0.249568,2.247985,-0.042746,-1.359481,-0.00961,-0.893326,-0.000003,0.020469,1.351411,0.033031,0.18754,0.316282,0.080686,-0.025186,0.128933,0.019342,0.562816,-0.204111,0.12923,-0.297497,-0.000941,1.083251,0.187779,0.04686,2.14535,-0.814282,-0.063706,0.146281
0.005421,0,-1.539784,-0.42138,1.503292,0.053202,-0.693426,-0.164432,-0.108448,-0.073552,-0.039099,-0.002217,-0.159996,0.274211,4.022393,-0.038174,0.348172,0.014461,-0.001071,0.002527,-5.240707,-0.559698,0.346585,-2.030516,0.179174,0.000103,0.112381,-0.143817,0.000002,0.004579,-0.00832,0.157211,-0.50886,1.220394,0,0.130658,-0.003219,-0.000004,0.163065,0.165065,0.21041,-0.078767,-0.286348,0.000004,0.410998,0.000001,1.384199,-0.000005,0.054185,2.395076,19.654898,0.261916,-0.279774,0.010482,-0.012439,-0.002401,0.004856,0.000005,0.013725,-0.000828,0.00586
-0.076324,0.472336,-0.00811,1.512327,-3.681253,0.616064,-0.063531,0.070281,-0.197336,0.567343,0.120134,0.314562,-0.253793,0.121555,0.01401,-0.14384,-0.031508,0.20234,0.083065,-0.227356,-0.166719,0.720593,2.366127,-0.165919,0.557012,0.49464,-0.011553,0.371309,-0.094746,-0.082337,-1.188568,0.920882,0.649673,0.051551,-0.694561,-0.0482,0.080024,0.12904,-0.112707,0.44961,0.964192,2.149134,0.08025,0.76641,0.181284,-0.060048,0.120157,-0.308478,0.003764,1.424136,0.28306,1.131892,-0.39999,-0.346517,-0.315729,0.12495,0.825002,-0.386988,0.06124,1.397368,0.17407
0.000006,0.008074,0.036649,0.000005,-0.039765,-0.001942,-0.010881,-0.000406,-0.00061,-0.001383,-0.008368,-0.002718,0.002195,-0.049735,-0.000708,-0.00209,-0.035024,-0.001459,0.006381,0.002906,0.013178,-0.014895,-0.000194,0.006872,0.028281,0.000002,0.005809,0.001903,-0.012663,0.001342,-0.001748,0.035614,0,0.011051,0.016197,-0.001897,0.002921,0.033814,-0.023736,0.000015,-0.024481,-0.001015,-0.019254,0.002737,0.012908,0.010439,-0.008934,0.008149,0.025273,-0.004979,-0.026496,0.146752,0.00089,0,-0.020271,-0.007108,-0.0044,-0.000046,0.09727,0,0.022799
0.000037,-0.001953,-0.000006,0.006316,0.000796,0.011227,0.00807,-0.000201,0.107134,0.05189,-0.000714,0.033022,0.000003,0,0,0.010803,-0.000002,0.013108,0.006407,0.011336,-0.021986,0.010192,0.000003,0.048941,-0.017835,0.000005,-0.156263,0.018207,0.011969,0.056304,-0.004203,-0.045176,0.004333,0.048267,-0.036364,-0.152537,0.04889,-0.001885,0.165106,0.002337,0.00436,0.022977,-0.034574,0.108083,-0.000452,-0.02873,0.062533,0.007946,-0.029012,0.168238,0.091001,-0.052068,0.015769,-0.093178,0.183753,-0.024601,0.036174,-0.550102,0.068277,0.101016,0.041615
0.000081,0.220529,0.000003,-0.613983,0.090173,-0.0636,0.026052,-0.032072,-0.000016,0.420502,-0.435862,0.140915,-0.425032,0.916263,-0.761356,0.154234,-0.054123,-0.000004,0.245772,-0.004669,-1.093229,0.205683,-0.08808,-0.95039,0.061908,-0.015698,1.669058,1.396906,0.154224,0.000001,-0.000004,0.053236,-2.063579,0.258843,0.078657,0.076832,-0.009461,-0.016978,-1.548221,-0.005943,-0.016902,-0.014669,0.067481,-0.056295,0.275974,0.194601,0.000001,-0.185668,-0.014393,-0.000006,0.010375,0.065351,-0.053197,-0.954459,0.135741,0.170406,-0.880407,-0.002772,0.002117,-0.004779,-0.003183
0.041933,-0.203409,-0.306917,0.064115,0.002605,0.003771,0.465889,-0.18682,0.110224,0.004006,0.335377,-0.010854,-0.338553,0.067167,-0.249137,-0.004473,1.19541,-0.199878,0.041736,0.234104,0.087484,-0.167096,0.020364,0.034471,-0.338089,-0.127114,-0.041867,-3.032538,0.114277,-0.0779,-0.489637,-0.097329,0.229563,0.550037,0.236886,-0.875307,0.300069,-0.02189,-0.004845,0.380289,-0.306515,0.43664,0.014188,-0.047165,0.285966,0.170803,-0.00508,0.021947,-0.284185,-0.090597,0,0.197452,-0.145168,-17.01568,0.873034,-0.018518,0.000001,0,0.011742,0,-1.20417
0.001163,0.033294,0.008676,-0.288643,-0.018577,0.090775,-0.021669,-0.012725,-0.195119,-0.027553,0.328526,0.177552,-0.072593,-0.461599,0.661379,0.089037,-0.091502,-0.028341,-0.718226,0.314308,0.049682,-0.011943,0.006672,0.036125,-0.000959,-0.06908,0.058289,-0.04828,-0.011138,-0.012504,-0.002872,0.026426,0.065582,-0.091758,-0.150376,-0.046966,0.566314,-0.045136,0.024745,-0.075729,-0.03621,-0.014978,-0.022831,0.077297,0.02558,-0.094996,-0.004901,0.09565,0.013803,-0.005784,0.261055,-0.01466,0.000002,-0.04973,0.02751,0.000001,0.103144,0,0.000005,0.084462,-0.033208
-0.024186,0.040277,0.064449,0.030512,-0.026976,0.097685,-0.007282,-0.263498,0.093683,-0.004919,-0.655694,-0.008823,-0.012417,-0.081612,0.041499,0.01008,-0.172898,-0.090594,-0.000003,-0.362375,0.002374,0.085221,-0.206115,0.01463,0.001495,0.210965,0.016254,-0.17831,-0.022091,0,-0.017301,-0.026554,0.272999,0.007736,-0.048331,-0.224485,-0.195624,-0.025036,0.034855,0.000001,0.072534,-0.183212,0.120468,-0.000003,0.146979,-0.084649,-0.261318,-0.019474,-0.054921,-0.000002,-0.141838,0,0.024593,-0.278109,0.10079,0.301814,0.109134,0.148684,-0.187032,-0.002537,-0.018392
0.00174,-0.002913,0.340055,-0.000196,0.000004,0,-0.000005,-0.907529,-4.797005,0.000002,-0.000003,-0.525325,-0.319151,-0.050275,0.361556,-1.313898,-0.005231,-0.000002,2.76361,0.355167,0.000002,-0.292096,-0.208565,3.414305,0.011645,-0.754532,-0.215214,0.131546,0.085491,-0.566548,-0.974059,0.311382,0.001339,-0.000182,-0.79728,-0.044997,-0.014198,0.011893,-0.109515,0.882417,-0.008125,-0.816839,-0.007992,0.001311,-0.077251,-1.12577,-0.083876,0.095882,0.045994,0.028344,-0.034313,-0.261087,-0.10618,-0.166364,-0.003438,-0.11789,0.104887,0.028287,0.035537,-0.18159,0.008958
0,0,0,-0.000002,0,-0.452482,0.000001,-0.005181,0,-0.000005,-0.000001,0,-0.000001,0.000003,0,0,-0.00001,0,0,0,0,0.000002,-0.000004,-0.000004,-0.000006,0.000004,0,-0.000002,-0.000003,0.000002,-0.000009,-0.000002,-0.000002,-0.002751,0.000003,0.000006,-0.000002,-0.000002,-0.052114,0,0.000004,0.010937,0.000311,-0.032156,-0.019286,0.02114,-0.000251,-0.015371,0.022429,0.000946,0.01854,-2.367252,-0.000717,-0.026087,0.000948,-0.000618,0.009653,-0.253722,0.006859,-0.001938,0.000007
0.000002,-0.017101,-0.053903,0.018334,3.048658,0.000069,0.001534,-0.082799,-0.081907,-0.035552,-0.042643,-0.274549,-0.690041,0.037948,0.015027,0.038602,2.741772,-0.013985,-0.000005,-0.326696,-0.073464,-0.033328,0.013609,0.6938,-0.076294,0.000861,-0.026555,1.005417,-0.022564,0.058195,-5.469402,0.032647,0.469234,0.012496,0.130755,-0.092902,5.991211,-0.035727,-0.000001,-0.023362,-0.002583,-0.037325,-0.001527,-0.315243,-0.000397,-8.759017,0.016778,0.014078,0.000715,0.000489,0.046362,0.011897,0.077682,0.307585,-0.013678,0.692271,-0.099253,-0.016905,0.115389,-0.001437,-0.024633
0,-0.000002,-0.000005,0.000001,0.000001,0,-0.000004,0.000003,0,0.000001,-0.000001,0.010336,0,0,0.017288,0.000002,0.000003,-0.000004,0,0,-0.000003,0.000003,-0.000002,-0.026318,0,0.000005,-0.000003,0.000004,0,0.000004,-0.000001,0.312924,0.000009,-0.000001,0.000002,-0.017818,0,-0.000004,-0.000009,-0.000002,0.000007,-0.000003,0,-0.188524,0.000002,-0.003303,0.000001,0.000006,0.000004,-0.00506,-0.000003,0,0.044709,0.078731,-0.000001,-0.000004,-0.000006,0.000462,0.000004,-0.023009,0.000003
0,-0.019269,0.009985,-0.084665,-0.011368,-0.000002,-0.000009,-0.069555,-0.005217,0.000279,-0.001153,0.002271,0.003933,0.083967,0.000005,-0.088258,0.010572,-0.131108,-0.061849,-0.047231,0.650346,-0.001752,-0.017169,0.000621,-0.330979,0.698887,-0.002568,-0.035148,0.000238,0.008823,-0.009308,-0.245173,-0.044713,0.016688,-0.014967,0.000004,-0.015564,0.492486,-0.00034,0.020896,-0.002618,0.001429,0.001819,-0.022881,-0.000617,0.000837,-0.010893,0.000001,0.019748,0.011362,-0.025897,-0.008042,0.015801,-0.003843,-0.020626,-0.008942,-0.004481,0.001215,0.041577,0.373128,-0.012312
0,0.059838,0.005243,0.025492,0.014958,-0.012971,-0.001557,0.01948,0.000101,0.022608,-0.013958,-0.009472,-0.128777,0.048258,0.158953,-0.005586,0.000001,0.033038,0.242564,-0.016596,-0.000615,0.024435,-0.017396,0.000014,-0.001809,-0.00029,0.001751,0.034045,-0.000223,-0.006055,0.00001,0,-0.048805,0.000001,0.000002,-0.002456,-0.002616,-0.000351,-0.000003,0.000001,0.001298,0.041136,0.000003,0,0.049852,0.000004,0.043938,0.000004,-0.000235,-0.017871,-0.000001,0.001315,0,0.076526,0.000012,-0.002402,-0.103635,0.007524,-0.001217,-0.000003,-0.000455
-0.000016,-0.000003,0.000002,0,0.000002,-0.000012,-0.00001,-0.000012,0.00001,-0.000007,-0.000005,0.000001,-0.033083,0,0.000005,0.000008,-0.000006,-0.000011,0.000017,-0.000003,0.000004,-0.000003,-0.000002,-0.000005,-0.000002,0.000003,-0.001255,-0.000003,0.000006,0.000008,0.000003,-0.000014,0.000003,-0.000009,0.000016,0.000002,0.000007,0.000004,-0.000004,-0.000005,-0.000002,-0.000005,0.000005,-0.000005,-0.000014,0.000007,-0.000003,0.000003,0,-0.000001,0.000008,0.000002,0.000015,0.000011,0.000002,0.000022,0.000002,-0.000013,0,0.00002,0.000008
0,0,0.000005,0.000006,1.566454,-0.000006,-0.000001,0.010113,0.024665,-0.000004,-0.000002,0.000002,0,-0.000013,0.016935,0,-0.000007,-0.000003,-0.034694,-0.000004,0,0,-0.165387,-0.000005,-0.000008,-0.000004,-0.010177,-0.006158,-0.000014,-0.000006,0,-0.044645,-0.181286,0.005789,0.000003,-0.000002,-0.023933,0.000009,-0.188407,-0.106018,-0.000013,-0.017596,-0.167957,0.033014,0.002235,0.000006,0.022291,0.005882,-0.044149,0,0.000954,-0.000006,-0.093395,-0.050933,-0.002632,-0.231721,0.000002,-0.163628,4.072694,0.000011,-0.000008
0.000011,0.000007,-0.000003,0.000005,-0.000007,-0.000003,0.000015,-0.000014,0.000009,0.000002,0.000008,-0.000003,-0.000002,-0.000005,0.000002,0.000005,0.000013,0.000008,-0.00001,-0.000003,0.000005,0.000007,0.000009,0.000015,-0.000006,-0.000002,0.000007,0.000003,-0.000011,0.000017,-0.000007,-0.000004,0.000004,-0.000003,0.000007,0,0.000004,0.000005,-0.000003,0.000005,0.000004,-0.000006,-0.000004,-0.000007,0.000007,0.000007,0.000008,0.00001,0.000012,0,0,-0.000007,-0.000006,-0.000005,0.000003,-0.000011,0,0,0,-0.000004,-0.000017
0,0.000002,0,0.000002,0,0,0.000003,-0.000002,0.000003,-0.000002,0.000003,0,-0.000002,0.000005,0,-0.000002,0.000001,0.000002,-0.000003,0.000003,-0.000001,0.000003,0.000003,0.000004,-0.000001,0,0,0.000006,-0.000003,0,0,0,0,-0.000003,-0.000002,0,0.000005,-0.000007,0,0,-0.000002,0,0,0.000001,-0.000002,0,0,0.356923,0,0,0,0,-0.000005,-0.000003,-0.000001,0,0,0,0.000002,-0.000001,-0.000004
0,0.000012,-0.000016,-0.000004,0.000006,0,0.000004,0.00001,-0.000002,0.000004,-0.000019,-0.000029,0,-0.000002,-0.000003,0.000003,-0.000004,-0.000004,0.000005,0.000012,-0.000013,0.000001,-0.000002,0.000014,0.00001,0.000007,-0.000001,0.000018,0.000001,-0.000008,-0.000011,0.000014,0.000002,-0.000007,0.000003,-0.000045,-0.000003,-0.000011,0.000003,-0.000006,0.000002,0.000008,-0.000002,0.000003,-0.000018,0.000001,-0.000002,0.000014,0,-0.000013,0.000004,0.000008,-0.000004,-0.000003,0.000003,0.000006,0.000013,-0.000005,-0.000002,-0.000003,0.000005
0.000002,0.000002,-0.000005,0.000007,0.000006,0,0.000003,-0.000003,0,0.000001,0,-0.000002,0.000004,0,0,0,-0.000003,0.000006,0,-0.000003,0.000007,0.000005,0,0,0.000001,0,0.000001,0.000001,0,0.000003,0,0.000003,-0.000006,-0.000001,0,-0.000006,0.000002,0.000004,-0.000002,-0.000002,0.000001,0,0.000001,0,0,0,0,0,-0.000001,-0.000001,-0.000002,-0.000001,0.000002,-0.000002,-0.000001,0.000001,-0.000001,0,0,0.000003,0
0.001081,0,-0.000004,0.000006,0,0,0.000001,-0.000013,-0.000004,-0.000004,0.000003,0.000006,0.00004,0,0.000007,-0.000004,0.000006,0.000002,0.000195,-0.000003,0,-0.00001,0,-0.00002,0.000002,0.000005,0.000007,0.000002,0.000003,0.000006,-0.000005,-0.000001,-0.000003,0,-0.000003,0.000003,-0.000004,0.000008,0.00001,0,0.000006,-0.000002,0.000002,-0.000003,0.000003,0.000004,-0.000006,0,-0.000002,0,0.000002,-0.000003,0.000017,-0.000002,-0.000003,0.000012,0.000003,0.000009,0.000006,0.000006,-0.000011
0,0.000001,-0.000003,0,0,0.000003,0,0,0.016594,0.000003,0.000006,-0.415712,0.000014,0.024259,0.000012,-0.000002,0.00001,-0.000005,0.000003,0,0.000002,-0.000001,-0.000003,0.000001,0.000003,0,0.437052,0,0.000004,0,0.000004,-0.000003,0,0.000018,0.000005,-0.000003,0.000001,-0.054683,-0.000004,0.000002,-0.261392,0.000002,0.000003,-0.000001,0.000006,-0.000004,0.000009,-0.000007,-0.000011,0.00001,0.000003,-0.054043,0.000004,-0.000008,-1.155887,0.088109,-0.004635,-0.019945,-0.048262,0.055749,0
0,0.000001,0,0,-0.000001,0.000002,-0.000002,0.000007,0,0.000002,0,0.000004,-0.000002,0,-0.000001,-0.000002,0.000002,0,0,-0.000001,0,0.000002,0,-0.000004,0.000001,-0.000003,0.000004,0,0.000006,0.000002,0.000003,-0.000002,0.000001,0.000005,-0.000002,0,0.000003,-0.000002,-0.000001,0.000002,0.000003,0,0.000001,0.000002,0,0.000002,0,0.000006,0,0,-0.000009,0,-0.000001,0.000002,0,0,-0.000002,0,0.000004,-0.000002,0.000003
0,0.000003,0.000001,-0.000003,-0.000003,-0.000002,0.000002,-0.000007,0.000002,-0.000003,0.000002,0.000001,0.000002,-0.000015,0.000006,0.000002,-0.000003,0.000007,0.000003,-0.000004,-0.00001,-0.000003,0.000004,-0.000006,0.000006,0,0.000002,0.000005,0.000007,0.000002,-0.000004,0,0,0.000016,0.000007,0.000003,0.000014,-0.000005,-0.000013,-0.000003,-0.000002,0.000009,-0.000002,0.000006,0.000011,-0.000002,0.000001,0.000002,-0.000002,-0.000005,0.000002,0.000001,-0.000002,-0.000004,0,0,0.000017,-0.000002,0.000001,0,0
-0.000001,-0.000001,0,0,0,0.000002,0,0,0,-0.000007,0,-0.000002,0,0,0.00001,-0.000006,-0.000002,-0.000003,0,-0.000007,0,0.000004,0.000004,0,-0.000001,0.000004,-0.000002,0,0.000001,-0.000001,0.000003,-0.000002,-0.000005,0.000004,0,0,0.000002,0,0.000003,-0.000002,-0.000003,-0.000002,-0.000002,-0.000003,0,-0.000001,0.000002,0,0,-0.000003,0.000003,-0.004984,-0.000008,0.000002,-0.000003,-0.000002,-0.000802,0,0,-0.000002,0.000002
0,-0.000002,0.000004,0,-0.000001,0,0.000005,-0.000001,0.000001,0,0.000003,0.000003,-0.000003,0.000003,0.000002,0.000004,0.000003,-0.000002,-0.000002,-0.000007,-0.000003,-0.000005,-0.000002,0,-0.000005,-0.000009,0.000002,0.000003,0.000002,0,0.000002,-0.000003,0,0.000003,0,-0.000005,0.000004,0.000001,0,0.000004,0.000002,0.000002,0,0,0.000003,0.000005,-0.000005,0,0,0.000002,0.000003,-0.000004,0,-0.000003,-0.000002,0.000007,0.000004,0.000003,0.000003,0,-0.00003
-0.00062,0.000026,-0.006502,0.000095,0.004048,0.49724,0.035405,-0.005837,0.00244,-0.196522,-0.040155,-0.158971,-0.039337,-0.054018,0.000651,0.000001,0.003361,-0.000876,-0.005666,0.003145,0.200509,-0.041689,0.023807,-0.036967,-0.006064,-0.030873,-0.053928,-0.041208,0.031529,0.075849,0.00857,-0.812946,0.175275,-0.136504,0.011679,-0.056238,-0.04508,-0.000003,-0.025061,0.000006,-0.000003,-0.001777,-0.00113,-0.006825,0.003731,-0.004749,-0.06165,-0.012496,0.023494,0.036489,-0.001879,0.000004,0.014294,-0.006366,-0.001719,0.005181,-0.00045,-0.006046,-0.044161,-0.003638,-0.292049
-0.000004,0.000004,-0.000002,0.000002,0,0,-0.000004,0.000001,-0.000002,0,-0.002695,0.000002,0,-0.000003,-0.000003,0,0,-0.125178,0,-0.000002,0.000003,0.000004,0,0.000003,0,0,-0.000001,0.000002,0,-0.000006,-0.035949,-0.000007,0.000002,-0.000011,0,-0.001988,0,0,0,0,-0.000002,-0.00095,0,0.000001,0,0,0.000002,0.000003,0,0.000002,0.000002,-0.000002,0.000003,-0.00662,-0.000003,0.000003,-0.000005,0.000006,0.000006,-0.000002,0.000002
0.000003,0.000001,0,0.000002,-0.000009,-0.000004,0.000002,-0.000006,0,0,0.000003,-0.000005,0.000001,0.000006,0.000002,0,0.000004,0.000003,0.000003,0,0.000002,-0.000005,-0.000001,0,0,0,0.000001,0.000003,0,0,0,-0.000001,-0.000003,0.000002,0.000001,0.000003,0.000002,-0.000005,0,-0.000002,0.000002,0.000005,0.000006,0.000001,0,-0.000001,0,0,0,0.000002,0.000001,-0.000003,-0.000001,-0.000003,0,-0.000003,0,0.000002,-0.000004,-0.000001,0.000002
0.000005,0,0.000001,0,0,0,0.000004,0.000003,0.000002,0,0,0.000006,-0.000002,-0.000004,0.000001,0,-0.000003,0.000003,-0.000002,-0.000002,0,0,0.000002,0,0.000001,0.000001,0,0.000003,-0.000002,0,-0.000003,0,-0.000001,0.000002,0.000003,0,0.000001,0,0,0,0,0,-0.000002,0,0,-0.000003,0.000001,0.000002,0,-0.000001,0,0.000003,0,0,0,0.000001,0.000001,0,0,-0.000001,0.000001
-0.000003,0.000004,-0.000001,0,-0.000003,0.000004,-0.000004,-0.000003,0.000004,0,0.000003,0,0,0,0.068322,0,0.000003,0,0.000002,-0.000003,-0.000005,0.000009,0.000003,-0.117712,0,0.000012,0.000013,-0.000001,-0.000003,0.104428,-0.000002,-0.000008,-0.000001,-0.000005,0.000004,0.000003,0.000001,0,0,-0.000002,-0.014977,-0.000006,0.000685,0.000003,0.000005,0.053142,0.000004,-0.000003,0.000008,-0.000003,0.000006,0.000005,0.01448,-0.000015,0.000002,-0.00001,-0.003764,0.000003,-0.000006,-0.000002,0
-0.000002,0.000004,0.000001,-0.000005,-0.000004,0.00002,0.000015,-0.000018,0.00001,0,0.000019,-0.000005,0.000008,0.000008,0.000002,-0.000002,0.000014,-0.000011,-0.000009,0.00001,-0.000005,-0.000014,-0.000008,0.000002,0.000005,-0.000004,-0.000003,0,0.000005,-0.000002,-0.000005,0.000006,0,0.000004,0,0.000003,0,-0.000003,0,0.000002,0,0,0.000006,0.000007,0,0.000001,0.000008,0.000001,0.000011,0.000021,0.000005,0.000009,0.000003,-0.000004,0.000007,-0.000024,-0.000004,-0.000009,0.000015,-0.000006,0.00001
0,0,-0.000002,0.000002,-0.000007,0,-0.000005,0.000007,0.000001,0,0.000007,0,-0.000003,0.000003,0,0.000003,-0.000003,0,0,0.000003,-0.000005,-0.000007,-0.000002,-0.000005,0,0.000003,0,-0.000005,-0.000005,0.000001,0.000007,-0.000006,0.000001,-0.000005,-0.000002,0.000002,0,-0.000002,0.000004,0,0.000004,0.000001,0.000002,0,0,0,0,-0.000001,-0.000002,0,0.000002,0.000003,0,-0.000004,-0.000002,-0.000001,-0.000002,-0.000001,0.000003,0.000003,0.000001
0.000005,0.00001,-0.000006,-0.000014,0.000019,-0.000004,0,0.000003,0.000002,-0.000006,0,-0.000001,0.000005,-0.000001,0.000003,-0.000003,-0.000003,-0.000003,-0.000011,0.000002,0.000001,-0.000006,0.000011,0.000006,0,0,0,0.000004,-0.000002,0,0.000002,0.000005,0,0,0,-0.000001,-0.000004,-0.000007,-0.000002,-0.000002,0,0.000005,-0.000004,-0.000006,-0.000004,-0.00001,-0.000006,-0.000009,0,-0.000011,-0.000005,0.000006,0.000002,-0.000004,0.000009,-0.000007,0.000013,0.000005,-0.000014,-0.000008,0
-0.000004,0.000003,-0.000004,-0.000005,0.000006,0.000007,-0.000003,-0.000004,-0.000006,0.000003,0.000011,0.000006,0.000001,0,-0.000004,0.000016,0.000011,0.000002,-0.00001,0.000003,0.000003,0.000003,0,0,0.000004,-0.000001,-0.000003,-0.000005,0.000004,0.000005,0.000002,0.000003,-0.000003,-0.000005,0.000006,0.000011,0,0.000003,-0.000011,0.000004,0.000007,-0.000005,0.000002,-0.000013,0.000012,0.000004,0.00001,-0.000003,0,0,0.000008,0.000007,0.000002,0.000003,-0.000009,-0.000005,-0.000003,0.000006,-0.000006,0.000008,0.000002
-0.000006,0.000007,-0.000005,0,0,-0.000007,0,-0.000002,0.000003,0.000001,0,-0.000004,0,0.000003,0.000001,-0.000004,0,0,0.000006,0.000002,0.000001,-0.000006,0,0,0.000002,-0.000003,0.000006,0,0,0.00001,0.000008,-0.000002,0.000006,0.000004,0.000005,0.000003,0.000007,0.000002,-0.000005,-0.000002,-0.000002,0,0.000005,-0.000007,0,-0.000002,0.000004,0.000009,0.000002,-0.000005,0,-0.000006,0.000003,0,-0.000001,-0.000006,-0.000006,0,0.000002,0.000002,-0.000002
0.000007,-0.000002,0,-0.000006,0.000002,-0.000002,-0.000003,-0.000004,-0.000006,0.000004,-0.000034,-0.000001,0,0,0.000004,0,0.000009,0,0,-0.000004,0.000005,0.000007,0,0.000003,0.000004,0.000006,0,-0.000001,-0.000003,-0.000006,-0.000008,0,-0.000009,0.000002,0,0.000003,0,0.000001,0.000003,-0.000002,0,0.000001,-0.000002,-0.000002,0.000001,0.000001,-0.000002,0,-0.000006,-0.000002,-0.000006,0.000002,0.000002,-0.000011,0,-0.000002,0.000011,-0.000007,0.000003,0.000001,0.000004
0.000016,-0.000013,0.005159,0.006718,0.111555,-0.030374,-0.09785,0.098232,-0.046928,0.187249,0.026777,-0.093251,-0.016256,-0.00321,-0.080183,0.036656,0.46788,0.101193,0.115866,-0.000009,0.01601,0.000003,-0.00242,-0.000006,0.006257,-0.031026,0.040929,-3.888702,-4.356008,0.200551,-0.053452,0,-0.285852,-0.003052,0.015281,0.001509,-0.100585,0.552668,0.000002,0.004726,-0.106012,0.127464,0.000008,-0.00509,-0.026105,-0.000007,1.024946,-0.036134,-0.005089,0,-0.000004,0.000003,-0.082788,0.000002,0.00001,-0.000002,-0.009663,0.000006,-0.063871,0.000008,0.497094
-0.000003,0.000001,-0.000003,-0.000003,0.000007,0.000002,0.000003,-0.000001,-0.000003,0.000001,0.000003,0,0,-0.000006,-0.000001,0.000003,0.000003,0,0,-0.000009,0,0,-0.000003,0,0,0,0.000002,0.000005,0,0.000001,0,0,0.000003,-0.000002,0,-0.000003,-0.000005,0.000003,0.000007,0.000002,0.000001,0,-0.000001,0,-0.000007,-0.000003,0,-0.000002,0,-0.000002,0.000004,0,0,0.000007,0.000006,0,0.000002,0.000003,0.000001,-0.000005,-0.000005
-0.000001,-0.000006,-0.000002,-0.000006,-0.000003,0,0.000004,-0.000004,-0.000007,-0.000008,0,0.000003,0.000015,0.000005,0,-0.000002,-0.000005,-0.000007,0,0.000005,0.000001,0.000005,0.000005,-0.000007,0,-0.000007,-0.000005,0.00001,-0.000013,-0.000002,0.000004,0.000001,0.000002,0.000002,0.000003,-0.000002,0.000014,-0.000001,0,0.000007,-0.000009,0.000006,-0.000004,0,-0.000003,0,-0.000002,-0.000004,-0.000002,-0.000003,-0.000003,0.000007,-0.000005,-0.000006,-0.000001,0.000003,0.000002,-0.000002,-0.000004,0.000017,-0.000006
-0.000002,-0.000003,0.000006,-0.000013,-0.000002,0,0,-0.000004,-0.000003,0,0.000002,0,-0.000005,0,-0.000009,-0.000003,0.000003,0.000006,0,0.000006,0.000016,-0.00001,0.00002,-0.000009,-0.00001,-0.000006,-0.000004,-0.000007,-0.000005,0,0,-0.000015,0.000012,0,-0.000011,-0.000006,0,0,-0.000014,0,0.000003,-0.000005,0.000012,0.000019,0.000004,0.000001,0.000004,-0.000002,0.000009,0.000002,0.000004,0.000001,0.000002,0,-0.000003,0.000001,-0.000006,0.000002,-0.000004,-0.000011,-0.000007
-0.000003,-0.000017,0.000002,-0.000004,-0.000007,0.000009,0,0,0,0.000008,-0.000006,0.000003,0.000003,0.000006,0.000005,-0.000009,-0.000007,0.000009,-0.000003,0,-0.000005,0,0.000004,0.000006,-0.000002,0.000004,0.000005,0.000007,0,0.000005,0.000002,0.000006,0.000002,-0.000003,0.000007,0.000012,0.000006,-0.000001,0.000008,0.000006,-0.000001,-0.000001,0,-0.000003,0,0.000002,0.000004,0.000004,0,0,0.000002,0.000002,0.000002,0.000002,-0.000006,0.000001,0,0,-0.000005,-0.000003,-0.000006
0.000101,0.006079,6.882533,-0.000116,0.004998,-0.613163,-0.024308,-0.013183,-0.037874,-0.022984,-0.042023,-0.152491,0.000522,-0.023196,-0.014771,-0.003011,-0.699565,-1.832305,-0.031209,0.00185,0.00559,0.713327,0.098614,-0.014739,0.000848,0.000005,0.172902,-0.027468,-0.014168,0.039541,-0.070148,0.004838,0.007101,0.651442,0.080147,-0.000007,-0.008803,-0.000004,0.069737,0.009362,-0.002379,-0.01012,0.00232,0.019972,-0.043152,-0.003793,0.002014,-0.454246,-0.03704,-0.002195,-0.000382,-0.001953,-0.00012,-0.000476,0.001661,0.535884,-0.006511,-0.043133,0.399434,0.000341,0.117398
0.0378,-0.054521,-0.031818,-0.326777,0.002973,0.520563,0.046161,0.012783,0.331038,-0.111592,0.001819,-0.00002,0.021206,-0.047369,0.185384,0.00083,0.269571,0.875945,0.191018,-0.074572,0.059398,0.005216,-0.032783,0.091855,-0.00948,0.025393,-0.000746,-0.112378,0.13077,-0.007899,-0.027976,0.011554,-0.061955,0.03556,-0.059887,0.449009,0.117453,-0.172733,-0.011129,0.080621,0,0.075382,0.005093,0.097119,0.268023,0.061642,-0.150788,0.260785,0.453975,-0.001283,-0.010209,0.018186,-0.573964,0.172084,0.099183,-0.034433,0.479643,0.00024,0.258964,-0.410522,-0.150832
-0.045493,-0.003435,0.081463,0.340683,-2.006493,0.042082,-0.006943,0.065394,-0.071253,0.013655,-0.009147,0.069199,0.037413,0.209148,-0.355381,0.157354,-0.14678,-0.183229,-0.483063,-0.070758,-0.487848,-0.618561,-0.043792,-0.015473,-0.087132,0.05338,0.042057,-0.024637,0.454186,0.012362,-0.075135,0.163978,0.000009,-0.005886,-0.421459,-0.000138,-0.131743,1.100559,4.36893,0.012945,-0.000013,-0.170796,-0.280587,-0.174103,0.258435,0.000001,-0.003572,-0.154683,0.067709,-0.88178,0.00528,-0.050963,0.000002,-0.000002,-0.008776,-0.084356,-0.002221,0.000005,-0.179305,0,0.574114
0.005193,0.000001,-1.673509,0.271495,0,0.248173,-0.054303,-0.119063,-0.000008,0,-0.006503,0.078602,-0.305984,0.145809,0.067924,0.010205,-0.000008,0.012208,-0.342885,0.051256,-0.000904,-0.020732,-0.119392,0.003869,-0.32793,0.099807,-0.11893,-0.010539,-0.055012,-0.281827,0.203025,0.436122,-0.481877,0.060989,-0.000005,0.061757,-0.003715,0.299965,0.409,4.27387,1.732436,0.124394,-0.3716,-0.344624,-1.504369,0.003562,-0.126753,-0.335992,-0.878163,-0.010622,0.029881,0.024992,-0.003302,-0.049262,-0.10685,0.565086,-0.496856,0.107705,0.02236,0.234606,-0.022056
0.000141,-0.219759,-0.021181,0.009386,0.355766,-0.727905,-0.052636,-0.090557,-1.529011,-0.032507,-0.313022,0.484425,0.097286,0.223153,0.01346,-0.051313,0.13518,0.067011,0.081464,-0.208711,-0.623914,0.034736,0.061244,0.266731,2.86265,-0.117793,-0.475671,1.093271,-0.062994,-0.388584,0.014373,-0.234328,-0.099045,0.004763,0.638655,-0.004021,0.18926,0.519306,0.05082,0.688233,-3.159055,-0.608971,0.977561,-0.045847,-0.381552,0.391604,0.998598,-0.13716,-0.01723,0.503153,0.603398,-0.027797,0.27245,-0.057652,-0.023784,0.062777,-0.212697,-0.484124,-0.79191,-1.499575,-0.184738
-0.00192,-0.200915,-0.008819,0.826913,0.079432,0.044679,-27.850901,0.066743,0.049743,-0.222627,-0.056441,-2.36496,-0.056581,-0.169632,-0.029114,-0.07095,-0.398504,-0.218417,-0.210924,-1.932518,0.07676,-0.513661,0.000001,0.920361,0.001549,0.048212,-0.422126,19.890005,0,-0.501348,-0.479864,0.233255,-0.002077,0.026211,0.000011,-0.159625,-0.021373,0.000002,-0.11262,-0.001131,-0.027965,0.189729,-0.165526,0.02812,0.008121,-0.036698,-0.000112,-0.116014,0,0.456004,0.000006,0.088764,-0.22191,-0.050936,0.348366,-0.278068,2.32767,-0.006365,1.149572,0,1.297088
0.05279,0.048916,0.475374,-1.142503,-0.122826,0.486245,-0.036019,-0.005571,0.599631,0.014027,-0.020228,0.404457,-0.163105,-0.477324,-0.020002,0.096999,-0.064586,0.177063,-0.310918,0.086346,0.206752,0.320515,0.000868,-0.000001,0.433765,-0.026292,4.019778,0.007897,0.008894,0.322874,-0.000003,0.004881,0.000003,0.000008,0.363221,0.283071,0.002358,0.021687,-0.058893,0,-0.126094,-0.000003,-0.003823,-1.770521,-0.048936,0.010774,0.149957,0.035831,-0.003693,0.063492,-0.112735,-0.014853,0.008057,-0.000043,-0.005083,0.000003,-0.049301,0.373985,-0.009648,0,0.000001
0.000004,0.001862,0.11637,0.001261,-1.560765,-0.002168,-0.25076,-0.010701,-0.039095,0.065049,3.466856,0.992351,-0.180087,-0.032713,-1.739629,-0.053172,0.07787,0.835695,-0.41939,-1.712421,0.778672,-0.67526,0.06288,-0.004816,-0.010982,0.02242,0.428698,-0.65234,0.075462,0.026756,0.129156,0.160277,-0.373336,0.629943,0.421003,-0.709933,0.102966,-0.506193,-0.025862,-0.149428,-0.036643,0.32383,-0.153342,-3.024333,2.365637,-0.203938,-0.167208,-0.094378,-0.08534,0.17388,-0.323273,-0.06033,1.154769,-0.094323,0.042184,0.020841,1.602349,-0.079458,0.176774,-0.013357,0.005605
0,-0.000003,-0.000342,-0.000005,-0.000004,-0.090248,0,0.180359,0.057583,-0.003878,0.646578,0.137604,0.388461,0.032442,0.008092,0.300648,0.489458,0.259768,-2.492954,-0.010398,0.144367,0.092605,0.224608,-0.000128,0.000242,-0.278267,0.058968,-0.397702,-0.001734,0.262933,-0.87395,-0.062332,0.707885,0.348769,-0.154708,-1.218129,0.111096,-0.014078,-0.067365,1.53379,1.147275,-3.233429,-0.648165,0.088195,-0.436295,-0.007256,0.001264,-0.230387,1.70724,-0.323327,0.026351,-0.005458,-0.032596,-1.235999,0.205739,0.118771,-0.249687,-0.277934,-0.075182,0.084046,0.188514
0.010184,0.113462,0.063499,-0.169408,-1.047277,-1.31876,-0.841853,-0.123176,-1.598566,0.082543,-30.973734,0.03974,0.035551,0.043675,-0.17758,0.006926,0.952736,0.147648,0.064712,0.466261,0.036047,-0.128054,-0.990812,0.132676,0.837875,-0.032061,0.004063,0.248692,0.188773,-0.094623,0.682397,-2.275496,0.469,0.196965,-4.102959,0.057995,-0.361218,0.229164,-0.090188,0.050238,-0.248411,-0.575023,-0.16536,0.097206,-0.299545,-0.812542,-0.099257,0.284111,-0.250976,1.036685,0.018868,-0.291544,0.296019,-2.275394,-0.247691,-0.242844,0.15273,0.175505,-0.052006,0.101858,0.621731
0.00851,0.315153,-0.031123,0.037261,0.0022,0.320899,-0.056382,0.283642,0.492555,1.337555,1.311938,-0.047019,-0.135524,-0.110398,0.483992,0.219167,0.205309,-0.070242,0.092116,-0.049987,-0.061397,0.031302,0.014342,3.968013,-2.151277,-0.793312,0.023872,0.170361,1.240293,0.857084,0.127057,0.068601,-1.525056,-1.300173,0.25509,0.114388,-0.13103,2.397394,0.568746,-1.66156,-0.623967,0.46463,-0.035443,-0.321828,0.124859,0.135255,-0.042178,0.060922,-0.141531,-0.442846,-3.351195,0.043284,0.000002,0.140266,0.712714,-0.008905,0.194035,-0.682611,-0.426888,-1.01247,-0.111674
0.000122,-1.765615,0,-2.048275,0.400637,-0.000192,0.000003,-0.000002,0.026944,22.029463,-0.00065,-0.476166,0.102146,-1.471802,0.562654,-0.166698,-0.000018,24.876726,-0.000006,-0.140327,-0.034149,-0.000002,0.039824,-0.01173,0.48488,-0.000003,2.407669,-0.012475,-0.439602,0.244169,0.000182,0.176453,0.216315,-0.246206,-0.007864,-0.000008,0.104505,-0.385513,0.066779,0.048129,-0.339998,0.653737,0.382971,-0.012669,0.077559,0.001581,0.010211,-0.95622,0.967488,0.033341,-4.679992,-0.223972,-0.455867,0,0.04315,0.245915,0.295553,0.049278,0.053742,0,-0.005154
-0.001015,-0.136823,-0.023641,0.466695,0.206157,-0.034429,-0.226253,0.117396,-0.173944,1.570953,-0.624931,0.284788,0.124447,-0.261876,-0.056392,-0.474877,0.143374,-1.142948,-1.050667,-0.949347,-0.67224,1.206334,0.771376,-0.000311,-0.080646,-0.193964,0.349078,-2.139725,0.528155,-0.112112,-0.021785,-2.193695,5.110941,0.198636,-2.560264,-0.336612,-0.000004,-0.013758,-0.360495,0.521194,0.85702,-0.521891,3.648103,3.569951,0.253272,-1.568213,0.47844,-1.351451,0.194046,-0.489738,0.12102,0.121403,-1.318174,0.092726,-0.098829,-1.103067,-1.490633,-0.017378,0.018115,0.009831,-0.343363
0.007639,-0.051096,-0.087513,0.249903,0.116846,0.292425,-4.870596,0.078341,3.183248,-0.018465,-0.085287,0.006878,0.308954,-1.252414,-0.81839,0.574943,0.108607,-0.068149,0.856813,-0.554387,8.183317,0.045111,-0.082902,0.000002,-0.118571,0.081191,0.413722,0.300288,0.979908,0.174872,-2.219114,-0.281619,-0.000004,1.099372,0.179531,0.345995,-0.023688,1.383683,-0.224919,-0.164024,0.007011,0,0.593859,12.823445,0.967506,-0.242905,0.420715,0.489944,-0.021105,0.525696,-0.43363,0.448827,-1.502935,-0.124032,0.11835,-0.513468,-0.12238,0.000003,0.136973,0.441758,1.995672
-0.000003,-0.00016,0.035685,0.000005,-0.000005,-0.565493,-0.632831,17.683567,0.056208,-0.245923,-0.022681,-0.000002,0.118854,-0.000177,0.108468,2.456949,-0.637967,-0.453579,0.045464,0.061844,-0.209196,0.000008,-0.222846,0.078162,0.096712,0.431842,0.468858,-0.006881,-0.712693,-0.000003,0.202847,-1.513984,0.258478,-0.02607,-1.227186,-1.182781,-0.685244,-0.156776,2.191431,-0.039468,0.426606,0.698805,-0.15654,-0.203113,0.046301,-0.064277,0.004507,0.427457,0.127089,0.000007,-1.439936,0.039487,0.057626,0.505759,-0.078386,-0.013241,-0.000139,-0.325147,-0.264529,0.000002,0.058656
-0.000928,0.106467,0.225518,-0.106193,0.000002,-0.579116,0.768131,0.000371,0.000002,0.000015,0.000002,-0.000005,1.363355,0.016337,-0.720818,-0.090957,-0.000567,0.021595,-0.006047,-0.617405,-0.000001,-0.117002,-0.033472,0.023515,0.000001,0.000048,0.827318,-0.006674,0.006658,1.085086,-0.248652,0.918033,-5.059772,-0.354006,1.296,-0.998288,0.109363,0.000884,-1.468093,0.01438,-0.000062,-0.667375,1.069536,-0.02562,-0.714591,-0.148691,-0.000014,-0.317135,4.321858,-4.346494,-8.287794,0.185364,-1.048754,-0.2151,0.111924,0.12034,0.014029,-0.08244,-3.048466,0.355532,0.000002
0,0.016863,-0.108435,-0.539194,0.424828,2.132788,0.004675,0.158967,-0.000005,-0.172684,-0.452532,0,0.049798,-0.65434,-0.623081,0.029859,-0.226621,-0.794925,-0.202059,-0.001938,-0.32559,-0.045513,-0.555079,0.093474,0.116834,-0.340218,-0.024392,0.453718,-0.31868,-0.011222,-0.16636,-0.076789,-0.043323,-0.062631,0.000658,0.100956,0.032334,-0.233441,0.02478,-0.014946,-0.000539,0.323744,0.093897,0.001688,0.000511,-0.390592,0.034663,-0.283868,0.16391,0.031588,0.052805,-0.040061,0.176176,0.221257,0.024838,0.339597,-0.003533,-0.125597,-0.134039,1.561714,-0.339722
0.00763,0.068013,0.257596,0.015345,0.026329,0.47569,0.079323,1.121309,0.057716,0.687592,0.118864,-0.109074,1.537861,0.096993,0.096016,0.952947,0.826371,-16.621716,3.303357,6.746469,-4.085606,-1.27846,0.025242,-0.122204,-0.028668,0.02312,4.112518,0.345056,-0.329285,0.00109,0.302226,-0.327201,-2.414769,1.401691,0.266279,-0.158631,0.630333,-0.175647,2.869756,0.20116,-0.170405,-1.01046,2.462878,-2.025804,15.398642,6.909604,-0.014451,-3.599703,-0.315674,-1.091291,0.007505,0.306811,1.377256,2.072412,6.586939,-0.018607,-1.317698,-0.007031,1.576808,2.041671,2.271994
-0.084376,0.023764,-0.142436,0.285088,-0.33505,-0.290992,0.628125,1.191462,0.154417,-0.856966,3.665115,-0.00436,-0.817181,0.000002,0.05164,-0.431095,1.613702,-0.142559,-0.640038,-0.203219,-0.000013,1.683556,-0.294802,0.294053,-0.031376,0.642211,-0.000003,-0.067339,8.533011,0.255309,0.463297,-0.000002,-0.262562,-5.603527,-1.044958,0.007523,0.158693,0.232115,0.909985,0.065655,0.213371,-0.000322,-0.000001,-0.347579,0.708213,-0.284175,-0.159992,-0.825186,-2.238903,0.830762,0.001521,0.068519,0.000001,0.000604,1.20068,-0.945656,0,-0.091457,0.000002,0.06359,-0.159541
-0.210918,0.07223,-0.049014,-0.000004,0.0093,0.068779,0.003565,-0.116039,0.154371,0.185322,-0.00249,-0.021874,0.002971,0.258196,-0.58939,-0.160082,-0.013228,-0.022735,-0.077608,-1.868397,0.004611,0.189843,-0.255479,0.098047,0.155061,0.163748,0.008494,-1.377995,-0.187389,-0.01812,0.016028,-0.012411,0.011666,-0.04997,-0.004071,0.003771,-0.121411,-0.320108,-0.025669,0.024864,-0.358679,0.375338,0.014348,-0.01069,0.155044,0.239096,-0.00451,0.020511,-0.300268,-2.973411,-0.049556,-0.051144,-0.197027,0.055987,-0.341307,0.033123,-0.030161,-0.031675,0.329893,0.001178,-4.439066
0.05561,-0.243978,-0.780641,5.26929,0,2.582909,0.002925,14.364464,-0.002527,-1.021918,-0.549647,-0.104319,-0.28621,-0.109492,0.270494,-0.310735,-0.128699,7.776125,-0.013771,-2.421305,1.250842,-0.462903,-0.065807,-0.293712,5.499893,0.178406,0.012095,0.403452,-0.366044,-0.258198,-0.308836,0.465186,-8.34465,-1.961099,-0.286455,0.2368,0.135458,0.408198,-3.760542,0.306706,0.50935,-0.195127,-0.749115,0.731682,-0.011316,0.35849,0.101592,0.006052,3.491804,0.20203,-0.1207,0.09667,-1.186788,-3.264104,1.359195,-1.155512,0.790493,1.080674,0.005517,0.004829,-0.59131
0.180905,-0.169996,0.000003,0.018271,0.173049,0.008173,-0.313056,0.000001,0.009238,0.028442,0.024944,-0.034915,-0.500294,0.010298,-0.146464,-0.772635,0.009117,-0.074544,0.039786,0.001984,-0.000667,-0.000006,-0.196956,0.30528,-0.004211,-0.006584,0.029506,0.006053,0.486195,0.00274,0.032212,0.512673,-0.089523,-0.234611,0.00103,0.021536,0.057728,-0.045331,-0.050455,-0.009136,-0.046107,-0.130136,-1.370314,-0.409444,0.023547,-0.072143,-0.000002,-0.043629,-0.008804,0.000005,0.051936,-0.076914,-0.060377,-0.050192,-0.032221,1.003359,0.007814,-0.094829,0.156942,-0.141978,-0.64267
0.004268,0.084703,-0.012357,-0.073361,-0.668482,-0.000078,0.018333,-0.103725,0.066621,0,0.021403,-0.095354,0.107231,-0.000773,0.018803,0.051161,-0.005285,0.142292,-0.067974,0.017146,0.109186,-0.000417,-0.095782,0.005463,-0.634986,-0.020552,-0.000002,0.000001,0.088715,0.049161,0.065818,0.61825,-0.294364,-0.448017,0.123435,0.019898,0.160711,-0.062639,0.020726,-0.060102,-0.090893,-0.523744,0.000721,0.260632,-0.004587,-0.852224,-0.000981,-0.116126,-0.020169,-0.006978,0.079843,0.085588,0.009332,0.05983,1.069672,-0.281583,0.166183,0.000008,-0.065555,-0.02266,-0.220683
0.01354,-0.02017,0.019375,-0.063678,0.000001,0.019563,0.000005,0.818702,-0.000235,0.114612,-0.520956,0.141798,0.290993,-0.031115,-0.208278,0.10846,-0.498333,-0.49163,0.360377,0.87813,-1.000441,-0.014237,-0.002977,0.000266,-1.363112,0.000088,0.062133,1.408656,-1.912895,0.120079,0.218963,0.000219,0.055087,0.751317,-0.286006,0.231978,-0.435489,0.002646,0.015138,-0.01178,-0.206226,0.000003,0.06837,-0.552152,-0.400363,0.703692,0.021356,0.016938,0.07442,1.084823,-0.746774,0.053274,0.018902,-0.099974,0.000008,-0.234334,-0.234239,-0.394246,-0.338861,0.000003,-0.000047
-0.159579,0.307458,-0.045208,-0.128274,0.010592,2.385212,-0.079776,0.862805,-0.500032,-0.081369,0.053323,-0.033478,12.970197,-0.208976,0.085976,-0.037088,-1.640429,0.080149,-0.016189,0.959995,-0.01303,-0.134686,0.237542,-0.13623,-0.019938,0.070721,0.000001,-0.468502,-0.043915,0.036873,-0.000004,-0.457241,-0.025571,22.190847,0.140305,0.07641,0.02325,0,0,12.531717,0.004024,-0.149282,0,-0.091988,0.000001,3.053069,0.053858,-0.051579,1.129832,0.021751,0.789518,0.155444,0,0.094639,-0.000161,-0.181221,-0.001724,0.0168,-0.249254,-0.411683,0.078121
-0.000213,0.130227,1.166497,0.000102,-0.041727,0.217668,1.46595,0.132261,-0.035342,0.2222,0.024937,-0.025362,0.031231,-0.204202,-0.949963,-0.334745,-0.006392,0.69671,-0.697439,-0.548242,0.114316,-0.014492,0.246173,0.039413,0.043388,-0.103217,-0.839612,0.016654,0.079037,0.022186,0.162677,-0.984305,0.983769,0.02102,-0.251402,0.197943,-0.007089,-0.191175,-0.476636,0.15731,-0.205352,0.000001,1.06268,0.017702,0.556223,0.043505,-0.008325,0.026109,-2.307947,-0.339142,0.603939,0.082898,0.061783,0.491813,-0.001279,-0.007638,-0.161204,-0.045971,0.379314,-0.240755,-0.656415
0.107152,-0.093368,0.024769,0.019989,0.070022,0.114267,0.044449,0.022296,0.057654,-0.134574,0.005027,0.11236,0.386466,0.2351,0.034785,-0.097662,-0.060135,-0.090947,-0.057741,-0.019427,-0.087467,-0.153077,-0.092394,0.14815,-0.025591,0.12152,0.308584,-0.03439,-0.346851,-1.078693,0.105201,-0.050174,0.008239,-0.168115,-0.037803,0.104803,-0.02226,0.351288,-0.007737,-0.1278,-0.040735,0.032933,0.074205,0.066343,-0.012303,-0.156444,0.035798,0.111114,0.019658,-0.049871,0.000013,0.074075,0.009452,0.075311,-0.000002,0.000007,-0.000006,-0.001909,-0.015597,-0.007481,-0.103648
0.071343,0.330045,-0.10906,0.183462,0.446274,-0.003465,0.053095,-0.14154,0.049534,0.04144,0.000006,-0.000001,-0.000058,0.688661,-0.366516,-0.596709,0.335313,0.420865,0.000431,0.207653,0.218064,-0.094754,0.000004,-0.420611,0.014057,-0.026832,-0.082858,0.385019,0.774419,-0.12509,0.051691,-0.026141,0.039068,-0.613192,0.091654,-0.002426,1.652669,-0.032057,0.033228,0.433956,0.192963,-0.02204,-0.090857,-3.654703,2.144368,-0.018021,-0.194679,0.038351,-0.057794,0.013522,0.250502,0.005288,-0.233064,-0.199102,0.323755,0.015188,-0.048875,-0.015553,-0.315949,-0.019896,-0.455006
0.000001,0.091937,0,0.000137,-0.000144,-0.00013,0.000003,-0.052854,-0.012249,0.000148,0.000979,0.000531,-0.000006,0.00172,-0.015804,0.001883,-0.375467,-0.000042,-0.00461,0.000004,0.039937,0.004071,-0.000005,0,0.005743,0.000081,0,0.043829,-0.000003,0.002702,-0.000011,0.000004,0.009016,0.002939,0.000005,-0.000002,0,-0.561306,-0.000001,-0.001148,0.096459,-0.022405,0.014822,-0.000085,-0.000027,0.000003,-0.011334,0.00071,0.001145,-0.000008,0.000005,-0.00575,0.034849,-0.20833,0.001133,0.000647,-0.001592,-0.005443,0.000003,0.000002,0.064815
0,-0.000003,0,0.000014,0,0.000002,0.000005,-0.000015,-0.000003,-0.000001,0.000008,0,0,-0.000002,0.000003,-0.000022,-0.000038,0.000009,0.000011,0.000002,0,0.000005,-0.000002,-0.000009,-0.000012,-0.00001,-0.000004,0.000006,0,0.000003,0,0.000008,-0.000014,0.000009,0.000014,0,-0.000011,-0.00001,-0.00001,-0.000002,0,-0.000003,0.000008,0.000014,-0.000008,-0.000002,-0.000009,0.000011,-0.085984,0.000003,0,0,0.000004,0.00002,0.000006,0.000016,-0.000002,0,0.000003,0.000015,-0.000011
0.000003,0.816029,0.000002,0,-0.283146,0.000002,0.000034,-0.000581,0,0.000001,0,0.000051,-0.000002,0.000003,-0.000007,0,0,0.000005,-0.000003,-0.000008,-0.280387,0.000002,-0.000002,0,-0.000026,0.000003,0.000001,0,0.000006,-0.000002,-0.000038,-0.000004,0.000001,0.000004,-0.000002,-0.000004,0.000002,-0.000003,-0.000001,0,0,-0.000002,0.000002,-0.000006,0.000002,0,0.000003,-0.000003,0,-0.000003,-0.000003,0,0.000002,0.000006,-0.000003,-0.000002,0.000004,-0.000013,-0.000001,0.000004,-0.000003
0.000125,-0.001709,-0.000796,0.010456,-0.004362,-0.001249,-0.0021,-0.000606,0.001629,-0.001815,0,0,0.049795,0.023457,0.007066,0.000042,-0.002044,-0.000271,0.006835,0,-0.000004,-0.067577,-0.000339,0.001585,-0.321964,-0.018128,0.000001,-0.000002,-0.000001,-0.000003,-0.000004,-0.381343,0.579292,-0.059963,0.182587,0,0,0,-0.001469,-0.000348,-0.000162,0.000003,0,-0.002773,-0.008173,0.000004,-0.013544,0,-0.019224,0,-0.003953,0,0,-0.030208,0.030853,0.000354,0.001396,-0.001469,0.000005,-0.006363,0.005317
-0.000014,0.8983,0.15345,-0.000361,0.013389,-0.002433,-0.003363,-0.00405,-0.053111,-0.046174,-0.055195,0.54667,0.000009,-0.00001,-0.000204,-0.000085,0.000221,0.045834,-0.107703,-0.013022,-0.000076,-0.000081,0.000288,-0.07498,-0.087478,-5.702073,-0.43397,-0.000012,0.00035,-0.021208,-0.010184,0.000205,-0.000002,0.000126,-0.000281,0.099751,-19.120081,-0.000006,-0.000015,0.00003,3.740283,-0.002443,0.000504,0.000104,-0.001308,0,-0.00386,0.005681,0.03394,-0.339652,-0.021261,0.000015,-0.000003,0.000002,-0.222341,-0.061763,0.000576,0.000928,-0.000342,-0.00094,0.032098
0.000135,-0.064869,-0.127554,-0.039336,0.689458,-0.229869,-0.000218,-0.009583,-0.000102,0.014494,-0.002247,0.019853,-0.067644,-0.012601,0.62332,-0.059158,0.000003,0.243553,0.225007,-0.028464,-0.034563,-0.201968,-0.001994,0.165495,-0.080616,0.003405,-0.000424,-0.15906,-0.027359,0.000051,-0.374207,-0.057575,-0.020559,0.001075,0.232103,-0.015881,-0.013823,-0.011998,-0.002522,-0.036106,-0.003055,-0.059313,-0.005504,-0.010001,0.000021,0.000585,-0.017933,-0.004757,-0.019536,-0.009014,-0.017994,-0.002542,-0.010321,-0.014788,-0.046932,-0.008184,-0.011619,-0.021873,-0.011714,-0.094042,-0.054846
-0.000001,0,0.00454,-0.000961,0.000002,0,-0.012595,-0.000001,0,0,0,0.000005,0.000001,0,0.000004,-0.00603,0.000007,-0.006479,0.000003,-0.000001,0,0.000005,0.084312,0.000004,0.000007,0,-0.00652,0.000001,-0.000003,-0.000006,0,0.000004,0.000038,0.000001,0,0,-0.126367,-0.000001,-0.000002,0.000004,-0.025552,0.000002,0.000001,-0.000008,0.000004,0.000011,0.061343,0,0,0,0.000003,-0.000003,-0.000002,0,0.000001,-0.000002,0,-0.000024,0,0,0
