1.498421,6.554419,6.596111,4.882213,1.991607,3.465534,-8.148421,2.423007,-6.121917,-2.313647,12.226898,10.528016,18.26823,3.472674,7.811249,-1.142173,12.217638,2.547957,-0.632733,10.579789,3.935879,-0.408499,10.706384,6.370978,10.338704,5.043725,6.581969,16.604324,3.731789,13.075639,-8.11668,5.551009,-0.349209,-0.777458,6.78651,-0.916102,21.302673,4.006104,-1.278983,4.568774,-4.447429,6.745844,40.273041,0.314966,18.008345,6.958906,0.83411,6.573986,4.805078,20.948624,3.689651,5.68387,5.039541,4.453991,20.850349,3.801193,2.966475,2.5853,6.778419,6.916927,-2.870217
1.705517,9.539228,3.448254,0.256708,2.841606,-9.812258,-0.648968,-9.208259,4.87425,-64.346291,-7.091855,6.105096,-2.151377,-8.204735,-51.440582,3.249467,0.344639,-3.02502,2.677229,-12.142058,-5.797287,-17.305336,-13.08848,-19.862421,-42.26965,-14.44854,-0.778241,6.539145,-16.828764,-13.905009,-12.42395,2.66423,3.309007,3.155045,3.497483,0.768187,1.043983,-6.314183,-16.833143,-2.10661,1.643983,1.656392,-0.912208,5.129457,2.143485,-5.035606,8.219721,5.944903,1.816646,5.103832,2.158364,-1.974042,-0.552063,-2.99162,-6.439804,-20.485865,-0.962502,-1.484276,-8.328265,-13.465153,-2.81262
-6.402026,-14.76828,16.51388,16.641554,0.43077,13.432737,-17.314232,3.030125,24.364576,3.666057,22.632935,-4.549723,7.099777,-7.108455,14.905132,-6.480071,-5.280169,15.644244,-7.771248,14.548797,-4.622337,5.299094,-41.447987,2.798185,-4.266253,20.707066,-3.959676,22.089918,-60.815063,5.205801,11.63527,-11.090448,7.950663,-0.792946,17.531919,19.760429,1.940586,15.211086,8.628056,0.591014,12.280834,-5.190302,0.362139,10.377516,6.80429,11.128839,3.127804,13.034312,-3.882746,24.564552,-0.693296,29.488714,3.161439,10.036052,15.096303,0.029027,10.099764,-13.211362,8.249034,-10.283258,4.455464
2.852505,-5.995452,3.682752,-7.636345,6.522555,11.66417,-22.507593,44.459564,1.112424,-0.032085,-3.57429,4.815337,1.754442,19.652412,2.251646,-28.350266,9.106793,3.315964,6.161886,13.828703,10.016891,7.06973,4.205276,-25.246546,12.052056,28.146973,-9.527736,4.399718,1.368169,-31.149847,37.433529,2.524174,11.385213,-2.068555,-6.823542,3.085661,-31.383831,-10.824636,16.911068,12.13033,-77.066299,-22.861496,6.570912,3.805265,21.028585,12.037828,2.385393,9.423804,7.555367,6.427908,0.63129,9.517934,3.490509,14.047547,-1.188839,3.12664,-3.580568,0.142736,6.676932,9.166489,22.862894
6.919441,-8.861711,-0.903754,8.444928,-4.717499,-3.80221,-15.737556,-32.387272,-9.448042,6.356955,-5.470503,-20.501167,-3.892492,15.747797,-1.33158,18.119129,-22.347918,-1.67098,-6.188867,5.171638,19.316818,-1.745025,1.093073,6.732037,3.360586,-11.300878,13.646286,9.165262,1.073635,7.155123,-8.525594,12.907968,-1.505268,16.352386,-4.932457,-5.916963,14.915422,29.396065,2.437639,28.180077,-10.75044,4.892328,8.365767,-3.522223,8.333662,13.764815,-22.507629,-11.17222,4.990073,4.540745,9.013448,6.631638,8.13811,36.34626,2.444861,10.12895,5.128768,18.57251,9.417115,-24.931585,35.303928
-71.70224,-10.173586,-42.556759,22.75742,-8.164348,2.235653,2.917543,21.856796,42.72723,7.01697,-4.025138,2.439585,-40.140541,36.184704,-22.95834,20.563026,-17.768988,32.194736,47.958725,16.527901,28.019537,77.432587,-4.805714,0.674001,3.669599,-41.692955,45.258583,-19.630829,1.872863,3.876485,19.839619,1.522764,5.487921,3.338921,2.694152,28.935848,1.888334,44.299252,9.644905,1.845809,-0.279107,7.382151,-47.615131,1.578482,-29.444662,-31.491943,3.128727,54.178493,3.092794,32.751053,2.19688,2.826462,-55.946507,22.172869,7.326269,11.074852,-2.227266,37.768021,23.407728,-17.789671,9.822994
16.828865,-2.814027,-9.0539,20.855963,-0.99888,20.565449,-9.554195,-0.679042,53.122341,-1.706933,-29.616148,15.244532,-0.765339,10.739228,38.72419,9.303278,-1.690815,-10.925309,37.897621,5.958352,27.177935,28.738493,20.168879,32.201344,24.71752,-0.244548,9.512889,-1.169131,16.40645,24.000681,18.200201,20.168518,0.996605,20.435184,26.371021,12.344339,24.923946,3.472083,-4.249493,25.115501,32.807217,4.16734,14.272517,11.47353,-7.006434,49.20784,51.79784,3.725333,-1.019425,29.641853,19.986149,-7.163828,10.134191,12.9189,37.999184,9.013803,32.53817,-3.426944,-0.435606,16.833803,-7.10812
4.624226,7.404466,18.610914,-13.045678,0.676658,4.144721,11.178896,3.665045,19.367468,-2.110507,-0.525967,1.438521,10.216102,2.134993,-0.313591,23.884193,-39.750359,17.049509,12.022319,6.281154,7.768411,27.806845,-0.152689,27.230858,21.141668,-0.814756,-0.795069,48.84166,18.2929,7.353471,33.646774,23.598459,20.505903,13.540812,16.151409,6.450445,53.724323,57.214977,17.049311,17.449057,-3.098453,50.509281,14.806262,14.715749,9.281837,24.269073,0.559935,-0.235946,-14.81541,31.477449,5.201592,6.076627,-16.087896,73.853447,2.681543,13.814999,-7.61657,17.99695,17.161356,28.17531,32.758659
-1.137369,18.673069,27.225945,7.972072,20.15011,57.765759,0.62267,45.656975,-0.900921,34.552845,6.027519,14.68179,20.598471,6.635323,20.622232,-0.961967,6.546658,21.24848,6.698442,17.54248,2.697204,18.646149,21.57843,3.58622,3.175308,13.001682,4.256766,-1.659694,-0.984386,14.629034,4.969397,16.311285,15.63132,0.289439,4.973662,13.395769,23.235737,6.80883,21.362808,5.099583,13.73499,25.066238,12.134933,20.223593,8.412841,17.156975,5.590066,5.095891,1.530232,-0.079929,4.491319,-4.822919,1.634202,25.398397,13.066293,3.495789,3.666625,25.349417,9.243123,30.709904,-1.763025
8.070896,22.225798,7.530136,-4.040086,7.704853,7.763097,1.959497,2.839633,7.39509,-4.642209,0.474952,-3.913261,1.989855,4.831282,1.5293,-0.736312,-5.719771,-2.570289,5.61363,1.220291,11.474483,9.582266,5.308633,0.235158,14.784732,19.049809,-2.774664,7.337356,-4.02584,6.426479,4.142753,-0.537844,-0.929761,5.96379,10.520761,-54.949978,2.679718,15.242408,10.437644,-9.932669,-6.200799,0.256991,7.55764,-3.847331,-11.294412,18.255592,5.132631,6.88651,-22.831594,-48.26162,-7.873434,11.926667,16.320099,-1.898868,5.818296,-35.019051,0.020874,13.288634,6.913586,8.64556,16.077629
8.552164,8.749093,2.753442,-29.743641,18.710104,4.108647,15.27624,9.79425,42.836372,15.03169,11.638242,11.699363,20.158739,21.7663,3.125937,-4.284728,15.219172,4.786614,10.688663,5.920968,16.665401,20.330236,26.618137,30.448544,9.805331,5.042346,17.825974,4.463731,4.817039,2.449048,17.189947,7.46009,3.218709,8.319024,4.424536,1.04925,2.760499,-2.087832,18.212658,4.31179,17.640188,-1.035158,7.022721,-2.675465,-5.181427,11.509397,6.664271,27.850325,10.41148,12.279335,11.089722,2.550145,4.871188,12.467776,1.406983,-14.389692,13.897654,3.645836,10.179531,17.1057,25.840498
-14.296392,6.359258,7.901543,4.246351,20.171391,7.664466,10.637131,6.99928,-34.926582,3.913795,18.158031,18.761173,-1.405777,19.721943,10.556435,1.952334,-2.40012,5.186883,9.342805,8.340727,-5.125079,12.174765,10.853341,23.775791,2.216868,2.667353,16.895956,5.718874,35.262089,8.730415,6.837921,3.385635,15.840675,20.497093,9.737266,7.637289,13.57829,2.560997,15.493779,18.993219,15.903831,14.059065,5.850012,20.520611,6.925929,10.732771,12.925585,26.412218,15.462808,21.239178,27.915169,12.495408,-35.118004,23.184465,10.459504,15.325112,14.683082,10.617808,6.846536,26.767805,16.680609
1.067006,-3.181487,23.749739,5.040748,31.091719,24.908733,-4.953759,-28.118679,-9.620982,16.637682,29.158007,0.044195,25.579304,4.622828,1.992458,29.926132,12.74681,8.013275,8.034079,19.256157,10.792808,-4.010731,7.055875,-1.45386,41.678577,57.417603,-5.185881,18.611214,-58.462746,6.432745,16.504524,6.502315,-0.686184,17.461382,23.701159,-8.31138,39.978336,-28.656578,6.492856,5.407171,17.886837,-4.54812,2.142423,3.119276,11.757879,12.633644,10.425504,41.878605,8.735671,12.352167,4.613166,21.236017,11.465482,11.62335,25.238297,-2.43608,14.441001,12.166477,9.214227,13.17205,-0.786439
38.793648,14.03712,22.969162,-19.932169,-20.065605,1.993892,25.605047,12.01465,-44.153862,28.037062,-72.797157,3.376463,31.744083,15.758576,30.385122,26.247101,4.609338,21.161997,-7.021191,-11.115627,11.38153,-50.520611,-6.442061,-2.701936,-11.241908,21.49679,-11.184527,-8.581764,-12.134948,8.645809,2.962363,-14.824022,15.433154,9.198338,6.459964,0.804872,14.025142,12.704602,3.648836,-1.687217,19.09487,6.971381,31.158476,17.963106,6.494814,18.754488,-9.478639,11.142047,-1.502028,20.220663,11.719369,14.956339,0.314284,4.230682,22.47398,-12.679731,-14.614079,3.854806,10.601765,4.548681,-2.763089
2.488516,-5.865368,2.623323,-1.319474,4.090283,17.506674,-2.988526,-2.045641,2.465662,-0.099584,10.892781,1.416045,10.804436,2.434927,3.101816,0.210438,-2.029393,-1.250572,-8.440566,18.484558,-1.025608,10.259447,-2.567257,15.953242,7.857617,19.517633,1.117754,1.943523,13.493563,2.375681,2.979426,5.651721,11.456423,0.958747,7.727616,-1.459211,8.363098,3.484643,4.428429,7.033453,9.457348,5.130201,1.39722,3.362295,0.397308,11.03813,30.263519,1.543404,-33.633526,8.902851,3.838902,11.879551,25.211048,8.9783,9.344473,10.745058,-5.095987,-5.872091,-9.986453,-0.90598,4.421909
25.671053,-9.418017,-1.621124,-50.614658,59.073822,-53.084633,5.187465,51.225399,3.708546,0.922577,5.659476,0.187738,-2.605489,-1.285839,4.720787,-5.98911,29.500795,-1.317061,21.962492,-10.645731,8.72753,-0.463951,46.024887,6.565355,-12.624701,5.842361,-0.708313,20.198877,18.514582,-3.97014,0.624535,-1.087401,12.307323,-13.774505,20.986916,-12.191349,5.428078,2.656791,48.480232,2.823513,2.499876,-3.645372,8.084981,-33.518127,-2.043207,4.793993,-2.123658,8.994093,-8.087811,-1.106563,-23.11134,-9.109377,-51.341,-5.11868,53.648197,-2.993778,-5.918236,0.599388,-25.652302,-0.642254,-0.771047
62.140221,69.527176,-1.312975,59.617874,-48.811924,66.273659,-0.908952,75.869957,33.799789,-1.136029,79.722191,-0.958575,0.358132,0.060203,0.070236,34.484318,85.360428,45.907303,15.680024,-45.388966,39.251713,45.747116,63.460587,79.18251,-50.766644,69.684471,-1.893946,73.688515,63.819115,-1.199398,51.370102,-38.067539,43.780388,84.563644,-15.021127,37.366333,49.65057,2.043711,39.628628,17.630453,62.894314,-17.912754,-0.373997,25.728039,-2.491506,-1.969031,14.263604,-28.644331,-18.197138,-19.815008,-2.779581,-1.606606,-1.875677,13.159556,-42.012672,-20.027554,-32.772079,-1.883471,-1.819834,-1.889068,6.177203
36.034134,18.528458,6.079728,16.928827,9.474574,1.436682,-55.148006,15.425166,25.879015,13.985276,6.460449,38.138927,6.06967,8.380571,1.153154,11.886907,0.553253,-6.26958,19.426579,6.27183,20.900963,2.350099,21.274551,6.632911,12.935968,38.461723,3.542746,-17.51852,1.383848,-4.501707,1.701442,6.258805,3.647453,7.056934,17.514587,15.631471,31.285913,4.768126,12.593266,26.901447,5.711998,9.741632,1.348558,6.168133,24.872986,5.996075,14.790264,-25.288111,5.308007,2.12533,7.131007,11.22132,1.179971,12.812161,14.142909,10.527609,-22.789505,10.410591,48.516918,2.592888,16.031322
-5.557374,16.325987,23.381304,-1.050619,8.835778,30.531834,6.036955,-10.809259,16.520103,23.887363,-5.340869,13.60213,9.86106,12.83696,4.705066,4.73072,4.926775,-12.363757,15.085156,-13.120188,-9.896383,8.107865,9.270286,-3.439515,-2.199771,21.257063,1.684335,8.542654,-5.98797,7.678425,15.38186,-17.861021,25.801886,1.75928,11.96524,18.426275,22.326641,-0.260657,-2.221775,19.019571,8.072326,-6.754232,1.750476,19.005953,-2.623659,0.165455,21.378784,-54.311596,9.776258,-0.018365,-27.08684,5.112312,19.026873,20.376062,-1.820554,3.914294,19.340639,39.188534,23.855352,-0.293481,3.654505
11.451329,1.716536,22.059565,29.383505,-11.906378,1.826219,15.391196,-5.359282,10.810893,20.398197,2.141855,21.16934,26.474819,-2.502168,4.555181,15.159194,8.068482,1.649191,26.383581,27.63401,14.181281,1.247333,7.204281,5.831979,23.815861,3.180324,4.985157,2.51401,11.409429,16.998533,27.103119,22.846703,1.394842,27.177446,1.735186,69.888878,25.479887,1.411814,6.224183,19.4634,-3.821159,5.345889,2.920194,22.532175,2.051821,27.058573,8.1037,-16.076242,12.819841,-11.909418,2.318053,1.557684,12.667071,12.457438,16.877649,2.965739,21.14843,-11.599062,20.889353,6.381114,8.728336
25.534443,28.466026,3.891123,15.867865,34.818871,17.818251,1.62405,-4.260586,6.151091,1.365527,4.754498,25.353273,1.635027,6.820427,5.084383,4.747955,13.013983,1.137089,11.233621,-5.002806,2.21948,26.308069,-18.758024,1.226306,1.9817,13.068357,52.677582,19.488209,2.010136,13.102129,13.971891,22.387524,7.864935,3.038378,26.701874,9.312665,19.910929,22.992336,-1.549882,16.702461,5.916871,10.062837,-3.76287,-3.242739,9.773308,-5.888855,-15.497378,1.166548,1.965587,-5.034859,3.603374,5.879269,30.812643,16.417543,7.062917,24.272123,17.834173,24.286692,47.730839,-3.201606,0.01642
-5.043394,12.155701,11.147567,-3.861861,-3.344523,-16.310841,23.296543,10.267211,5.654338,14.3216,8.657392,7.66051,15.652923,10.040396,20.114058,-3.791139,12.06576,-5.848408,-6.238849,-13.509389,-5.910287,15.899994,-12.527444,30.898584,10.567972,-18.844196,19.970522,-18.029411,16.362093,-7.288849,-2.858591,2.83339,7.901579,0.427967,-14.845573,10.561651,2.738792,6.100819,-24.566961,2.265707,47.400547,11.877554,16.670584,2.883567,46.960247,-3.59722,22.345396,-1.983968,0.460552,5.806394,9.147798,59.130177,3.030953,1.012201,3.294104,40.295746,19.790516,1.645181,-14.423186,16.224941,-48.508072
22.197021,10.847178,-1.403872,-1.519231,-0.262017,5.434036,5.285356,-1.058259,1.215316,18.958248,2.884538,13.873512,-4.019998,-1.608614,25.053896,-8.226576,16.676701,71.669678,20.559664,-1.818619,9.105776,14.224815,41.010292,0.536029,-0.238991,8.121463,83.093147,-5.753547,-1.603764,16.013725,15.497961,-13.808846,3.65678,10.624024,4.55237,-1.503713,37.425323,10.73904,11.828347,10.98544,57.486458,17.965931,18.889883,67.901527,8.097442,66.948914,19.254995,19.458925,1.18631,44.003441,0.94089,-1.298758,3.342319,55.680275,3.581354,3.123621,10.55103,13.721437,76.833015,-20.950811,18.841726
2.39999,11.703447,8.908446,24.048496,-2.171866,-9.038107,8.732887,19.36216,-6.00788,21.253565,12.00101,8.98701,67.337097,11.633733,6.536732,-13.58487,18.059561,4.239636,22.44697,16.407654,8.600535,4.010233,-0.412536,21.139229,8.83756,2.101322,11.283005,1.12645,21.936615,2.36115,18.981096,-0.737948,6.80908,2.327498,8.230951,5.538811,28.916525,-3.172862,13.689828,-0.035987,-2.362623,-7.115066,-27.7826,8.865002,7.08203,-1.299802,7.305208,1.913982,0.335639,38.518608,5.24038,0.667129,25.37669,6.878697,5.071357,1.35337,21.825138,1.266813,3.749743,48.258156,-9.839704
17.941668,5.354377,24.914858,2.774633,17.749678,23.218447,29.781664,16.15831,12.840918,6.203029,14.976903,26.175768,18.000885,15.928667,29.335564,6.720898,58.865379,12.439236,1.905424,29.957138,6.237249,13.698373,15.1401,11.745464,6.462501,6.941916,15.215932,21.258165,21.875946,20.90332,27.835548,-5.482513,0.533817,22.167892,-3.312196,25.277737,0.634638,42.445232,5.047615,33.81588,10.116585,28.864008,7.95682,26.277493,29.117462,10.367107,26.172098,11.066973,48.177208,36.791092,33.24017,45.892361,-5.797884,25.222321,16.559622,13.742688,25.253016,32.386971,31.699936,2.234573,9.134465
20.850895,-26.285683,19.922016,22.119459,11.53178,14.736067,24.750072,-12.50492,7.714082,19.128345,3.488586,16.504864,-4.768374,1.382166,15.648134,15.063446,27.3923,15.818162,1.128607,17.181021,19.030649,18.801182,20.646225,3.966245,43.403175,-8.570832,32.327888,15.59621,5.913576,11.775054,20.330706,4.977973,19.348061,5.582277,23.365818,-0.569202,12.001366,12.094557,41.569489,-5.702409,0.649269,25.648445,17.395931,7.939743,33.266777,3.319768,24.509172,9.301357,19.147848,6.735432,7.487878,10.573055,-0.32307,36.477924,8.537214,29.889,16.463943,25.373098,-0.321344,22.61137,12.086703
7.571159,15.553539,15.290833,4.465312,19.170086,0.155246,3.494902,11.482369,3.279364,8.455067,10.819651,10.094139,15.061561,12.214244,5.122723,19.018885,10.063725,5.564984,12.118484,7.425184,16.177334,7.555162,11.082795,8.840284,5.470151,4.128008,13.339958,14.428354,8.497499,9.990961,16.808445,14.524541,13.817595,13.533156,1.811105,-0.208102,18.457708,23.790653,-1.003181,15.679316,10.624763,32.304447,28.385223,13.222115,22.99337,10.46246,16.112289,19.521711,14.732868,8.716542,13.111058,26.741163,6.999901,16.171486,28.375397,8.368803,21.800478,22.008589,25.50819,19.324369,14.547082
1.521102,2.539818,61.767841,2.661367,2.859475,2.800766,2.416964,2.759709,3.240135,2.515494,13.192603,2.085819,2.747972,2.973048,12.741299,15.54966,20.988306,55.498352,0.642764,0.928428,2.210801,1.357119,2.282595,2.066059,2.70353,2.241189,1.832014,1.894049,1.747639,24.475517,19.133495,9.123615,12.947051,-16.758043,0.114178,-34.900833,4.588299,-3.837626,-2.213304,-28.920149,14.332968,11.445228,1.69578,-5.603961,8.634995,7.020586,8.654633,13.383062,7.075199,14.480401,7.354658,-5.189569,1.583035,2.031077,0.596295,9.922833,7.249179,29.940634,18.706984,6.609973,8.014509
20.854692,57.039196,33.49131,14.375315,43.729942,21.766727,30.960234,12.146771,16.824623,21.431396,22.183443,2.376478,14.733397,6.820602,27.860472,37.448029,16.593266,19.181534,74.905167,1.401532,34.269035,1.225804,0.119434,17.399343,24.065281,-2.286655,-8.111872,-0.787672,1.218728,0.513571,45.926418,5.118613,31.967621,33.93462,8.720098,4.075388,16.172346,-10.560832,44.179668,11.673335,11.87292,0.706218,1.205587,2.296026,1.641805,24.892065,18.120623,20.282671,12.63002,1.624095,2.099741,2.071786,2.23065,37.142635,30.354342,40.870186,0.263803,39.388973,47.282532,1.363272,18.972506
4.386109,2.626857,3.988691,18.548794,-2.018821,-12.026183,7.853285,5.332128,-2.165437,3.269855,7.657067,1.605492,3.998199,11.775535,5.536686,7.406057,9.374057,10.585155,5.420926,-12.111148,-5.993412,-3.912791,6.412744,48.104877,2.16636,-0.354804,17.944891,49.729473,11.991985,11.886282,9.774609,8.792987,5.936747,14.397037,6.538886,5.607732,-5.804467,4.457548,-2.362788,-10.459619,10.707536,9.999575,9.144206,3.681778,-3.775414,-4.138353,8.316655,11.706102,16.660879,4.165832,-10.027016,9.871852,11.44452,16.897196,9.424336,-0.652997,-10.033316,-5.952046,10.361795,6.575277,8.384804
2.052106,15.320859,8.014711,20.079178,28.179762,2.876366,4.273061,30.302168,31.458773,-8.071699,28.066916,3.65993,6.135555,23.17028,10.010565,12.237844,-0.779291,13.383881,3.410513,10.709876,16.106768,37.077663,7.83769,-9.976906,2.572366,23.499632,13.958631,2.896708,36.93441,9.491179,9.69619,11.250282,-0.782042,19.492626,-66.946136,3.732651,-1.483573,-15.138803,-5.681527,18.446875,11.133138,-3.265919,21.395184,8.601392,36.942589,34.905495,34.250549,29.020279,-12.98787,21.646072,17.872463,18.834232,1.426115,15.149802,4.563769,10.653879,15.593559,3.318736,-39.481705,2.173211,-0.181744
8.827017,12.162263,0.498771,3.668964,27.527708,21.418695,22.881762,27.461929,16.871046,9.545233,14.159758,12.698165,28.716356,31.236269,23.478045,12.408978,18.667965,21.423258,30.922834,15.452113,62.505554,19.721119,18.795227,29.923363,31.569069,17.273619,21.353609,24.900402,17.390125,17.437252,26.535746,11.746884,17.899904,28.386745,12.083105,29.025774,21.41991,14.6405,23.928898,-4.777699,10.075966,20.178106,18.381134,-11.222014,14.864414,26.632376,17.146671,12.016142,25.835245,25.111305,18.544016,20.743364,21.581753,22.780565,11.340989,26.37797,17.716555,25.612003,18.490969,21.971956,20.230265
20.339922,13.813804,16.019447,19.501713,13.659162,11.294216,21.376431,17.316154,12.254827,18.945446,2.431737,13.954096,15.096991,17.952911,33.331547,8.325471,20.790234,1.46513,14.235217,7.407371,-2.904456,17.48275,22.387106,24.186758,2.789227,0.436068,-1.994213,-1.350888,4.464225,9.326778,14.736883,13.731773,17.484814,15.381046,13.345377,17.458675,8.427882,26.941525,32.038212,26.016144,24.151251,33.431858,29.143993,20.159851,16.979748,20.783787,19.870026,15.554353,15.003259,16.128439,8.946439,33.309299,26.968159,21.083719,14.414291,22.322401,28.550503,25.006382,22.212132,24.530144,26.591068
31.91153,4.154181,-7.031013,5.975347,5.309844,13.175304,8.256738,17.572657,12.18956,-1.278296,9.765079,5.920306,6.649844,13.896564,-8.191528,8.20574,-3.747038,-0.285085,7.070288,-10.757721,-1.155443,-3.401489,12.482231,6.413004,11.53306,3.881403,1.837336,3.600684,2.392587,1.224705,8.743383,27.000669,-11.280899,5.108877,6.438006,-3.897849,0.082021,-3.431957,9.701883,-3.306608,-2.263813,-13.068564,17.882442,2.426861,2.510056,2.330019,2.335386,1.87083,2.537912,30.638987,10.379572,28.215225,-16.135998,18.072939,-0.712366,7.743157,36.417511,6.156482,-3.24624,1.885512,4.989962
1.89462,14.228883,2.651756,-3.01295,2.797235,3.249188,2.867067,3.756753,-4.935386,3.06924,3.007847,4.551697,-5.342619,-4.716171,-3.388072,-3.230558,3.089901,-5.070816,0.012114,25.243801,5.064973,14.930269,2.759911,16.987171,21.352627,3.043524,14.369195,2.696474,7.387245,4.363018,7.634557,-19.920725,4.924947,22.393911,-14.650539,8.646388,15.885294,18.94306,18.864403,5.461382,-39.643024,46.883228,35.280304,13.532513,8.427086,-10.690074,-7.530076,26.909788,6.462512,-0.385471,5.632851,8.706123,9.28839,4.242298,2.355978,0.867163,15.214448,35.774139,10.725997,5.299865,1.946748
36.375015,14.340534,48.007664,8.340334,41.006062,11.205689,11.763385,15.683376,-5.905872,6.967194,15.82046,0.494284,17.988228,-34.378742,12.434143,30.044992,32.289505,4.552723,44.395901,3.744377,55.151962,49.660892,13.367025,6.827619,27.435911,27.270878,-0.831234,19.569315,23.073429,17.198126,54.023579,8.972321,38.591766,39.489861,-3.41085,42.732445,5.609608,10.617728,42.366383,8.080337,16.235374,29.64325,9.796494,21.070198,12.675682,47.015583,11.396552,25.265064,22.666393,21.528858,17.494991,25.959644,-1.4526,15.457581,8.095513,46.344818,13.867032,9.885051,10.25891,24.24004,18.275135
14.758149,8.758356,19.652132,14.80022,19.639044,1.378646,34.494926,-1.69431,30.092283,26.943504,1.455807,24.540613,54.292126,11.862535,7.729018,29.479704,-1.547748,16.286839,26.196356,3.16543,28.895956,23.153954,13.882504,26.310568,5.810053,6.735142,26.728729,14.45216,16.300543,26.053354,-1.628357,28.573853,0.600644,12.412146,33.672363,-6.326187,30.146925,11.713421,28.49128,15.903797,20.955687,15.883921,16.629286,19.170189,8.89637,-5.429872,-3.672269,17.760149,29.036367,5.593037,12.601682,27.888554,14.022738,18.454195,18.599283,14.729379,19.689203,16.486324,17.388664,17.298292,21.075243
40.900444,4.271469,20.39979,-13.547652,4.25104,-10.417487,10.927454,6.778356,-4.126005,-9.846442,5.580463,3.907583,-5.941595,8.531234,3.882184,-0.429083,-8.085373,-4.017497,-37.376629,5.04747,1.95909,-5.176975,-16.471018,6.201782,-6.081813,31.265923,20.034002,-9.677149,-11.713639,-21.772144,-17.395603,22.944992,20.831991,22.007719,-12.033635,-12.502196,2.707716,-12.941369,-11.611674,5.320799,-28.226385,8.161641,-4.690928,7.323741,-10.483177,-10.40143,-13.916669,27.829737,9.989333,-7.037515,-1.796968,-21.482664,-0.376268,-14.398883,-7.615991,-7.115413,-9.929022,17.07328,-2.919677,-6.166381,-9.429573
7.60868,28.12763,-4.969673,-14.459416,5.097105,6.372443,-6.380013,10.17649,-13.999686,17.837467,0.939595,-36.727707,-4.951461,-3.644951,-16.888777,0.39358,9.369522,7.183082,2.823951,17.878162,15.118086,-17.677908,-4.039754,-15.17143,11.612273,7.547431,-3.179052,-7.555513,-15.106564,2.793401,7.247429,9.103775,4.385767,4.814774,4.846377,-1.398974,9.271449,9.542109,2.51832,3.232316,12.050751,8.107927,15.39891,-1.658132,0.362742,9.476899,-8.935613,1.880579,0.456059,2.947296,9.093475,16.593077,4.280226,11.404355,-16.553738,0.8517,12.76711,6.407864,6.797703,8.454907,-5.837667
-8.170239,-21.448505,-17.121271,-14.377513,-28.481138,-48.112114,32.022266,-6.820204,-35.599457,8.469231,-43.579662,-15.580638,2.448085,-31.108822,-44.558605,-9.12882,-7.672443,3.479894,1.204769,-3.540147,-1.839875,-17.283487,3.112898,-10.639801,8.358939,-31.58481,-11.601058,-3.438988,-17.84763,15.463992,-13.178312,8.823612,-59.06443,-17.224537,-8.33139,-1.432601,-4.876105,-8.879083,-18.626535,-3.251278,-15.339768,-0.459693,-2.354979,3.673905,-29.126444,-64.80748,-13.665843,-16.677469,-21.734549,2.906485,-12.17256,-33.262989,-6.505758,-11.678692,-17.807388,-4.810029,2.288124,-8.715966,-32.791965,-8.045485,-35.360092
-0.058541,3.973111,-28.97331,-10.654209,10.807518,-16.153288,0.506807,-22.586163,-81.916077,8.144055,7.0461,-5.421585,-52.916443,-15.034373,1.834811,-4.518459,-32.346527,-22.311693,-33.000614,2.332533,28.054981,28.787773,-8.23414,-16.980408,-65.464943,-34.409237,-48.136116,-4.956312,-18.059671,-27.389332,-21.695982,-7.695852,5.202693,2.639037,3.889033,-3.005886,-3.77443,-38.729393,5.319695,8.536535,11.058443,-7.706327,22.796774,-0.038174,16.762009,4.977483,3.77487,53.908554,6.474899,3.336172,11.232352,17.534363,31.951338,4.68443,12.453748,-7.8455,-23.479229,9.247932,7.654592,-178.230148,-6.561697
-8.085583,-28.332499,7.564107,-10.903113,4.829158,-15.36991,-14.029218,-1.254272,-4.003987,16.512354,0.824873,-15.133411,-2.621385,-15.286963,3.439702,9.066463,22.478481,-3.760339,-15.521627,0.029525,-16.518698,2.031167,-1.254833,2.292959,-2.421073,-4.61738,12.798844,20.140409,-3.078275,11.838246,4.472169,-13.895176,9.083672,2.187424,14.663291,6.88844,-13.345147,-2.125172,-14.246521,4.530268,-0.653454,17.392984,0.222453,32.785141,6.774464,10.268283,-19.464069,5.251284,-6.517066,7.998658,-6.972264,7.330653,3.775748,1.09357,21.143053,-3.21422,1.933052,14.176374,-6.347596,1.043729,8.064745
5.40872,-0.235732,36.334324,-17.595718,-6.136081,7.254994,10.938821,5.591188,10.346014,6.292587,3.221238,2.064673,-0.109935,-5.97088,-29.300055,-17.964745,0.354977,-6.885793,-9.959175,-4.893724,-63.990368,-16.346876,-2.015717,-23.703344,4.020645,18.941589,-40.903423,-71.256523,-9.202258,-0.050238,1.793927,-4.265342,15.720411,-17.09675,-9.75769,-5.693913,3.24944,5.942972,-5.28869,-7.686968,-13.687896,-13.042166,-9.644233,-4.746845,-11.555243,2.061378,14.304633,-24.806946,-19.067211,-44.289036,-8.670125,14.267946,21.238947,1.922697,8.64635,-1.903882,2.787876,-0.490355,4.860633,5.56395,4.524581
24.577467,2.814446,4.536459,-14.065863,28.535841,-6.817953,-5.43705,-0.476131,11.277385,-3.403184,-2.7039,-12.357407,5.138433,2.534913,11.636552,-1.396662,-6.230154,-0.3542,-2.248703,3.814201,7.314482,-0.47591,7.660731,-5.288753,-49.522537,-2.115226,-0.143328,-0.358104,5.558077,5.263799,17.16609,-2.066879,5.482364,-0.151003,-18.283991,-6.582538,-15.49572,-6.264924,3.032287,7.371251,-16.785046,3.18203,1.032507,6.709252,0.979197,3.741414,1.064313,2.004328,5.31346,-7.211904,-19.269077,-8.443945,5.925776,6.710209,9.335159,5.078836,-10.690501,-11.629193,3.081027,-22.411425,-0.150382
-1.130721,1.134328,-2.487813,2.044745,-4.110935,-0.214893,8.011897,-2.67207,1.961676,0.999168,3.438086,-5.061829,4.600117,-2.827126,6.835453,-1.411353,1.265417,6.685647,-1.288392,4.255649,1.278649,4.909902,4.860479,0.879413,-2.260181,4.986444,-3.235288,6.297321,0.392543,-3.117913,5.948886,-0.993968,-2.408695,0.199369,6.027572,2.551826,0.725676,3.660143,1.398439,-2.953183,-1.423125,0.588492,2.120191,-2.592968,4.053521,-4.278407,2.668607,-0.38496,-3.595664,4.919646,-2.937467,12.626872,1.162638,-0.703349,3.702181,-1.592734,5.737488,4.018102,-3.597752,5.98833,-5.601796
2.296306,2.925115,-2.970789,1.615631,-3.419993,1.274593,7.290203,2.548838,7.211947,3.809368,3.129061,0.025521,5.165331,7.649782,-18.606936,3.322145,5.83135,4.175498,-2.396129,-0.489025,-5.600605,-3.450286,4.344268,0.223675,-0.787897,1.235676,-2.194521,-2.334975,5.933497,5.668098,-1.024424,2.096663,-3.639157,0.586105,7.9009,-0.612022,2.774911,4.425237,-13.818765,5.794486,1.987436,6.164562,4.813404,3.22792,2.726375,4.700176,3.512505,4.573448,4.007652,-0.121195,5.393511,-0.900302,1.636821,-3.535277,4.005603,-2.796661,4.54344,-13.502521,3.458281,1.968357,2.536786
45.915359,16.974785,3.498775,-18.112118,11.64793,16.8458,6.018448,17.815884,5.915442,1.251895,-6.06792,12.690578,11.069146,12.247741,0.459985,15.351206,14.772765,2.357298,11.153217,8.514939,-15.531801,11.219187,11.191903,-45.942471,11.896464,11.59798,20.657671,18.364563,12.657417,11.634697,8.894792,4.74115,-32.022923,9.865438,13.967911,-13.234098,17.541527,11.026728,-38.440029,13.724107,13.214421,15.000764,9.590854,10.42976,11.275506,15.841496,16.464043,-3.339462,19.750334,23.549551,-2.119178,4.085221,12.951121,-40.222137,13.096487,9.783703,-11.504877,15.333219,16.047009,16.158504,14.969673
9.138444,8.794316,13.424509,2.232476,5.319083,-6.758615,6.462364,4.591352,-1.731754,4.810119,20.079615,14.007288,7.617915,4.493088,-34.888439,-5.244668,28.453079,6.227489,-0.993746,0.642969,13.623395,1.247022,14.954918,-3.732979,-5.571127,4.517594,11.737897,27.768112,18.148407,5.069845,-7.470109,13.512541,-2.94995,19.325506,24.525032,27.487139,20.344753,0.496111,0.504105,21.416904,-13.280964,1.464015,18.286919,4.341722,-6.561031,11.025825,1.742659,13.499414,29.621082,22.4447,11.524988,14.798282,0.719459,159.041046,-0.440456,15.583776,4.141716,0.369151,-4.76309,4.046131,62.847473
5.870401,-1.864321,0.708294,8.666921,2.609383,1.141679,-1.201692,1.736516,5.604884,2.760173,-0.015266,4.497378,6.739937,5.456779,16.704006,4.654583,-3.889204,2.030378,12.56774,5.761461,0.197141,4.054947,7.569025,-1.329134,-3.336863,7.671643,9.516697,4.103287,5.367546,5.762569,0.890965,-1.529726,2.627656,3.858901,11.35388,-2.913547,7.960423,8.763531,20.105047,-1.722654,5.734057,2.485642,-2.333517,-2.737691,4.678311,2.408098,-5.431679,0.082262,8.095178,3.734619,-8.359658,-4.301413,9.584703,7.930881,2.985909,-3.8305,5.673266,10.16036,-3.031422,6.498401,7.471262
12.270414,4.262954,10.27002,0.29483,12.53665,11.605688,4.310297,8.945645,10.013174,5.592197,5.056506,7.523384,0.283688,11.736704,14.740925,2.629889,17.167166,9.034206,5.226249,13.802947,17.104231,3.686311,10.114494,6.006658,7.953575,11.427485,6.17737,19.925047,11.798844,4.669337,-0.476267,15.144044,13.37327,4.005741,17.710527,3.947819,15.15161,6.909035,12.53052,-3.250741,9.551719,8.989374,0.258691,13.787236,11.882664,2.025172,11.902995,14.569972,3.560513,2.060186,11.049667,14.116209,1.514551,11.992505,17.497257,11.968661,-1.91855,1.415311,14.967149,7.215995,9.042743
-0.608761,6.77525,0.496635,24.380859,-41.967361,41.626781,-16.262939,8.985145,42.984055,-3.39858,29.505737,17.992044,7.116622,5.831078,1.26565,-20.746117,15.429466,5.072819,-9.873772,-5.39714,-11.123532,6.224789,0.702107,-37.86388,0.064402,-23.473669,-9.539515,-7.315135,11.501655,13.752871,-2.855452,14.067509,3.393857,1.952554,-9.394937,2.764168,5.042012,1.838575,16.445219,-14.305632,1.710977,17.080019,-0.447224,2.00732,-0.384249,-6.100356,1.576479,20.009617,1.383831,-1.426439,-1.942832,7.23872,13.764194,10.024691,17.714502,1.76645,-10.314219,3.886846,8.300883,11.72864,1.040862
1.506972,1.066495,-1.155169,-6.234802,-4.426165,-17.575466,-14.383267,-17.212009,-7.206097,-5.871911,-8.447094,-12.855239,-17.739689,-19.648005,-17.752787,4.398545,-6.203893,-8.377978,-10.65899,-2.788176,-15.00497,-12.665082,7.396498,-11.836406,-7.985557,-9.523778,-3.128655,-3.353625,-3.314743,-5.318017,4.406483,-4.904889,-7.37633,-5.374826,-8.483722,9.556391,-2.982208,-3.286809,1.582937,-8.995194,-0.871313,-8.130662,-5.566197,-0.703241,-7.760108,-7.816963,-2.779875,-11.954793,-14.682222,-2.946844,-5.373553,0.972774,-7.413334,-1.992973,-5.576122,-6.720017,-11.751118,-9.44076,11.921276,-5.92547,-8.361735
-1.818737,14.125328,28.247601,15.094525,57.507278,22.687162,16.941313,26.128832,34.607082,18.855421,2.26678,25.772114,15.62921,19.718624,24.035748,34.4361,67.849106,24.559357,-25.958982,43.832455,11.363685,37.872036,4.320611,18.837488,12.266679,21.079622,19.659401,27.934935,52.185707,-2.348495,47.380672,62.179256,44.130074,20.471155,-3.432076,46.774609,28.311983,25.319891,23.754932,8.50763,-68.933304,22.227911,13.00773,44.720402,-1.553141,23.562109,18.940937,29.303041,17.336399,20.942867,25.185156,20.658688,5.066826,37.269215,18.878801,3.567002,13.663014,20.79973,41.377155,16.177347,3.245399
-1.582825,0.276857,6.726499,1.626432,8.786732,-0.170807,8.67774,-13.827304,-1.346482,0.775516,-1.837862,-4.336337,-7.343032,-4.353354,-2.906494,-5.268968,0.410108,-19.555838,-8.92532,-0.400158,7.442108,3.51809,-1.481066,-0.930095,-9.569128,2.696692,-18.01606,-4.793428,1.316895,1.248364,-1.200279,1.414325,-4.171611,-5.760684,-2.892755,-11.148864,-8.114033,-2.081348,-4.995608,-4.840331,7.063862,-5.223278,-3.75982,-12.314765,8.488424,0.056482,0.51032,-4.561452,4.376899,-1.632047,13.40019,-3.043677,-10.689737,-15.74708,-3.082951,-9.994624,0.903923,1.298159,0.696569,-0.479824,20.764288
-1.94433,6.851203,9.542274,-5.839829,4.97474,-5.552242,2.247691,5.300659,6.707573,-2.838329,-11.968614,12.688819,4.382812,3.441316,1.329322,16.252066,-2.513643,19.976347,2.513067,-5.335984,15.745038,-9.807997,10.329528,3.601162,-5.711256,-22.748804,-19.874615,-0.045292,0.530652,11.411322,0.316074,2.882137,7.688565,-14.868403,12.030577,15.296705,7.808195,10.267603,-5.424985,-5.566353,2.163229,10.651507,-5.039622,12.687936,-6.607492,18.451015,0.445748,-3.454822,21.343754,15.930646,20.182444,7.856419,18.486378,3.308903,3.895823,1.438422,11.335278,9.657724,0.050465,24.089523,-11.410138
-0.320822,3.011598,-4.788531,-6.049176,3.809628,-2.495127,-7.11915,-16.556313,-2.415959,7.52686,8.590425,7.232298,8.868074,15.268373,5.259338,-0.581924,1.896958,-0.350776,4.461904,-4.744989,3.960566,-3.045922,-9.249823,-39.947037,-7.239358,-4.142208,-2.092917,-9.0105,-5.6889,-12.29395,-4.568612,-14.445215,-10.259263,-3.234921,-4.721761,-12.791426,-5.072967,-4.981667,-4.030836,-11.599838,-12.896217,-11.722557,-4.892191,1.702674,-5.646305,0.599716,-11.83375,-11.010167,-8.456812,-10.122077,-9.173543,-3.665764,3.410234,-6.813991,6.901948,8.807044,9.150207,-3.260677,-6.9151,-1.84028,-4.914932
2.448487,39.469368,-0.972503,16.032495,23.340061,43.671993,-0.102716,0.077635,44.20528,47.051411,36.427063,30.8526,19.85421,1.202456,-16.941933,48.244137,23.486116,45.652664,0.087687,29.221851,-1.282062,72.454674,67.462555,56.820667,25.096424,12.823148,6.929325,-0.811554,8.464446,11.694407,12.84665,42.811516,29.612535,60.473648,52.20557,60.307926,55.710449,23.771463,13.589801,11.409175,22.175772,-0.310008,52.72868,26.239105,64.573227,72.612885,70.783096,48.715591,37.769272,17.121111,15.573552,22.027258,-2.109309,23.263725,33.396767,-67.556694,36.554764,25.278347,32.039238,29.819094,-9.348299
2.010829,3.341545,11.039326,1.965376,12.699791,0.117621,39.836765,14.221917,27.722294,15.578173,26.880028,14.878178,20.657804,17.265575,14.54206,12.282043,13.687423,15.8911,3.899153,34.968906,17.567184,21.78582,30.654234,11.124363,15.686936,17.338308,9.150569,18.916851,14.791141,6.031118,18.790922,23.060856,11.299269,13.60689,26.366774,23.171196,32.613441,8.745407,22.581299,12.64742,23.689816,29.25955,-18.477709,28.807058,23.539301,23.613071,9.478357,3.685291,15.37689,18.435532,13.804248,27.951254,14.519164,14.666611,10.869892,16.259438,18.242773,38.803108,29.957996,55.409847,31.376148
-33.006516,9.335374,-3.545686,11.110896,0.255793,-5.316535,-7.714074,0.622538,11.323241,-0.691282,0.062641,5.800954,1.358128,-1.9288,-5.182387,-12.74485,0.945611,1.485508,3.81127,9.768688,1.287633,-6.559453,-7.54595,14.772279,6.502595,4.89685,10.166309,-7.421866,-9.746935,3.041533,8.322295,10.831048,-8.085708,17.522465,6.414348,14.961581,14.517953,4.904421,-6.601264,33.569931,12.175027,3.631559,7.20975,-2.172407,-9.385159,1.49345,12.020536,-5.821492,12.744293,1.539101,4.89653,-2.172413,-7.830545,-5.951386,-1.688912,2.732665,5.896835,5.668989,-5.283535,-3.440274,26.879612
24.694042,21.622156,18.957756,15.443587,-6.685208,-13.587732,8.498072,2.687267,79.596992,2.498659,-12.405296,-1.626111,25.219353,-27.627975,2.339363,3.546278,3.651754,4.022772,8.671028,-12.904715,-0.314914,2.541374,3.162629,3.918852,-31.139332,21.292738,12.540038,-11.137543,-3.881938,36.242416,3.27218,3.301323,4.201697,29.230825,2.20786,4.367296,54.324364,41.626781,4.508464,3.38932,8.195746,-31.322083,3.191765,21.169016,3.73614,4.599587,3.225343,29.265087,4.434084,16.089516,4.640946,3.393602,2.799042,3.440255,2.924243,6.855553,-5.37107,3.082615,-40.949001,3.298283,8.281624
-35.158508,-32.106689,11.312981,-0.518437,11.978461,23.018818,19.693008,4.137568,-7.149447,-14.812816,-12.314343,-6.572798,-2.968734,-9.904991,-18.681595,2.602751,18.474491,-1.402214,8.863581,12.884319,-12.71436,17.184196,-38.175003,0.712608,-44.491573,12.01373,-10.275675,0.573153,-26.093935,-18.096561,-10.332943,10.184882,-6.675035,-42.061298,2.435212,3.490284,-31.982149,-8.497612,2.484267,-37.228477,21.401529,11.552675,-17.739996,48.308231,24.158997,-20.454336,-5.066862,13.428597,-29.98864,-17.87137,0.552295,7.502907,-14.46129,7.922375,-51.087471,37.201874,0.383097,-22.173759,1.327223,17.613625,-46.892769
60.150669,19.593777,-14.646764,0.924861,2.405562,3.209341,2.284601,2.564841,2.946637,1.120618,3.601595,2.743924,2.996478,3.767847,3.907183,3.595536,-71.830132,33.092743,47.935253,26.102232,-32.792759,16.671955,-8.578214,-3.225271,0.035985,9.463287,-6.430417,-18.292292,4.88958,12.327879,55.259083,27.902058,10.550929,18.390335,16.825636,33.090664,19.778543,15.701661,0.180802,25.034378,-14.461876,0.782974,24.104223,1.685194,34.658325,22.975523,-4.3276,5.576461,-8.605525,-3.195663,-3.449814,8.379449,-12.993995,1.175879,21.160402,-6.82491,2.631805,4.287896,12.78853,25.789246,20.655901
-5.260276,-0.380574,34.431355,5.540773,-40.028008,18.876404,7.219076,-27.922247,6.481499,0.338497,19.569605,-2.445866,1.394376,33.040226,9.456885,-19.771732,16.273411,23.095417,-0.449599,3.688829,19.34524,50.5266,17.490017,-3.850023,18.722719,-5.618302,12.891318,5.289805,2.643874,6.003922,55.062187,4.757403,10.27669,11.440217,18.736807,36.489265,17.692526,7.577511,10.04697,44.674515,-11.379696,12.549008,2.11917,25.257524,9.846286,-29.534924,17.256918,-13.415008,1.83058,23.969393,-49.09811,15.311996,79.535423,-70.240631,10.244047,12.169333,28.898748,16.656204,3.462698,10.253181,15.532188
0,24.565676,45.366707,29.612925,18.626108,24.649126,12.14942,11.645866,20.005217,-67.088829,-20.386574,31.145969,12.01927,24.728264,15.889316,26.656363,56.188789,33.467525,9.07275,3.688658,-31.086937,52.06057,29.675735,27.774851,28.310957,29.415293,33.328461,47.875774,21.92758,20.337484,18.68939,21.910263,51.862324,-1.418044,32.68528,-5.317962,20.592316,9.241803,32.35862,1.727431,26.010336,17.864683,10.084764,-0.105895,15.884253,2.536214,19.297272,33.567398,31.595154,19.876244,21.309732,36.95256,22.791039,22.921457,23.106537,35.95647,15.077407,20.506378,39.65366,-27.036434,46.470089
3.738348,0.300568,11.67834,-20.355473,1.36181,-14.150921,-20.522264,-25.924688,1.574979,16.833672,10.811814,8.781097,-8.076337,21.086437,5.075071,-3.588281,4.845686,-0.266149,0.692468,2.984215,10.613157,33.358051,4.118442,25.788908,16.228251,17.884987,4.743959,18.144638,3.34898,7.460531,15.952443,15.763607,25.1994,22.947136,3.58871,19.254068,10.119184,18.639236,18.965424,2.816341,30.407356,10.751177,24.991606,3.035008,16.187851,17.124002,25.729544,28.295544,8.160179,32.085236,-40.770565,31.391605,3.524112,3.165346,27.590294,3.633121,3.678528,-13.543637,-3.923096,25.861994,3.467807
-12.4203,8.755748,45.998821,-1.997266,-1.939633,3.744398,2.071495,-1.725974,0.933501,-1.608186,18.793806,-2.549109,25.892084,11.158197,14.852513,-1.510281,6.449615,-1.677274,-16.612532,7.348357,80.390778,31.220341,2.25002,14.389672,19.509836,-1.585454,-3.609388,-12.134326,15.880366,2.586964,9.876363,10.609038,5.477608,52.046284,10.119024,14.972445,7.925402,20.361763,-1.637864,21.141077,13.356306,-2.002468,-17.23695,2.612724,5.252456,8.128837,11.93192,-4.838936,12.720414,-1.223129,9.33113,15.882309,-52.166443,16.368286,20.563658,16.05905,15.202584,-4.07028,17.003836,13.869803,4.38565
14.521214,19.648209,8.638429,8.693842,7.024587,17.416443,11.119277,17.05957,13.729032,5.877342,16.995136,13.303716,16.937199,19.689991,28.097309,21.057962,1.597478,7.820568,16.915518,-46.428833,31.751368,29.121126,10.259636,25.145338,2.836516,13.619517,16.616226,4.12879,18.17292,7.72202,18.111279,21.650087,19.576317,12.520196,15.481636,3.633341,23.488956,17.148142,18.518921,15.797186,16.581215,-0.048535,12.280783,12.511563,17.000387,13.733419,9.739802,24.753141,1.092254,23.504961,-38.516537,59.780479,38.836941,2.030777,11.317221,16.804787,13.728663,14.453476,14.88086,17.786991,22.898338
-26.084297,0.334097,-9.227462,-44.689583,-13.222968,0.294545,8.86401,7.206867,26.450827,31.980961,-22.715034,-2.778197,0.612636,21.629343,0.746261,-11.212116,9.088428,5.195931,14.898485,-71.437859,0.237344,23.249393,4.192055,6.500719,28.105774,-30.901804,13.12056,5.867105,8.799926,0.367734,18.928856,0.331466,-1.479136,-21.775509,-10.583482,-0.146846,1.596885,11.348145,14.749085,-4.910887,-84.481483,12.80268,-0.393432,-80.470802,0.868291,0.322367,-23.252016,0.433838,23.159946,15.748975,0.644291,1.067587,11.454529,14.992349,-1.251988,-3.54601,18.985245,13.51374,5.365034,8.851977,-30.729897
7.114857,4.590437,2.586164,-4.070599,0.808864,27.325748,-0.636503,5.856047,0.220906,14.402923,2.425172,13.704421,-4.179029,-0.721803,1.512725,3.776094,1.922689,-0.613263,1.674623,-1.76272,-2.818259,12.894048,2.83357,7.486417,6.960482,12.145862,20.98974,16.948912,10.137008,16.220343,-11.160542,16.775181,2.919973,0.844338,-1.488854,43.34417,6.015993,7.272785,15.309812,-0.782789,7.79216,5.899758,12.207919,10.000773,6.236959,-1.285133,5.787198,1.428656,5.839941,3.087151,5.708952,21.431147,8.235479,8.408998,10.940391,10.314341,10.664003,9.19571,6.07813,-1.37201,17.216589
3.315232,17.789919,36.984818,6.380685,11.579277,6.810597,14.891547,5.401167,-10.975912,11.439931,20.690432,-30.492853,16.566685,21.598803,7.05943,27.699398,21.801319,8.843983,16.428129,-2.802805,-1.870048,12.881327,24.90933,11.923326,10.927291,8.719182,11.497476,7.285338,9.696017,12.097895,-0.098674,3.06666,19.274784,12.206758,21.982815,21.794628,8.244308,18.360615,15.597145,2.556426,8.188873,13.417141,20.345016,5.499345,10.098265,11.29662,13.80698,7.897799,3.994331,12.454516,19.025904,24.387825,17.364042,4.536733,21.217768,6.544557,4.894504,3.805794,6.69842,21.286938,10.125719
6.373117,12.503633,-25.618689,10.129006,15.380637,-0.24352,3.486045,6.38301,7.117613,6.800777,17.701447,12.782771,6.628208,6.442,12.213842,10.66758,8.380987,11.354939,19.008024,12.099514,12.184936,3.514874,8.122821,1.458273,0.561754,8.926739,9.344506,10.475748,10.086706,12.98415,17.475697,9.124701,16.807821,8.686955,9.429139,13.10729,6.09713,9.399047,6.012118,13.220538,2.282727,8.116782,9.363731,8.166804,7.46074,-3.222043,8.30679,9.067445,15.588273,9.499141,13.962955,16.250496,6.630241,18.02718,10.202505,12.715212,8.380664,17.773651,10.154615,8.727924,11.523112
6.564526,6.456993,4.911607,6.505597,2.093393,-0.704992,-20.688349,3.940695,0.628755,1.102489,2.935927,4.053293,3.180398,2.998253,1.842697,3.696714,3.81407,4.340934,2.675873,11.824835,11.685034,4.392066,3.538765,8.773599,4.336617,-15.00703,-15.568911,3.32861,2.729188,14.357703,16.197519,-9.482237,4.641529,-0.349212,19.29064,-2.580393,-0.335114,1.172926,3.811472,5.076716,3.828538,5.846893,6.788907,6.373179,5.442742,3.047116,2.830387,4.02946,1.054747,3.987009,3.70141,20.544437,-1.429019,0.107093,10.393862,5.47369,-8.469798,6.675561,1.021149,-9.251194,4.539406
49.489075,-18.368773,19.477962,19.779522,-7.530099,11.178878,9.252603,19.992508,16.277843,10.637893,18.158104,7.386104,12.60457,7.994504,16.438219,15.319075,21.505798,4.777907,11.048616,20.5226,36.127701,8.817667,10.788763,14.21925,13.796218,17.168201,10.11027,5.51455,-7.727324,-2.567156,8.225073,-2.202279,-1.795039,6.428298,20.377819,7.495329,24.622995,16.790123,9.547981,2.817744,7.381759,1.660349,3.212603,-7.179966,8.976844,28.113068,10.909083,6.267546,-15.269248,-3.387105,0.639014,-0.176512,16.503345,-51.661018,-1.675499,0.107692,14.56557,14.34339,-2.931928,3.027987,7.25104
4.716413,4.655175,7.032449,7.162961,-5.47787,9.907792,8.201008,5.436257,6.886075,-3.936136,4.997017,-3.032149,6.75574,2.788443,-4.279016,0.183603,-3.347051,-11.295646,-7.627287,-10.495404,-12.004279,-6.934866,-4.148559,-1.056784,0.017394,2.232857,2.766563,-8.786448,-6.62709,1.221913,4.49294,-7.919475,8.192829,-6.347187,-3.991482,-2.751296,-22.667915,11.079731,-5.541864,-10.85563,-17.080881,-2.697208,6.384991,-1.583627,-2.636728,2.214948,7.349748,3.26478,13.462265,18.487381,7.251162,7.206843,5.598597,7.048593,19.288013,22.093121,25.631876,14.755417,21.874653,8.145871,15.777329
2.197811,6.964718,-9.337545,-9.821753,-0.723961,18.599617,12.44792,0.988856,-0.412518,-2.120463,5.72857,-4.452689,19.942377,4.745115,7.982124,27.219887,-1.948623,3.364563,5.719244,23.071695,-36.342113,25.778376,-4.012748,35.437599,20.700436,11.071009,3.076037,19.754181,6.298829,4.047567,12.834814,1.055337,0.931612,-7.443577,-60.298668,-0.856447,-9.762558,7.248754,15.064699,14.6704,-13.119202,-2.89867,-12.268378,-6.943358,-7.350718,-0.2682,-6.272787,-17.094151,-16.559696,0.085173,0.172778,-1.123238,7.904827,23.426117,11.853541,0.982631,12.151848,17.457325,9.881824,19.609426,5.541354
-22.269793,12.548347,5.337269,-6.793971,-4.561836,-4.529044,8.476805,4.673341,4.758494,34.542191,31.865715,7.243228,18.271425,21.169189,2.949619,15.793139,15.180635,15.912055,-4.308602,9.55712,7.478026,-0.390253,-7.431312,-3.67275,13.977744,19.114059,38.245789,41.151531,39.48196,21.557594,13.027905,36.619232,31.571966,12.044884,-0.568309,14.315434,16.618145,-11.282448,1.70154,0.748706,-2.222369,13.826883,3.943998,18.394999,9.418534,-0.299329,-4.417453,-11.464863,-9.175661,-1.371557,0.130702,-10.466824,-16.575884,-23.326389,13.234221,-23.638239,-1.570871,-9.705628,1.6343,12.796897,-1.551938
24.736437,-1.362395,-2.301136,-20.427647,-18.281513,-18.351645,-21.904993,-17.066118,-5.778159,-2.583136,-3.730544,5.886105,2.559949,14.559597,5.677745,0.734841,-4.592074,-3.27601,-23.27002,-7.83776,6.0172,16.95562,13.470908,-16.802162,1.765167,17.481226,-4.923251,28.156591,-3.248543,4.303677,22.520994,11.673906,-10.959154,-19.032049,10.358149,-18.505894,-0.303204,-1.565477,12.615895,-0.560159,0.212178,-5.52312,0.269924,13.425873,-5.720905,-1.432612,-4.099036,-0.783645,5.481029,3.740586,12.31884,7.062664,18.453205,6.524669,-38.303398,-12.249041,-13.30761,-6.610231,-4.491221,-0.637135,29.333996
-14.62947,-0.143714,-5.145768,24.097973,4.21768,3.364288,57.586021,41.216053,-8.090364,2.366244,-17.201263,9.468559,7.114634,-36.385002,1.500813,-33.808186,-10.02264,-9.315848,6.852996,5.658838,21.151173,-3.273274,-7.759482,1.162524,1.486999,-51.729958,-6.439011,2.730023,11.560573,20.973965,20.657345,2.306306,-16.189455,16.246096,10.753294,-1.897617,-8.677719,14.619699,-16.336464,41.385204,-0.491024,-4.967289,-1.890278,6.569059,30.978693,-1.269793,17.409271,22.37533,-13.794253,29.803303,6.224518,-21.209723,6.52314,23.339092,5.224549,-14.950537,2.494187,28.261879,-1.240472,11.644369,27.802475
8.541431,0.177112,31.107059,35.973557,44.045353,-24.528391,-1.459114,0.609648,13.665546,21.747948,3.149419,23.601225,2.272819,6.316518,18.095406,21.303648,20.083775,22.752682,-21.347466,-26.156796,25.719614,31.478348,21.523161,17.676088,23.940823,38.950836,4.06221,-36.75613,2.690046,22.642439,19.841516,26.551388,48.547935,17.361008,7.84046,5.708216,9.862938,25.428688,13.796128,17.740059,0.000756,35.511967,-7.510389,48.075085,5.768136,15.927976,18.889881,27.799736,14.149317,3.782817,0.76821,18.179855,8.121339,21.620708,11.302495,20.921978,12.642425,38.686569,37.166416,-9.771457,-25.877197
4.117062,8.866587,20.167856,4.79377,2.458425,3.721111,5.677594,14.723417,16.607002,14.441118,2.482566,16.846523,24.688902,6.152605,17.980562,6.59985,1.87279,-2.62454,8.118448,23.222492,22.061911,24.793777,7.168262,-1.664934,16.757223,12.881262,-12.44553,-0.384836,28.41865,5.012526,-2.313543,44.776299,43.70686,-3.443285,7.379819,42.515747,-15.445344,5.531365,-2.913612,-1.779177,13.745207,7.929741,-21.915247,6.499304,9.8728,23.828819,29.701754,11.104504,11.969725,40.899044,4.591081,-18.812775,23.976789,48.922215,30.781754,6.563366,13.52714,6.232245,0.40725,-2.089982,-11.801878
43.466244,34.928532,-6.120049,38.37392,38.734554,30.018244,2.632392,2.881124,30.760216,2.796087,0.346811,41.488041,39.533138,23.265312,25.267305,55.378201,29.49192,1.182688,-8.322412,19.869078,24.806973,18.576698,41.337952,22.446249,7.915921,3.563602,35.72393,39.634716,2.468888,9.282065,10.914553,-13.228901,28.863947,17.890814,-4.83395,1.254644,39.283054,34.468842,-8.358382,3.707199,9.62645,74.247986,28.511482,24.491798,3.948821,38.502537,19.687252,15.655953,9.888444,13.249554,13.54953,-29.383432,10.83449,9.882546,11.094896,34.922489,38.481609,48.825874,-1.408643,44.824867,15.36302
-12.931163,3.484499,-1.468062,-72.820244,41.12574,-3.18925,26.210627,-4.726994,-1.254002,13.109561,2.069577,4.417167,-1.028013,-5.96334,-8.35984,-1.39998,15.316798,14.968512,1.179028,54.457088,8.021364,1.612227,-8.015116,-6.301622,25.944221,-0.478773,27.86231,-0.723056,26.154264,-0.979513,7.911016,3.094044,19.067986,-3.352051,31.937288,-27.008928,-0.935616,9.857496,38.933884,27.660105,-0.511935,-21.890635,37.232746,16.635166,16.556475,40.203224,-0.876045,3.497179,3.988391,20.46076,47.36631,0.945968,-6.51327,15.342318,5.943546,22.760197,11.258044,20.130499,2.587683,18.53616,-3.233816
28.353527,40.448006,1.843108,-30.38854,-3.154074,31.852434,18.714096,6.691456,5.840539,-1.652828,-1.121319,-1.243344,-5.699614,-1.602727,0.804244,0.010373,10.489861,-2.274373,4.394166,2.4016,3.69853,-1.540807,-1.032276,3.702515,7.903242,40.871716,48.567162,-11.809306,12.529495,30.355211,1.706815,2.810006,6.442516,-3.041963,5.436742,0.884346,4.283711,-0.891423,-1.271515,5.396426,-3.513946,0.078066,10.563886,1.374259,6.288277,22.278152,59.502861,24.751822,30.826822,30.924635,5.376408,8.73761,17.203072,35.554707,41.182579,-5.208593,27.989901,-55.562157,11.935629,20.54689,24.332691
-1.046233,-11.842469,12.788616,7.152873,2.254112,6.254582,25.660498,-3.195735,14.619629,12.21602,4.729496,34.234234,22.204189,3.051269,27.132467,18.374546,-6.287752,8.823092,10.838568,-6.960495,8.440451,17.487688,0.693103,18.819204,-0.234284,-0.577656,9.417755,2.8155,26.78348,7.683815,31.935783,1.925988,27.858942,-0.052263,19.866449,22.1598,12.538084,16.43611,10.490862,13.884099,13.538056,15.131658,13.385861,9.19488,12.267442,12.836574,15.763288,12.445707,28.152929,16.414265,17.394711,18.246346,0.412718,8.539093,23.34462,15.94301,-6.283587,11.986115,24.649517,30.377489,40.525162
1.598559,10.927227,74.170433,10.942408,11.144459,-43.45079,-7.86866,15.058311,13.626487,31.932682,13.200762,9.458838,13.889337,-2.951771,7.417752,5.115871,32.133247,-12.795329,13.799917,8.161361,10.050426,-12.292621,31.859079,11.184822,13.475334,0.522836,21.915184,17.461985,10.654603,26.074434,19.639624,9.730672,11.916289,-8.995997,22.317762,8.588974,11.051686,27.841532,32.662899,13.308664,9.051291,-2.507418,5.143251,1.53161,-1.503747,17.172445,4.0818,-36.416061,-1.155901,3.407835,-9.287113,4.283533,-12.171973,8.466455,6.709783,7.705055,4.852592,3.20001,62.721416,1.119601,9.825913
27.989109,36.31078,12.588823,14.440615,14.693617,26.883204,14.403463,5.275421,14.37558,13.870861,10.261923,-0.807868,9.081554,8.730111,23.821823,5.216698,11.794287,23.698362,-8.733816,1.503191,1.499479,2.273454,12.144623,7.232178,16.224144,18.086624,7.105064,18.469564,1.123227,16.5683,17.432459,0.078126,5.362454,1.975174,22.691557,16.704409,7.776447,2.502131,16.424828,5.67115,3.58374,11.544196,8.675748,-10.767493,-1.985338,0.028935,-4.995719,26.733419,12.931314,1.65602,8.157546,7.335629,32.533268,-1.81216,5.588766,2.047112,-0.127216,5.636789,9.876378,-12.964242,14.142723
-4.76266,-4.651976,25.803581,-4.747563,47.86377,-3.871768,12.358171,-8.7254,-3.876181,7.42131,8.924771,2.33528,16.093805,0.855926,1.156175,11.039296,16.521471,-8.143106,18.256357,14.004912,-5.781038,16.653906,9.642467,8.444883,13.10982,5.284094,-2.118802,12.699862,8.681267,11.369166,-3.762477,8.298151,1.970839,8.365089,-6.915979,-11.758519,12.730038,-6.098802,53.013298,5.139775,8.972989,-5.737551,28.175844,-10.070846,22.66176,7.879084,0.835234,14.50432,-9.649041,17.752235,-9.263912,12.368245,7.251336,2.267348,16.923391,-3.119598,17.806864,9.887785,22.792183,9.916918,23.784077
-4.801547,-1.576608,-58.960297,23.494354,2.941507,-4.037813,-7.553727,12.858475,8.867723,0.251207,3.221543,1.721417,-6.834608,28.217522,11.302111,-3.750124,11.452597,10.252671,-9.847136,20.103951,1.896668,-2.545316,4.293764,3.851158,-11.023873,24.225948,-1.581156,10.428036,2.603639,13.828548,6.628272,21.162378,29.643888,-1.070193,36.569603,8.857768,-6.526697,17.960764,-0.60009,-20.997969,12.357489,-24.517294,17.507721,6.65216,-41.445484,9.981392,11.354364,19.028341,-16.271856,1.813259,3.416293,-8.157964,3.023074,0.992641,0.844924,5.988983,-13.792029,39.621788,19.683865,1.163927,-1.18404
8.063482,-4.406597,-5.336454,-21.5014,5.795759,-13.718368,18.205921,5.931057,-14.135137,-14.070018,9.869641,12.748623,7.492509,-3.513396,4.897316,7.373176,7.868093,-20.712133,20.525583,-7.998447,-16.006754,9.380482,3.232059,-12.770743,32.583607,5.174597,-9.437171,31.439915,4.986056,-9.995824,16.051117,-4.951725,20.785212,15.680438,60.856064,-7.17061,12.191599,29.754641,9.180438,36.111698,-17.20108,21.394457,30.989498,2.221609,-2.940918,2.670947,27.231663,16.290485,5.743305,11.37669,19.371922,3.683817,3.804198,13.011489,5.959159,3.757962,-1.219862,12.639792,-6.972417,-24.042122,11.328023
0.120431,29.813181,-3.1163,-22.273952,17.274347,-6.611478,-4.830431,-1.718895,-3.026921,6.227624,-4.772552,-43.90667,6.325696,17.321646,15.578157,3.584843,-22.072254,-12.835247,19.656467,-36.909847,23.722816,5.483456,7.457522,34.795704,0.782417,-2.724477,36.29813,96.885223,-1.364144,-7.67936,-39.285667,17.966787,-11.872011,-8.721952,24.371521,-3.072936,2.49879,7.394784,-0.783364,13.054884,15.355412,9.317675,11.6954,0.087908,4.777798,40.206223,2.618929,14.136073,3.310298,-12.063332,28.186195,-5.677527,-6.727168,5.794035,-10.005647,33.509174,40.953186,-8.843181,17.814808,-13.179294,18.31218
2.996614,2.451949,-9.35985,22.777739,-7.189897,5.121969,10.786611,5.899879,27.359505,7.828184,2.200152,6.18274,9.28888,31.57836,8.334565,11.693742,2.149193,11.175399,8.778186,2.288686,0.495418,13.642309,6.869709,-3.418293,-4.740551,3.82858,-16.110451,7.750121,-7.812284,9.350397,28.950335,-11.906286,-3.55369,0.752806,6.265019,-18.119591,13.468835,3.574477,8.481432,5.268414,-11.097,33.952469,3.593857,-21.295425,7.119457,-2.619896,33.562077,-3.788495,-2.739307,-13.634696,-0.475885,-11.539989,12.117112,-4.119028,-7.921918,0.583982,-8.58746,-3.220299,4.411441,-1.658911,-8.634779
-8.8408,-14.540489,2.191972,-7.632339,-41.648972,8.118238,-14.586553,-0.414967,7.853898,11.6247,53.422962,12.614257,8.15031,7.27058,59.30143,-11.96643,-5.153175,21.677616,-14.914081,29.577084,23.59421,12.260817,-5.363861,8.365309,-8.809597,8.900025,-2.27453,10.767748,0.3235,-5.075811,-8.574536,1.566685,-19.218172,-42.572105,14.297378,15.476425,-8.042562,-19.628723,20.181149,-23.588289,-19.083376,-10.054224,-10.25688,43.518661,-8.884104,3.838054,11.084696,7.113718,-5.622069,2.0892,16.589979,-3.257026,-9.74139,-2.132274,-4.602951,12.243995,26.779163,6.342448,-6.186087,-1.363753,-3.973366
5.305252,-49.189739,-7.589167,9.480877,-42.807152,16.427814,-8.787113,-14.339478,12.989767,-8.924161,12.018394,23.850546,4.329063,0.649003,-10.384423,-11.896772,20.550295,-45.638794,-44.846085,6.937734,6.498327,-4.977967,-9.716897,-12.588786,-22.276817,18.86998,-3.202384,-2.011342,-4.46992,35.847443,39.429192,-10.601057,-10.164541,-7.465192,-9.70743,24.372831,-12.809295,21.023161,12.017773,36.823071,-16.386484,-34.254471,12.329064,12.752665,17.078451,-48.341808,-0.428475,-11.562023,-49.70726,-7.746396,-7.641856,7.699589,-16.110899,10.168865,25.086514,11.090932,-10.518598,-42.249237,5.044142,15.008649,-20.618372
-0.943022,0.233241,-2.233882,-7.257676,-15.193705,-17.447731,-15.916829,-13.629043,-33.917534,-59.066246,78.456978,10.652524,-5.801087,14.235913,4.807629,-5.047342,30.134897,-8.380008,7.868624,-17.517525,-16.079931,-13.032303,23.523462,20.457817,10.287855,1.476361,2.911842,5.104894,7.111255,-0.924114,14.665835,-31.282223,-13.537803,2.866567,-30.457685,8.439236,21.073294,-9.252886,2.227903,-7.835224,23.867781,26.412991,3.674836,4.844381,-6.7844,-10.576118,10.653052,2.23927,25.518484,20.434933,13.916563,-9.633171,2.251427,-32.548435,20.022692,-20.484461,17.739799,4.591029,-3.845169,0.839305,1.00321
1.612144,-10.674714,-5.248299,-13.790651,-8.100483,-5.76861,-3.076889,-24.397545,5.117937,-13.291885,-17.908304,2.73765,-15.328903,4.916863,15.323308,17.60779,11.158113,28.904501,13.342104,23.525969,8.254961,-6.858675,5.778325,10.497679,-48.244267,-8.453606,7.564425,-10.589852,22.654192,12.259938,5.689105,2.222717,-13.322824,-43.786991,11.100078,-0.881853,-8.008904,31.366735,-13.927858,-30.947062,10.425802,19.012886,-0.802888,-11.330003,-19.676466,30.536499,7.166514,2.793269,-9.81418,-10.174049,-45.438461,0.994571,-2.406093,10.848198,7.131054,12.105219,-39.454723,9.716162,15.590384,-33.298233,-2.508018
1.769168,-55.374104,-7.007699,-16.011436,-15.376059,12.021029,43.979012,-19.237938,4.8828,170.344482,10.545787,-13.459502,-1.993966,30.073009,21.61957,-16.56856,5.172775,33.61335,20.270393,-9.49074,14.242141,2.683273,7.627849,-0.259535,-10.899866,6.244808,-6.10172,-2.744016,-6.89711,32.669842,-56.322426,-11.102391,7.699347,-3.333143,4.614308,10.505069,-5.997781,-8.547762,-27.29563,15.702359,6.843408,5.66838,0.47116,4.692199,9.105929,21.357283,-1.793559,18.160721,26.687218,-8.947765,-58.396889,9.149909,21.263521,3.724847,42.604153,17.388788,-4.475636,19.815748,5.986436,2.55209,11.51584
7.277269,-4.442468,-5.607852,11.143124,-3.305332,-14.363736,15.148318,21.856516,10.42519,22.264194,5.297204,7.991927,7.524613,16.242138,5.113155,4.1505,4.336971,-10.759803,-5.477834,25.294369,-18.962854,-20.871199,9.821792,-7.684251,-2.996375,6.798356,5.135839,26.212835,-12.544497,4.629145,10.583867,20.472021,-37.116413,13.524249,21.82501,11.857529,18.898577,8.75677,-10.25475,2.476619,5.127774,-23.599625,31.761059,-27.676535,-11.459193,-36.217537,-37.78006,-26.19873,-12.575089,13.538915,8.436022,10.384292,15.045871,-0.039592,18.139269,46.612392,-25.074879,9.558628,7.276307,-5.648675,-4.663189
-0.669813,-9.104187,-10.470262,-13.24247,10.731648,30.510996,24.7069,15.324093,-47.429276,-19.312187,21.60103,1.42674,6.973496,-22.12052,-41.660469,-10.578151,11.093793,0.870197,33.293972,28.664246,53.595615,1.438895,-2.05315,20.487762,25.012224,14.134916,0.789616,7.794386,28.586157,16.435862,-18.727161,3.98666,-12.510226,33.391983,6.67572,6.215166,4.458332,6.522705,-3.141821,17.628826,-6.02476,-1.924149,-10.745078,100.300613,-5.813987,-2.74515,24.672401,24.190886,10.054941,6.836836,-9.827859,-10.095192,16.754778,14.201671,20.256987,-20.923477,10.387219,-2.577339,5.431036,-12.37522,31.402369
-64.99733,-1.49575,3.547298,-1.47525,3.506871,9.205628,24.357479,84.76223,-8.762802,7.959255,6.52335,21.528454,-16.638191,-11.63096,8.358285,22.138536,15.177309,-25.549629,7.022682,2.632487,16.007372,25.391291,-9.59593,-12.492439,-22.816887,-45.177742,2.515987,-6.712073,-14.419998,-5.957811,-3.690018,-23.759586,-4.08736,1.172452,14.50313,-33.191563,15.25685,5.610933,16.464012,13.732393,-12.150673,22.612638,-0.905472,7.268602,4.75069,-9.436286,-14.181343,5.190234,11.664709,10.779344,-27.315109,-28.215704,16.925055,-4.424174,6.676573,-10.513643,23.232874,-21.907211,5.140468,10.696689,10.970191
-17.587677,-10.816119,-40.348087,-53.345604,-14.608785,-4.92595,-29.621489,-19.420664,0.448355,28.27907,-10.131147,-11.188003,-34.386654,-39.076981,-44.412601,-8.839854,3.257764,10.424029,4.155837,13.764729,11.799858,-4.905435,-6.198306,24.769056,-40.21513,-55.700916,-31.652613,-4.490672,-5.739255,18.907949,-1.910794,-0.116385,16.493565,7.309826,-6.807197,-4.649063,-24.201117,0.892666,-6.989644,14.124352,-16.569075,6.561964,-25.145554,17.661982,11.609776,6.647917,-0.942449,24.421423,24.917456,-11.069842,-76.133606,1.342031,-10.918073,-28.346842,4.800571,20.566723,-18.921206,-10.556586,-45.527241,-15.064489,-43.126717
-1.969653,1.254357,12.854496,28.364134,5.597004,-2.26662,12.129855,21.130407,-1.770256,20.768974,23.78565,13.112599,13.057818,19.602312,20.363125,15.282204,17.358332,26.400986,20.632479,10.931394,-7.705687,-0.868202,16.685797,-4.173561,4.560019,16.717533,11.493253,-3.477972,11.666619,-12.260624,11.222425,8.505877,-4.965292,0.188174,9.949471,10.371334,12.644422,14.214829,-19.672613,-8.899701,16.76371,12.25323,-10.8269,3.089596,11.855992,11.143987,3.975353,17.299629,-10.716794,-16.623196,8.420882,-8.245332,-14.991917,-1.187491,-7.479332,-3.319795,5.227997,7.37739,9.519598,-25.558886,12.060937
-10.793303,-16.930384,-3.574324,2.697124,-11.531439,-2.016612,-0.941815,6.053509,-44.737926,3.098631,-3.42747,4.914384,16.213871,-16.550713,-5.547063,-17.562794,6.629692,-125.070137,-21.70742,-19.671574,-53.608139,25.013662,4.971098,11.819426,9.771039,-1.138928,-40.087639,-6.47526,-8.37823,8.279447,19.387371,25.022169,-17.623531,41.723949,4.511695,-66.458618,-12.820053,0.169537,-13.22135,7.18877,-10.327096,-18.280993,29.134865,-10.291481,78.543343,-175.661499,15.335773,-44.599201,48.688248,26.103085,1.974113,-47.033733,-50.578369,24.455521,-166.608627,-10.767999,-60.519314,3.451882,31.551558,-36.145123,-172.43187
33.555302,8.207001,-6.802534,-6.695224,-24.279409,-8.905157,-24.446917,34.512203,5.463217,-17.159573,-18.611347,0.424358,-28.428268,23.646257,-19.181217,-39.666653,16.128044,-5.033186,-49.006176,-31.543266,-0.42446,-26.529177,-36.843498,-1.663504,3.034767,-16.280243,2.730699,10.880375,-39.552654,10.910967,-15.792584,-9.385126,-4.302439,-80.524773,-52.417217,-8.240718,-3.963715,-1.106079,-49.192364,-52.572411,7.299301,-0.462259,-25.010387,-42.126549,-36.015602,11.042349,-55.84346,-38.265827,28.688276,-9.457747,-47.848751,-21.917784,3.721772,-1.091468,-36.006893,-61.93248,-26.918713,-3.1166,-0.200169,-8.328323,-24.148811
13.782707,4.596138,-1.656251,-3.377297,11.59204,-4.630615,-5.78185,-6.318766,7.379422,5.15708,-3.305609,-5.816174,-4.36217,7.233974,2.300397,-1.457468,-4.304064,-4.781268,8.687954,18.410543,-0.358703,-6.357948,-9.214498,-4.233284,5.11028,-3.911815,-4.027734,11.285013,-1.183182,-2.43848,-2.913316,3.618992,-6.226858,-4.281844,-4.214585,-3.890876,4.931559,6.343153,-3.550801,-3.521605,13.781322,1.204343,-6.232859,-4.871917,-25.806442,6.072073,-3.634143,-5.649864,10.839279,5.939658,-3.809092,1.944354,1.572805,2.749101,2.810182,-4.157653,-0.026909,2.461231,7.401928,10.314487,8.837771
32.997318,16.76314,-26.080776,44.474861,-12.792267,-36.31905,-6.073648,-84.378334,2.887179,2.761023,-13.23117,-4.461315,14.4001,-24.83638,2.513389,-25.540777,8.6682,6.545442,4.972085,-28.098049,-53.885204,-2.231497,33.897072,-21.869474,-177.297226,53.110714,10.603864,3.859156,18.790916,-47.385368,-9.131413,-5.55409,32.442055,-40.077248,9.920954,-17.81039,17.619829,-12.491583,-109.504303,-31.567051,-14.479624,-27.853128,-179.218903,-17.60404,20.193115,-25.719156,10.518714,3.090634,-38.939171,-0.512428,26.742294,-4.904552,-42.773129,0.543473,-27.81287,6.577912,32.905602,-4.956075,-1.606805,-13.871323,-16.5247
11.739285,-3.009235,15.289512,-1.956115,12.287059,5.500951,-9.406223,33.779617,-2.505873,7.087045,11.913532,-1.75242,11.206402,-5.470609,9.132941,27.804276,0.842037,11.39736,-4.4892,-7.764451,9.576169,-1.956975,-8.261417,11.637679,0.553966,3.715513,3.170728,-8.145647,23.435274,0.383949,8.189733,13.31071,-9.642664,-6.607314,11.77908,11.285012,-4.395437,10.88003,11.29412,3.414804,-5.078627,12.254176,23.320076,12.570987,-8.301394,-3.093274,1.550334,9.037907,-6.782673,26.132582,1.680444,18.554331,5.612007,-8.75563,8.793764,33.523918,-6.95759,-5.562124,21.219439,-1.685951,-11.886702
24.016975,-3.546294,-4.744645,29.616873,22.500689,-5.424473,23.926235,23.079227,36.436516,-7.13174,21.939167,24.952122,5.081908,-1.576176,19.95339,21.084045,6.79534,-11.313931,15.946161,9.717034,19.314939,-8.524527,12.127921,19.044403,30.698105,-7.307566,-8.716461,2.653835,17.392887,-0.297488,-4.005277,-10.703092,8.926842,12.804891,-7.010235,8.682868,23.511501,16.321259,-6.394031,4.526233,11.272128,20.548355,2.973502,-27.1668,11.547878,29.874729,-9.638827,-6.632833,19.795563,-4.183597,2.42602,3.345013,7.643178,-13.034788,10.175023,24.145697,-9.905915,-0.423494,25.479328,-6.671754,17.210627
16.146168,2.814178,0.547645,30.051661,4.775035,-3.985106,-2.736853,32.68449,-9.794802,-6.606583,32.396507,-21.174013,-16.761436,6.855193,-28.967472,-5.167207,-7.860733,9.042287,-4.009047,0.70934,-47.610844,11.331804,14.645291,15.18137,-41.656319,9.854926,8.073998,-49.724068,-30.107002,8.286125,4.870146,-34.65472,5.605142,-6.448028,-53.64061,10.09344,7.893604,13.063354,2.551955,-8.56613,7.933378,0.363333,-8.366737,-13.281717,-45.025402,1.532413,-1.205453,10.628018,0.316557,11.403667,-5.557206,-0.191461,5.127756,5.648728,15.726684,-9.08813,12.785675,13.785226,29.511944,13.5174,6.879917
13.877909,-24.754299,5.364697,29.989902,-11.546456,-24.377424,11.40308,14.49382,-22.543781,17.863131,4.283698,-8.007724,-58.269978,24.703928,17.985466,-11.218593,-4.179808,1.507117,-18.695915,-14.714487,20.150793,-2.125765,-15.555796,10.364436,6.807619,-21.928329,-10.991446,26.636353,13.352784,-10.717502,11.238321,14.910571,-4.073591,-49.771,5.328379,-11.806374,0.568376,0.501713,-14.002234,-41.222034,19.148668,-16.133795,2.098142,20.241957,-19.115837,-15.761097,24.992418,-17.130045,-18.578623,-17.968494,2.215955,-35.550068,32.181217,7.1759,-12.642152,15.782631,-1.348346,-3.046624,17.697739,-12.123739,-16.2444
-2.216098,8.094567,-10.886828,13.633382,-2.840599,-25.223309,-14.242579,-18.861471,8.552489,1.526229,12.31433,-9.214404,-7.177591,-3.475167,23.786837,-17.04851,42.101814,23.27828,12.105922,-3.851459,-11.5206,-19.897522,-22.168764,9.711302,9.345971,20.459326,-3.646141,-11.093256,-15.330245,-63.176403,13.260154,-4.378503,19.803404,-12.91389,-13.083916,-1.006167,7.099258,3.24213,-9.046849,30.225767,2.727076,-11.652774,-20.396597,11.116302,18.769115,17.63122,-9.590161,-15.232659,-19.60858,-2.812851,23.285736,-5.418105,-13.936112,-31.396969,3.350332,15.798977,5.393319,-12.20622,17.556704,-3.224385,25.32089
-8.47616,-6.404861,-1.551871,1.724748,2.683948,-3.678469,-3.8134,-6.322741,-12.314259,-5.645528,-13.125804,6.265978,-4.893749,1.166088,3.112319,6.201505,3.658234,5.18959,3.56274,-0.320119,-5.671105,-4.618325,-4.441701,-3.380567,0.326344,8.261306,3.483774,5.901096,10.438375,31.972454,2.601342,-2.182677,-5.736575,-7.073911,-7.316739,-0.190377,-3.515477,-3.697932,3.341671,8.224805,7.465037,-8.105454,-8.822968,-11.791263,-12.382267,-5.103564,-15.998952,-6.027667,-8.046233,-5.387645,-4.102844,-6.445963,-3.843706,-6.609976,-4.847318,3.373138,-1.190417,-3.314788,0.456901,3.654872,-3.922228
-4.811442,-12.749659,-10.290586,9.648255,-7.502889,6.274204,3.379924,19.888208,15.510436,23.282202,0.447259,21.862591,37.032478,21.793322,4.958251,12.448024,7.975772,30.951504,9.158317,25.755186,13.103758,21.360594,20.288519,32.694721,34.455818,23.844761,23.491814,38.722927,21.431999,-5.815678,13.425575,27.167891,1.656725,-3.820024,14.039104,6.049903,21.920013,-7.248806,9.621048,3.12828,24.473251,6.931434,14.037543,6.770974,44.241184,27.575848,11.558383,8.948963,-3.364911,-1.981409,-7.716962,51.239117,7.013746,9.536239,1.293722,15.460144,5.552612,11.55581,8.367715,18.165754,13.023487
-7.147664,-8.054848,-16.44302,-1.781536,4.714544,-5.720815,-42.017525,5.812727,-0.315873,-1.242915,-8.058157,-6.804483,-3.987483,-5.845496,-3.310131,-6.300825,20.67617,-7.39089,0.467636,-7.380826,-11.691065,-6.529346,-5.908003,-8.199086,-7.3133,-2.151652,0.09716,-5.043209,-9.354713,-0.34937,3.746732,-5.575766,-13.299824,10.243671,-1.643094,-2.227671,-4.504204,-12.019982,-2.204963,-11.080928,-0.93188,-16.949696,-5.186742,-2.723099,-0.223185,-1.783831,-2.372046,-2.858722,-8.362003,-1.571749,-2.030771,-3.483239,-18.846094,19.213421,0.591578,1.474798,-5.310207,20.566208,5.140454,0.582396,0.69339
0.538421,6.532187,-0.253324,29.581232,19.273205,11.356376,45.063911,10.773719,14.771099,-0.510069,-10.955324,-4.980139,-8.735536,12.307642,32.197041,48.69347,71.53756,10.983541,13.922644,1.349933,-19.275959,0.406248,23.280441,41.673542,41.873116,0.004365,4.077628,6.099524,4.227413,-6.483375,-4.393835,11.785896,12.025985,47.323681,64.187683,24.812212,18.639317,25.745697,14.511727,2.023582,-5.637104,-6.334248,7.840737,13.589078,15.300541,0.065589,28.092741,29.245958,22.92705,7.792163,1.45764,-5.51292,16.121691,42.274712,-22.096283,11.064332,9.588958,2.910204,-7.836516,11.678942,-0.29687
-3.007763,55.476002,-1.641791,-23.404156,21.267969,21.956993,3.365646,10.795926,2.552343,12.271358,0.801059,-27.235723,20.431662,7.598036,9.250358,-27.091944,-9.212315,-4.139233,-6.462531,48.644985,-40.028873,-15.670139,-57.284134,2.026934,-16.121584,3.598946,3.079107,-2.111676,-7.502614,-0.697572,0.222617,2.895182,-12.513033,-41.859329,-17.750328,-0.94344,-16.556265,-0.342899,5.191285,15.21321,-0.233916,-1.978556,2.704178,1.832723,2.273407,48.294491,-0.739088,-48.110622,-3.93256,6.080821,20.509277,4.472344,-0.128287,-7.274531,2.92768,14.592599,-6.351901,1.406622,-6.008344,-1.938144,11.641074
-6.710585,2.458931,-0.264478,4.368617,0.606605,2.078075,2.715044,1.162878,4.888051,6.449866,2.897477,1.162741,9.64192,7.280947,3.841196,0.611354,0.54332,4.072433,7.035269,7.439846,10.066077,8.820418,3.44105,3.44862,1.639642,-8.274479,0.450286,-0.604105,11.947224,12.671719,12.625965,6.412521,-20.196613,6.143235,42.637478,-0.246827,2.565765,0.517245,4.902071,1.320176,4.385101,-0.666108,-0.647622,5.001193,2.954559,-8.578792,0.903481,-1.871332,1.097407,0.964209,3.076595,0.830506,0.742201,-0.869316,6.10848,4.273022,3.099063,2.043457,1.219002,2.299217,-1.933104
-5.447006,15.706251,47.236366,0.786483,-6.007982,-3.645005,-2.081802,8.559719,31.517887,21.912874,39.270126,33.236584,-2.533909,70.064262,3.293184,-17.153095,-13.87069,-19.10358,59.281719,28.261719,9.562856,-13.105659,-8.500078,15.16266,41.727005,-31.501427,41.274063,0.494913,3.475259,1.175323,10.498704,3.499798,12.707412,-9.295647,-9.072895,3.71991,68.123245,2.62393,-14.550773,-7.729189,95.271957,-2.470343,15.608911,12.319002,2.173663,3.482007,5.079316,9.128344,31.351877,27.51392,-4.668038,11.782483,0.241542,1.205029,40.193272,13.758969,5.299288,-4.222192,-5.689584,-3.802098,23.273554
1.16131,55.035759,24.297821,-17.37817,53.909611,7.265007,23.455877,20.365856,41.774448,39.318317,28.972437,30.986042,21.732704,24.824373,45.427204,48.800282,23.161242,37.513191,45.249714,3.303185,3.301028,30.903721,22.511936,17.620455,48.856953,3.371393,3.281231,6.252601,22.592194,1.795393,30.0877,32.078815,0.557648,-4.577263,32.195721,22.127577,14.685383,18.14893,11.95076,18.112442,17.108208,25.822258,3.851173,15.123371,19.301237,2.809367,22.32395,19.21439,19.168228,11.783683,12.847789,19.546589,17.318661,16.662712,21.091227,15.403747,19.271402,22.750019,17.907198,22.046043,19.068716
-0.137141,1.696905,13.739506,10.706993,18.815437,15.090077,-0.900579,-8.484184,-17.422815,32.670822,14.768315,11.835755,-17.537703,-17.550022,-13.261543,28.263096,68.377144,29.745253,60.015991,-17.790319,-7.842706,62.932693,-23.522463,7.89062,3.876763,-14.244532,-15.102551,-11.907045,27.24642,-30.570715,20.846811,-2.024729,-11.848532,-16.299818,0.419883,2.537363,20.210836,2.597675,-2.991949,6.542389,-2.753153,-0.736557,-8.765056,22.138754,-9.277727,10.683282,-7.100166,-19.744028,43.440948,-0.306311,12.631045,-8.94339,-23.760593,-9.717111,27.541388,22.148239,16.707039,33.602528,-9.474055,-6.392996,1.242316
