0.650976,-4.359244,3.021888,7.310986,6.903051,-4.930859,17.608522,10.791457,0.931325,23.720713,3.249644,4.661726,13.518085,8.873387,10.714972,-3.027368,18.098625,10.854755,14.015335,19.582041,4.323712,14.708847,9.720699,7.407657,10.204673,5.158055,10.471189,-1.024775,7.814923,8.014825,12.572927,10.670722,2.719451,5.800555,6.225985,3.231731,8.78308,7.988795,18.184816,5.208764,9.978252,9.292157,37.370667,10.714182,3.42513,17.391106,13.011141,1.61635,5.382532,11.596581,4.079153,10.581666,9.47348,2.976287,13.367188,6.562877,9.24116,5.921643,4.62662,7.142167,6.602981
18.757277,-0.770682,12.575764,10.59411,4.580266,-0.133514,10.18653,25.479998,12.798186,97.963791,6.805612,10.104387,7.983247,12.336309,153.492569,8.638309,14.889959,80.740936,10.202364,17.902832,14.604903,13.729235,8.321089,8.657771,-149.932846,4.775571,10.143222,18.469328,14.559602,25.909225,10.203798,4.235784,3.787744,8.712467,10.287355,11.43139,9.115402,13.022135,-2.315803,1.268705,-1.353138,4.039721,8.767957,5.184533,15.525037,11.430926,7.360988,7.981737,5.664951,8.151637,12.438763,10.911387,12.343085,22.06951,9.600844,12.116639,5.991388,8.585546,11.913951,14.372994,12.838173
9.02097,26.694519,18.382725,9.453006,14.852793,3.117088,15.159225,15.614438,-4.766479,22.585297,-7.494213,27.267307,-8.702868,27.657539,14.349765,7.48448,21.843708,13.02136,15.420264,20.675316,15.433297,18.23974,-166.278168,5.721975,19.963753,-8.033175,20.562748,5.96442,71.281067,9.555174,15.344573,20.065285,14.715139,6.326097,23.518578,8.131801,14.530758,11.397839,25.710211,6.324658,4.127284,0.248931,9.939077,6.784005,16.981878,2.133829,31.377739,4.181672,9.329489,14.715237,5.832346,6.105883,17.751472,23.197865,13.797564,23.808249,-0.052294,22.343182,9.905382,1.780904,9.64197
-4.928876,-4.931742,-8.387861,2.928672,10.638166,-0.066434,19.527876,3.725419,2.846951,20.000233,8.556571,1.111335,2.449561,3.736988,12.813693,76.070259,2.084957,13.27752,2.293178,6.868384,1.821732,12.273956,5.690661,38.940636,-1.984864,-17.437595,3.79737,0.417338,-17.512495,3.622055,31.891165,10.1359,52.001392,-1.298158,1.72249,-0.525744,17.301626,25.666218,11.672619,3.833415,153.161194,145.090897,6.369927,2.178606,-8.211719,8.027471,2.187323,-7.607,-0.372085,-1.924179,7.953073,0.362561,3.693585,15.60679,12.602965,0.944988,-13.97123,10.701625,2.013259,3.868269,-8.505857
23.708847,7.698325,9.772567,7.697168,7.562135,12.395372,17.43462,40.740158,4.954894,4.939777,8.467935,5.021655,-1.309082,15.279681,-3.501157,-12.159476,39.291656,4.46089,26.91514,15.315161,13.093284,7.291671,5.55577,10.198221,18.815376,12.751435,4.470682,17.465843,2.568399,17.819176,28.346592,3.815764,4.762271,8.398704,24.283836,83.717751,12.537024,33.832134,21.055729,10.889753,9.36038,30.800478,1.376053,24.681402,8.554933,15.667097,-129.349243,23.419218,12.847819,6.860439,15.693111,14.317335,0.50496,25.054354,4.438195,11.457966,22.468328,2.573397,10.092921,43.3148,22.277502
3.01092,-8.269669,-79.391891,12.236063,-1.862777,-54.969498,-1.021861,10.163124,12.176357,-4.044519,-1.081956,-1.311038,-84.580498,12.916719,1.698814,7.037294,-58.298882,30.190519,7.125429,15.522429,38.220959,95.120895,-1.452658,-0.962413,-1.004359,66.493149,73.277603,-84.229858,-2.674152,-3.730264,19.904081,14.48183,-4.132592,-0.621401,-1.062365,12.171782,-2.973996,10.972776,6.212679,-3.005721,-12.685853,53.284668,39.001915,-2.299088,-69.750374,-25.00079,-1.193356,47.357845,-1.006743,30.203419,-1.615455,-0.838381,-45.045624,-32.553814,16.208824,29.510874,-75.192787,-34.651806,-77.099876,-12.86427,23.539474
-0.667121,-5.107576,-40.278362,33.530746,-0.275375,6.99228,-34.997612,1.270303,0.721663,0.051221,-89.602325,-5.967826,-0.928013,0.671833,1.632521,13.058478,0.488398,-2.776488,-0.18979,14.371229,-15.47368,13.476438,-169.993912,-13.564288,11.384609,15.684823,-6.845387,-0.424841,6.395963,10.353251,7.248618,-11.832096,-28.853998,-9.10021,6.834539,-3.01914,44.114838,-4.730649,-0.383605,5.202264,-7.631995,14.473627,-17.140772,-16.682613,39.844044,-22.290379,11.016858,12.546488,-0.826782,17.889814,8.657155,-43.610374,9.65455,1.430374,-13.113487,-2.668622,23.517488,-1.101904,0.823522,7.210386,-1.75386
0.054869,-4.507727,4.755177,-150.987381,-2.856594,12.141251,22.670628,13.296488,12.430119,-2.520153,1.021782,-0.731533,1.46058,7.602643,-1.185878,3.213621,-116.582817,-6.000734,11.312279,4.129157,3.98608,-3.000575,6.757929,-4.037898,12.846519,-1.203154,1.212603,-4.223341,4.298309,13.607185,-31.75514,2.802494,58.071934,11.737654,-1.870909,-10.517,7.005294,77.161766,1.348334,9.572147,-1.538984,62.181477,-12.555835,-4.273995,12.770834,1.032792,0.011879,7.397662,-11.310627,1.065041,12.538459,13.235602,10.157649,-139.593933,-0.33802,8.475947,-25.448557,-0.835701,9.466262,4.480077,28.101553
-0.9504,15.982622,2.333316,-22.060968,-13.16399,-10.637815,0.868637,48.275059,28.798294,12.707779,26.05406,-27.908863,-0.792439,11.047979,11.948436,-14.069747,-5.685899,-13.761763,-9.689285,-5.273173,-14.074703,10.448052,-13.987595,-7.730595,8.069549,43.27673,5.621526,-9.152607,-10.717992,-1.176646,-16.017002,-1.422422,5.374307,-1.896617,-26.313156,6.111928,-2.946939,2.420439,6.785675,1.476787,-8.409881,-9.699113,11.22362,27.779926,-17.701038,0.143755,20.387774,-16.992168,3.743369,-8.154706,-2.278338,-27.496534,8.50022,-35.526814,-1.855025,-9.601663,-9.838753,-7.907057,-3.050078,4.241256,6.49884
0.16088,9.219627,-5.429473,15.757345,3.993615,-11.687338,-1.646669,1.735174,-13.928294,12.28271,3.197822,-0.009196,-0.276511,5.134459,-1.825304,13.571764,15.552925,8.308223,1.445517,11.040755,10.182708,-1.053912,0.578804,-0.832822,-6.680186,-10.307379,6.042443,2.208724,19.820906,-7.078684,10.297853,-2.53681,44.041355,-16.885883,7.120304,72.394806,0.097536,34.195919,-3.278601,6.253914,-2.408738,2.409257,12.956494,-8.681498,29.514713,-5.866985,-5.586315,28.006113,8.591284,48.544525,-6.636966,-5.895839,-3.99306,11.981482,-8.83705,-6.595595,-16.146053,7.29969,-7.868371,2.798276,-7.436204
-9.595021,10.359059,22.910698,-20.636623,-45.550518,11.526252,-1.773398,-4.623314,-13.260717,8.909888,10.357055,8.505827,10.63672,15.025281,3.203669,0.225921,-13.839614,-8.282611,-15.140946,4.090082,-6.038841,0.235774,2.712302,4.946624,0.817396,-19.213539,-9.166032,-9.79732,5.872474,-2.512015,1.657672,2.279256,3.430439,4.466173,-10.520687,-12.910685,-1.044015,-5.773144,0.871388,-2.654161,-14.316891,7.96399,18.574053,24.39967,12.738807,15.383861,20.95652,2.387365,-1.764364,-3.365066,-12.332747,0.338562,21.200352,7.946842,4.045816,25.706524,-2.238182,2.714103,-10.893301,-4.117879,-26.415363
17.786497,7.603523,15.668852,-8.86518,6.867633,19.810097,-9.549588,16.389032,25.673473,5.060421,10.084615,6.161553,12.347476,1.759727,16.76907,1.84025,-0.513861,2.781477,-1.858977,4.546118,5.652381,11.009994,4.927256,14.178545,1.523928,16.252256,13.055716,3.083897,14.959031,8.061213,13.666948,15.479671,21.16922,12.986137,14.777441,6.006469,-2.908444,2.200614,4.305017,8.481671,4.377728,7.966437,13.348945,3.904753,6.361619,12.155315,14.211511,4.651274,9.823801,29.004213,13.344172,3.286156,40.162205,0.555377,10.11903,15.181834,12.743628,12.727053,11.216958,10.86849,6.974683
3.435537,-6.495522,10.740164,1.729446,14.642295,9.380212,28.758341,-136.438004,28.366924,42.960896,53.267815,2.838561,17.642004,10.81884,-0.812707,5.655484,15.776783,15.740433,0.760665,50.816204,-3.095137,12.922523,3.286881,0.545131,41.06786,-18.816355,50.645702,15.605738,-171.335999,3.925469,8.54324,4.702973,-8.806501,1.512573,-2.7813,7.307487,23.135002,18.169191,8.351897,13.189084,-1.479373,9.614134,6.262451,6.328729,12.429417,6.388471,11.983934,29.04833,7.101468,5.303088,20.639364,17.636019,0.331905,10.691997,-8.747436,-6.843978,9.902814,1.392856,2.957698,5.198126,-52.432571
-6.008034,34.446281,8.985168,54.401711,48.955303,-1.23349,106.817947,-42.194489,52.039661,15.861347,52.906712,11.461693,14.815125,5.998387,5.81527,-26.459024,6.366441,24.811825,7.165294,25.902655,9.527993,-27.258789,9.684979,-1.824722,12.197193,-3.979022,12.226332,2.616492,9.523787,0.812395,19.521452,11.914227,0.880756,5.891796,8.88675,5.570769,14.716352,8.348915,13.187755,21.83884,2.907181,8.491642,63.755909,-8.27475,7.400464,5.0064,4.468155,10.832951,0.693787,-6.45729,26.893654,9.056832,17.68626,10.471527,13.28925,-25.895163,2.39261,22.554192,5.950846,-1.708404,1.323305
10.561148,7.039249,18.697483,3.78476,12.040627,3.768533,24.031662,12.098964,-22.429358,-1.633145,22.90361,2.859915,23.129526,2.553006,2.948369,3.299531,4.183292,-0.35915,-134.589325,-6.401507,5.337018,-8.160195,3.166529,-1.365929,1.768858,-2.267633,-0.549354,-2.663252,-6.862142,9.974114,0.904515,4.022444,-20.130997,-3.18307,-3.967849,1.038908,-9.457675,11.06869,-0.946526,0.119106,-3.529773,2.086443,-4.643706,-5.075864,-0.85022,-7.227193,-25.271444,2.74318,-22.795702,-0.51168,2.233757,5.945543,-20.692499,-12.027233,-0.426666,1.274137,-2.853827,2.683427,-3.862682,8.411041,-4.913681
-1.633093,7.693277,-7.098773,-13.645311,-2.031993,89.930885,4.316298,-8.817071,10.931459,6.334857,11.581883,3.00168,8.448523,10.848105,1.173225,9.988288,-21.485481,9.439349,-21.158958,-0.137971,174.116837,11.527906,-8.156788,6.408452,12.984982,-50.589783,7.180944,9.024657,2.348225,4.609242,-57.315903,11.555718,-14.670562,16.499563,-158.54184,9.519131,-63.15329,10.97038,-169.166595,17.967245,-12.081527,10.444816,2.049441,20.346214,5.06887,74.249649,10.815912,11.821109,19.283623,3.702454,13.727084,1.482782,142.05101,8.137831,-106.098854,8.207177,18.736429,7.100879,-34.475857,15.781041,2.291699
33.909012,74.817001,-0.79506,-15.717083,87.724457,2.810038,-1.112344,-6.363113,-14.786765,-1.215831,2.040168,-1.406456,-2.406201,2.503335,2.658486,3.357578,-42.678204,-1.909805,2.960596,6.540459,1.33628,-3.301593,-5.397192,-24.382071,10.834588,123.244553,-3.845693,-29.272514,136.378601,-1.243271,63.315273,23.411243,85.259811,4.493789,-3.783197,77.244629,25.537472,16.173162,-53.105122,-43.704277,45.655411,-42.856243,2.215538,-50.963219,-2.264764,-1.469067,9.91547,6.462133,-0.664454,23.044304,-1.772959,-1.909307,-1.663402,-25.724501,14.167434,-3.047235,-18.152546,-1.524085,-1.468406,-1.494001,-1.645717
11.799248,13.712074,-0.099022,-18.775394,5.371818,-0.40579,-172.881363,8.063231,2.754828,0.491098,5.576295,7.596653,13.013778,4.457753,0.341113,4.770764,0.804282,-8.527065,3.016877,8.76871,1.59364,1.689356,13.055822,5.710678,-4.717756,2.301033,4.03848,-5.733755,-0.229609,0.599267,-0.890643,1.379982,14.928022,1.466029,6.333754,8.468081,1.817343,9.201537,-0.021795,6.331307,3.912833,1.269831,-0.365038,-2.422955,6.034542,-4.832705,-8.671936,18.3939,3.667016,-0.728165,4.924366,9.770637,-1.006573,-1.76874,5.41602,-7.071885,14.800279,4.869518,16.831392,2.904549,1.568435
16.672026,1.789331,13.761583,12.862889,-12.777187,4.410429,11.998875,2.001571,-27.898851,-7.290664,19.414213,-3.604162,0.15368,14.195485,-0.758857,-10.211071,15.917278,17.54735,3.39816,-0.530912,12.244577,2.907297,15.284534,13.01429,16.36837,-21.620258,6.875836,13.037239,11.24935,-4.287796,8.334987,0.728914,15.282893,28.431297,6.105884,-7.602616,18.50396,16.87431,10.61387,-11.475835,6.749402,10.315453,-3.964592,-5.391598,23.000502,1.568311,-6.379055,28.446596,9.12264,18.576719,5.601599,-24.03788,6.042504,36.639351,2.911645,156.662064,27.595482,19.431141,85.676788,37.351643,11.341683
5.427465,-0.649605,3.679956,-19.114288,-19.894373,-5.998969,-7.093842,5.52428,4.71322,-14.047302,1.255237,-10.790835,-19.251028,-13.482855,-14.452324,-11.235606,-8.880194,-0.288625,-5.90034,-4.209268,-36.340141,17.230909,-1.883131,1.414582,-5.979457,2.741403,11.30796,-0.139635,3.836525,-1.825377,-4.829039,-2.94295,0.014476,1.490258,0.291419,-5.416307,-8.361588,-32.34409,-7.718238,-10.019203,0.030869,-2.553874,-12.815029,-5.727572,-0.694525,-12.107641,-1.619121,38.377579,-12.430828,11.292013,0.90321,-0.293994,-13.149912,-1.005648,-6.875915,-5.466393,-14.80907,4.138424,0.616577,-2.778279,-16.889158
-0.566783,23.994516,4.391772,6.802606,8.639399,9.739191,3.126348,3.657578,-1.738646,-1.285386,10.618972,-4.086419,1.875249,18.097937,8.201371,-22.143782,-24.646944,-12.47482,-15.44716,15.54939,4.304101,-8.080869,-17.059895,-1.178596,3.838482,-4.182535,104.577065,20.164326,2.552338,27.320705,-3.997895,-22.685743,-19.275589,-0.792788,-22.341572,-10.317211,-0.303584,-2.015014,-18.011602,-14.749075,-5.530391,-10.73295,-2.824132,1.800448,7.952704,11.236628,-10.040979,-1.867928,0.301355,-7.736609,4.240803,-1.363199,43.68679,39.374653,9.894413,44.229771,19.824085,6.928797,-46.88752,-9.674974,58.612701
12.105948,10.131448,21.537245,-20.056501,5.144585,-22.167353,26.059603,-6.685434,1.199835,14.567872,-59.67696,18.840761,3.328336,-2.051053,-2.874145,15.508667,10.582621,-25.101847,8.197476,-9.345714,-3.464043,15.713397,15.288118,14.589349,-3.939331,21.908226,8.055593,19.956173,1.433813,17.101051,-35.939854,3.302321,8.115361,-1.828278,5.821344,0.775355,0.297172,17.026531,-39.154114,2.980713,-2.448409,21.677698,2.779613,2.863225,156.759277,14.39441,25.560265,24.987736,69.215981,17.473679,-1.629732,41.919426,1.641846,-1.216239,2.668482,12.546823,11.243724,-27.136292,169.606384,9.62335,16.114378
7.122533,8.248298,20.083513,5.547112,-2.250809,4.45374,17.47234,16.876453,-2.72742,4.277693,17.586731,15.822465,-2.061389,11.942576,3.287681,2.386631,18.397799,151.102264,3.720454,3.379349,10.333256,3.52127,0.234818,11.843401,-3.028273,19.355406,75.332169,-5.147887,3.67239,0.936211,12.760139,-6.812814,12.27477,10.391323,0.578334,3.358207,14.456182,12.266922,7.887381,4.975321,2.587099,15.568845,21.217138,47.607044,5.340755,0.643483,8.901222,2.406229,3.928556,-6.820881,15.007883,3.840704,23.755016,-11.396102,-5.029132,3.043953,14.525025,-0.696818,37.893856,31.623995,2.167243
14.026529,11.733893,10.757539,23.017954,2.386419,26.967558,3.390149,15.928042,10.389068,8.406998,17.733839,8.784821,19.20422,7.918478,-1.004483,24.335629,9.680622,10.536606,17.381987,12.502806,8.713536,1.489262,0.459275,10.728874,14.952207,13.216525,0.214251,12.083965,15.691216,6.553749,10.809064,16.025753,17.030153,5.60367,10.01076,11.865289,26.458414,2.892147,9.481748,8.547842,19.29155,25.667374,-6.848825,12.324663,8.161196,11.66293,-1.230814,13.837627,11.928438,21.731991,11.511044,7.038563,3.611971,8.711072,8.377418,9.545168,10.649362,5.308186,11.22565,21.243969,3.329662
-10.706911,10.689037,12.968752,4.966624,11.521194,3.151315,1.10766,-7.513444,11.230552,10.666342,1.175174,21.86529,7.371438,5.735212,-1.786428,-0.661318,-23.547497,-12.041777,6.927262,-13.248075,8.728365,3.284004,-2.727737,2.60242,-3.073908,6.277131,-10.179349,4.801904,-1.893645,7.315989,3.748103,155.071686,5.863837,-20.24202,0.503461,-6.919733,2.550047,2.251978,4.590271,-18.783928,5.314734,-17.221436,2.545763,-22.187973,4.698114,7.292827,4.476506,-0.803063,157.652054,-4.581688,9.563246,-28.632042,8.647478,-6.284667,-1.925379,0.464292,-19.915144,-4.878774,-0.655556,6.387549,0.877628
-4.25501,-0.255545,-3.281,5.556917,13.118965,6.417251,-7.280782,-0.930838,-0.256903,3.516027,13.001641,5.128395,14.151407,1.986332,19.579113,9.057822,17.775177,17.986019,1.965851,9.823897,19.112892,10.569942,4.104109,5.507184,9.477654,9.405485,-21.218925,1.261189,8.672602,3.097826,14.53481,-0.574248,-3.598397,16.678474,0.222151,14.314273,-0.185301,11.780039,-17.388987,5.589669,14.178017,13.479352,6.6004,11.05065,20.354414,11.116197,2.572682,7.631169,-1.354776,8.981414,0.442023,2.418667,8.228226,2.271271,16.172047,2.26116,21.295687,1.039022,4.582913,-6.716086,5.296851
12.447301,4.900676,-0.900677,9.035749,0.761753,-5.455488,11.918786,6.587936,-0.018199,11.104665,-6.774465,-12.217867,9.88521,1.416894,2.433071,7.702378,-11.034841,5.952815,-8.692984,3.868124,-7.251927,-2.816394,8.721701,0.492477,-3.802715,1.405809,11.440846,-3.111636,3.579271,1.112557,10.078792,-12.452074,-12.096022,7.674021,3.081063,-3.40996,-5.989295,20.258356,10.824291,-6.392288,-1.457239,10.576715,-22.317352,13.758093,11.003242,-6.228238,-1.923047,5.491685,0.600842,-2.45073,-2.849426,-21.298294,-16.549728,4.929831,1.098694,-8.477086,-8.91631,12.352397,7.606026,-8.951094,-12.732013
-2.267068,-2.679651,20.285902,-2.555249,-2.593951,-2.550879,-2.822412,-2.311483,-1.962474,-1.772438,7.993282,-2.202988,-2.270179,-1.505657,-8.702813,2.690173,-3.730215,29.590603,-13.063943,-2.614103,-2.267065,-2.626361,-2.516311,-2.427275,-2.395582,-2.30214,-2.833817,-2.513617,-2.071395,-7.1213,-9.047297,-21.114195,-10.845977,-36.685989,-7.382612,-33.178448,-15.428739,-0.564154,-12.956889,-65.129486,-34.075897,-11.407578,-2.544713,-10.58246,-10.796659,-25.606466,-0.465322,-7.751063,-2.206705,-11.816268,7.335152,-4.734822,-2.5695,-2.576549,49.10334,9.454249,-8.545769,-17.375444,-3.862348,1.299362,8.388383
-2.530771,-6.202187,-4.748043,6.032781,-1.108098,-11.52208,-17.628119,4.411849,-8.047146,-5.459903,-6.64817,-0.872227,-7.057081,-3.205544,0.613537,-18.896219,-4.404024,-3.763949,54.77327,-2.73263,19.115593,-1.633052,-2.616922,-13.377106,-4.312472,-21.27043,-7.02065,-2.494616,-3.200307,-2.84416,1.706647,-32.662746,-12.391758,-2.306033,-15.458021,-5.623312,10.239289,-8.930882,15.762803,-13.039777,-2.426818,-2.912652,-2.752972,-2.395342,-2.082721,5.730816,-0.071635,-7.928553,-2.557019,-1.871891,-2.267819,-2.006176,-1.953162,-13.550347,-4.248207,-11.021107,-2.753687,3.476733,-5.953975,-1.366175,86.795662
8.838637,20.388992,7.541083,15.067734,10.970512,16.032526,24.439081,9.235037,24.607088,11.569608,10.792645,19.769064,13.401232,13.916596,15.712926,14.796347,5.7523,-1.857659,8.29004,17.091076,14.249455,19.319372,-4.490125,20.617916,20.132729,20.348637,17.763006,-145.96666,8.379128,4.547392,4.1846,10.89602,12.220129,23.419579,7.288765,3.775148,8.278474,16.731157,16.024815,11.395398,-5.213957,9.054286,20.725565,17.61467,13.031546,-1.27026,4.199854,8.283647,6.481755,17.195127,12.305046,6.353355,21.716187,17.263828,17.415295,13.187545,8.472264,11.604875,10.837456,6.507792,7.852151
11.659562,-0.852884,-7.233134,5.163108,12.688737,19.084581,11.551538,6.181833,4.273673,3.913167,-23.88368,4.208745,15.28185,-10.555228,2.445198,15.499556,1.109832,8.097765,13.653119,9.872873,0.005712,12.461451,11.076682,28.5676,11.931096,-8.308717,16.691839,15.139967,-0.773567,3.167818,9.38877,0.54771,0.991603,2.566233,-29.103611,11.897515,0.465495,-178.666901,14.538184,3.716835,12.931246,13.832631,-5.048893,4.244027,21.58882,2.819398,2.727539,4.760041,2.748277,-6.209674,15.523084,-2.142236,14.727558,-11.63476,12.417428,0.203316,11.066444,3.867396,-44.402699,8.939183,15.584865
-6.821633,10.149186,3.734492,0.065723,18.477192,-7.304288,-9.278065,2.16392,9.217359,3.495491,8.362,13.721483,-10.257114,5.329443,8.052419,6.007689,-6.104635,0.151129,8.283592,9.672138,162.253265,-2.724601,-9.832791,-5.251729,10.077128,15.394069,-12.441435,-8.141683,5.775638,-8.820581,3.36606,4.852965,3.150161,-1.479611,-4.202155,-9.275813,10.530857,10.848247,1.548579,-37.308178,11.337264,-8.102102,2.371061,-36.212395,8.796915,8.73266,-6.794409,4.983095,13.399117,-1.277942,-9.047012,-5.963412,1.054478,-5.703406,-5.34033,-3.646659,-4.647765,-4.501074,3.478206,-1.97476,2.891256
6.160856,15.264666,16.132055,10.208602,13.266532,12.487787,-2.928795,-5.404352,2.121229,-3.322726,-10.611639,-9.232775,-6.410153,-15.060264,-14.015547,20.873205,9.937154,8.313385,7.047428,-14.260142,5.812613,15.083261,-8.416513,1.210939,10.694114,13.141687,11.97659,10.957031,4.112,-1.919983,0.761114,4.593606,0.156695,-2.003974,9.051055,-4.933711,-1.89435,-7.118379,-8.165415,-0.817882,-17.791176,-6.021955,-8.627004,-5.848464,-0.42728,1.598417,14.407951,8.610651,15.326605,12.769164,11.361374,10.357413,8.638863,3.422101,11.406904,3.997149,-8.777946,-5.429805,-6.073469,-1.427418,-3.954365
-17.84305,14.409148,-4.227336,-1.054222,2.963839,3.099748,-3.102906,-24.301033,11.606357,-46.445084,16.215986,5.712265,14.620235,12.686864,-34.375359,4.807076,-4.604275,-0.249366,18.939894,-19.007006,-2.999722,6.29948,4.248807,6.220121,9.650975,5.837821,5.271452,24.466543,1.953795,15.901307,6.461873,-8.37403,-22.710587,13.272854,9.274855,6.667575,4.813789,-2.188706,6.38644,-1.647848,1.579393,21.819128,7.747768,-2.850709,-1.653248,-2.332293,-2.219242,-2.200517,-2.078807,36.199684,-38.961887,0.709851,14.850408,15.360868,-5.866439,34.24292,74.069954,23.620764,5.89274,-2.533715,-1.474278
0.047528,7.582844,-1.229762,8.477604,-0.341692,-0.605109,-0.544229,-0.970405,17.712515,-0.95913,-0.904708,9.052217,3.42179,10.8113,-1.370251,-1.939956,-0.606821,7.823673,2.931521,28.551449,14.066994,20.87591,-5.03821,16.924597,17.899094,38.264896,25.098024,-1.302249,18.515661,17.304159,-14.476678,-10.110583,11.092502,8.675703,-10.174312,41.709335,66.319717,60.280266,69.483292,26.99296,-48.49369,36.567287,33.329372,-11.312147,4.268867,7.130414,32.200954,8.924018,15.305696,14.427898,10.923734,10.491263,8.73277,9.764807,12.302505,1.663941,43.950489,62.319714,17.920221,1.441995,6.979579
10.256179,16.080057,-20.891766,-1.089526,9.724524,7.169177,-0.495942,-1.962124,-16.941467,9.892206,-48.514336,31.931948,-12.637545,104.250633,-9.883281,21.086248,-32.881042,5.146397,-26.497881,3.838795,-68.013542,6.630443,-31.641384,10.488689,-22.753794,6.443488,-27.55781,-5.328544,-1.350786,6.602269,-57.09132,-5.430111,-5.817258,-56.42717,16.31452,-24.015266,-11.940791,7.665212,-46.884315,15.159238,-6.331881,-2.923268,13.357358,-16.442808,1.983683,-12.917021,-28.901119,5.097481,-11.885064,42.999355,13.755628,13.723526,7.468776,-19.20941,8.240136,-16.995657,1.96612,4.785767,-7.859962,1.449412,-28.338539
9.637591,8.471189,-4.481568,3.404026,-18.926922,5.780005,-0.011926,-0.260445,15.621483,-33.089252,3.519291,9.648463,4.07323,0.182856,11.09362,-14.420971,6.703982,10.434182,-17.81642,12.918107,0.821261,-0.115748,9.653203,-11.107955,-16.744528,-6.586676,21.285448,-11.512349,12.284912,-2.918237,12.316403,0.737632,-5.277601,15.297642,9.450459,-5.426659,20.752974,-10.943201,17.899731,-16.481155,20.018156,-8.694407,13.02193,-7.357592,4.872819,9.648765,-0.525193,16.979063,-2.776233,13.93003,-7.242797,16.111845,-6.685459,13.801206,-6.27705,17.531006,-10.066877,15.630793,-12.072242,20.069262,-20.353615
22.679985,-6.801304,9.543804,-0.869002,-8.319815,-6.620053,-11.295894,-9.702147,-4.344851,0.132963,-9.349766,-16.916904,-7.846644,-13.759605,-3.013318,-2.415865,1.992058,14.360801,-77.140396,-16.352051,-19.152208,1.033771,7.027119,7.091605,-11.917268,-5.888218,-14.385167,9.788218,0.608244,-8.340637,-25.177717,-9.780115,0.211839,0.139902,3.739381,-7.447232,-7.55246,-6.520727,2.971052,6.672802,-14.154531,-16.719631,-8.580167,-10.954906,6.453535,-0.520383,-1.178043,16.375402,-1.540954,1.725998,-2.51819,-1.251316,-2.753929,12.519761,2.11311,-9.871921,-19.486883,-23.213402,32.941277,8.879135,-1.519007
-25.915876,-7.974383,12.6047,-0.89592,-1.730543,19.498186,-10.264782,25.527855,-6.874081,20.650265,-4.581573,-43.694328,-16.1663,-19.647669,-16.545933,-8.016574,-3.439818,2.989428,-13.096305,-4.234999,-5.879913,-2.826109,-28.676874,-7.295278,-4.885395,26.024597,-16.949423,-2.470109,-75.55381,-9.919485,-5.418139,-8.78106,-3.054989,-0.947639,24.206358,-4.97394,-76.924721,-39.399414,-3.559964,-4.296968,13.86767,8.976143,-10.563238,-11.610202,-19.841898,-10.052497,-13.257169,-22.17728,-4.089006,-31.435547,-1.379977,10.869591,-5.871727,2.156907,-36.417934,-52.796162,4.754755,-11.86292,-5.472929,-3.767572,-36.444473
10.728508,72.709694,-2.577544,2.481105,31.517679,-77.308197,167.257263,1.182846,47.88657,50.27932,-23.857773,17.698381,-2.051966,59.036461,24.554398,16.352108,19.788441,8.559231,7.390631,4.019958,-13.242502,2.695751,5.48539,-22.852383,88.877808,8.679093,6.334548,-9.284184,23.301554,26.993048,64.139221,122.76017,-77.775192,12.730057,6.055665,2.15527,2.936623,12.774606,25.40967,176.699188,-2.561506,0.944032,9.242795,7.335808,24.431686,-76.968704,2.472309,2.896422,12.634051,41.935238,-2.319953,2.205935,1.721396,16.185555,35.147736,2.170104,14.01642,6.554198,57.628719,-1.475481,-0.442086
-3.18996,13.341535,1.061867,-173.865097,13.876134,-6.846373,-9.504362,20.202116,133.569122,18.677013,-11.552377,-33.999779,-26.053688,-19.540819,-2.658881,-144.98497,-48.946514,-22.076105,-153.834457,14.332085,-24.303432,1.892819,4.861519,-1.805179,-52.113472,-98.892868,-45.76001,-0.999167,5.574472,16.866001,10.886605,0.985087,6.026352,-0.90059,0.073228,-0.979575,51.228863,37.502487,-0.180536,1.290742,3.805889,27.451138,38.796513,0.765463,16.681168,-1.344288,1.856155,111.636772,46.7752,7.688125,11.284784,13.531122,3.546827,-4.997755,3.603712,54.668926,83.797485,-7.70959,20.857937,178.569061,7.928499
11.074979,-17.923353,19.563454,-49.015064,15.617506,-68.660202,-18.702572,4.01507,-34.65173,-40.765488,9.977942,4.07371,14.746509,-4.812941,8.823973,-30.245441,-44.397686,7.963363,-1.881198,11.29503,-15.0996,-21.827389,-10.024148,5.644321,-36.375797,2.881603,18.713779,-3.170104,5.95624,-34.145977,4.08446,-34.167175,0.151989,-47.255474,-32.818314,4.6419,-38.887901,0.535962,-19.674801,1.31292,-37.067604,-15.852668,6.236072,19.620789,-18.338751,8.687123,-68.319145,-10.708193,1.247453,-11.240138,3.483557,13.031468,-21.213295,2.121562,8.04263,-37.064102,-17.866941,-15.610901,-36.640072,-14.139708,5.091101
6.459621,0.642751,7.782969,-12.830894,-17.804659,4.771773,7.259437,3.629514,10.306605,7.196054,7.913494,5.61879,11.504009,5.416855,17.3936,10.837341,13.509532,15.960416,14.520581,7.37926,-87.195175,-24.468863,-17.122007,-28.766359,3.745269,176.159653,17.026134,-41.676334,-5.863756,2.579465,3.799857,9.580147,12.426971,14.324259,-13.21572,-12.847153,-9.065788,9.327497,4.496509,3.675666,-9.092422,-1.926474,-2.571787,-5.17412,-16.502668,-1.502302,11.014935,-6.385635,6.065719,-54.418736,10.39817,5.241034,2.229092,-1.186687,7.920735,3.958146,5.417005,8.44987,7.57654,10.705656,10.549375
10.49468,25.097126,8.429125,29.928183,2.75325,9.034945,-4.010441,7.073624,16.474012,6.828033,8.450685,7.015498,9.421001,12.608414,8.019729,-8.827446,-3.820648,9.325489,4.332777,5.447831,7.862369,-4.040151,-16.891098,-10.013919,-16.764345,9.520452,3.090499,12.409056,8.686012,6.648526,18.235369,-28.97368,-9.283035,-1.070258,-28.186661,-2.924533,1.823134,4.44876,9.51545,-7.192972,3.143549,1.637723,6.562524,-5.521542,-7.875005,4.832525,10.832383,9.184547,7.826641,20.288218,-11.553056,10.569374,23.478228,10.4312,8.88737,14.086304,7.047542,-6.780409,-1.295201,6.836813,6.57277
4.218531,-4.004593,5.116786,2.508098,-0.531066,2.139659,-3.719807,6.786713,1.631285,3.691875,0.240705,0.969386,1.823792,-3.059865,-3.34868,-2.182581,3.381517,4.078208,4.067043,0.450884,-1.585235,-0.906284,-0.67449,-2.181753,5.829085,0.663218,-0.915153,-5.216973,3.577195,3.333643,2.005271,3.793146,4.90813,-3.181729,-0.755318,-0.697252,5.516567,-0.041172,2.363552,7.016489,-3.212591,3.025251,1.563697,2.379058,-0.790202,-1.265211,0.750431,1.495723,3.329877,2.841976,-1.629001,-5.215074,4.931215,6.127074,2.653797,-1.355787,0.790604,-0.095051,3.627346,3.333012,2.323511
1.407267,-3.717713,-1.896388,-0.683255,-4.254263,-2.386438,-3.642953,-3.093354,-2.368845,-1.684103,-4.315548,-6.67135,-1.794406,-1.022939,-7.106576,-9.786587,1.329855,0.744769,-11.166383,2.409971,-14.386679,-11.045715,-4.697595,-9.955452,-4.505759,-0.54905,-12.987048,-6.672364,-8.397399,-5.47479,-3.781605,1.530995,-15.415874,-5.82591,-4.981557,-8.178055,-7.88483,3.660822,-14.196749,-1.229791,-4.951681,-3.658853,-8.339259,-3.429984,-1.058638,2.961456,-2.612157,-5.835312,0.363618,-8.312358,-5.830478,-6.742217,-1.89716,-13.416594,-4.118691,-3.629261,-1.981052,-11.487487,-2.865536,-3.985033,-4.977804
35.278736,-8.163216,0.506009,-27.835651,-11.283587,-7.780637,-2.810933,-10.482491,2.720258,-13.287759,-8.762299,-7.457131,3.895604,-19.49317,-11.354678,-4.83174,-1.966359,-41.224091,-4.475826,-9.184145,-15.648479,-6.014552,-5.234426,2.422831,-7.883779,-5.414001,-10.477501,-4.494534,-9.959758,-20.131311,-12.618128,-15.57185,-8.568122,-7.992435,-9.134834,-41.278271,-18.300386,-6.195229,-10.845834,-6.118835,-11.225696,-18.074003,-7.297499,-5.827995,-22.215265,-8.491255,3.014428,-20.124352,-13.226768,5.040796,-18.465059,-19.251759,-8.25929,-10.277857,-4.15082,-14.980275,-16.826662,-8.760426,-9.088329,-10.360206,-22.977837
1.586256,2.654454,4.025826,-10.76129,4.281218,9.916033,-14.164138,5.813436,2.110981,-4.005205,-9.730298,-10.817395,6.771459,-7.53656,-6.022999,-0.67785,-24.266752,6.948558,4.297091,-15.089997,4.892364,6.66222,-12.67715,4.458494,-5.767509,8.046423,1.483391,7.801498,5.987322,-1.615036,-11.107076,-4.46859,6.787003,-1.053699,-1.937436,27.52692,-17.549889,-5.825601,8.536092,5.792224,-52.435036,15.979276,-7.651653,6.77403,4.064588,-9.768894,3.800243,-16.672176,3.549959,-9.570393,7.43712,0.824249,6.829666,153.676559,21.365705,-5.221088,3.824991,7.432594,1.659908,-10.987275,37.82909
7.668768,7.039049,5.588094,2.551964,1.855345,-2.847316,-3.043772,2.520237,4.328525,6.616452,-8.690403,-5.299696,2.56252,5.5175,-13.114419,-2.970854,-12.93605,3.111734,4.200502,-6.618773,-4.80476,3.374722,4.483772,-4.46369,-1.797589,2.931643,-1.25036,1.5867,3.183712,3.636005,4.479353,2.52233,-2.189289,4.235613,-0.913932,-7.214441,-9.121906,2.082385,-1.241462,-6.070331,3.123752,3.261422,-3.742836,2.623042,1.639608,4.793468,0.392214,-3.682266,2.455302,-0.375746,4.738346,-2.151884,4.573016,4.439093,1.154984,-5.048102,-1.448699,2.779569,-0.652597,-5.138141,4.167442
0.417018,-5.212732,1.457213,6.906935,-1.972085,-0.351347,11.199338,4.062147,-1.905237,9.707039,13.506221,1.393641,10.559631,-3.847128,-7.299999,13.716316,0.048799,2.860662,8.007539,-0.294601,-8.790167,14.200814,0.378716,-0.189626,8.817448,-6.784279,-0.364981,10.545113,-2.340971,13.510955,6.489553,-5.486737,-6.837951,9.351216,-4.266147,6.737504,2.018229,-2.789481,6.722615,8.829535,-8.548554,4.091207,9.537706,-1.208085,-4.159521,5.128645,11.057652,-4.441309,1.097026,9.525991,2.130123,-3.786167,6.633793,8.961061,-2.347257,-3.371639,7.519516,12.516691,5.136903,0.741661,12.052199
9.297665,-5.930058,18.452892,-20.147343,-16.056725,2.430026,25.789301,16.892378,45.571568,2.032972,25.533136,10.795309,22.432037,9.840331,42.806309,-16.451561,12.616473,0.538431,29.759462,10.941893,-11.225972,34.150024,-2.425822,63.644508,16.092094,-49.155128,17.323896,4.934718,-2.08318,15.800178,-6.242801,46.763882,18.518398,0.520315,-28.900934,15.14664,-2.433993,-4.894183,-8.009585,8.30151,-4.457513,7.655729,9.705931,7.137868,6.120533,-13.004286,-15.431766,11.386806,7.535869,10.847497,6.195185,-12.981121,-2.412522,2.7963,-5.765484,14.182601,8.331093,-2.30094,-4.639594,4.483672,9.926388
-5.720944,-8.57295,-0.28758,2.133778,15.109762,-5.022658,3.6678,9.921042,2.766041,0.829525,-1.787029,-2.111382,1.127147,5.244163,7.961439,2.938041,2.761272,-6.933278,-4.655266,10.719732,6.069522,1.429512,4.448669,3.004962,4.52482,5.320703,0.188517,0.183947,0.56266,10.472127,15.16353,1.506297,2.224142,10.910134,1.501242,10.675776,-0.777378,10.797669,5.2897,-1.148243,7.731555,-0.579796,2.653814,-10.794636,-1.724775,-1.640949,6.864262,12.451445,2.843496,-2.160886,5.26448,-32.448116,5.28763,5.66087,6.049114,2.136284,-2.5253,-15.963865,8.419451,1.910327,-0.033044
-4.484779,7.575603,-11.745772,7.299891,-84.935036,2.06338,4.890357,5.385032,-27.89996,0.035233,5.165255,-17.530098,155.484482,-3.948205,5.904655,-3.543574,-6.851851,-10.063513,-5.30526,0.575473,1.263877,-25.694908,-2.731117,-161.412949,-1.385833,4.767393,-2.145358,-160.692047,1.838882,2.066951,-32.379002,-59.044006,-157.91069,12.479239,4.19604,-37.704227,-5.105283,-0.796465,1.538922,1.801216,-154.9198,-7.715662,3.340052,3.557319,8.390644,13.402911,17.178406,-2.124596,2.994535,-1.536371,10.31426,17.04497,38.730255,33.661591,-4.52008,-10.447173,-0.915515,2.559869,6.226618,0.957263,2.78101
-12.561684,-9.590061,1.651609,-1.999971,16.229429,1.552017,-1.133517,6.093007,-7.63254,14.348849,-1.88887,-10.246843,-2.867832,-11.778564,-5.083656,0.627265,-1.647763,149.149078,1.782706,2.082301,-2.213217,-0.159627,0.200249,-3.066735,5.437836,0.767239,8.155182,-0.099158,1.301139,-4.24636,-9.337888,22.022457,-10.948417,-3.874823,-13.781474,-1.185419,8.45918,1.378685,-2.547927,0.179144,9.099247,-6.194601,2.368146,4.217695,11.643654,1.058849,0.782215,-3.183245,-3.214326,-0.452945,-4.123365,17.881258,-2.937315,-0.227183,-3.56567,2.009799,1.287101,0.242994,-9.295215,-9.962168,152.571442
-5.283285,-5.361222,6.328904,-12.878119,2.896253,5.048614,2.666975,3.2121,-5.217759,-2.271821,-5.848776,2.374686,-2.338183,-7.973094,-14.473941,-6.597158,2.182616,-7.260904,4.481241,-1.025146,0.596644,-8.43168,-7.216325,2.553663,-42.987247,-23.363241,-8.280646,-3.210129,2.444538,-3.522692,1.585632,-15.95907,-19.238157,-7.589411,-0.779495,-0.391703,7.026692,-39.256863,-8.376736,2.287299,2.100252,-2.275261,4.431488,-19.065784,-6.182537,4.674552,5.192144,-14.992569,16.492193,5.251596,-4.426496,0.390779,1.532357,0.790866,9.577467,1.01118,3.050031,7.812634,2.356205,17.054399,-0.796024
-5.533526,8.29741,4.213437,-1.700313,9.267224,-12.305593,1.798257,-12.703915,5.771789,0.968651,-0.75362,3.253282,2.14347,2.600869,-14.534756,-1.322988,-9.242949,-8.155504,-18.03492,-13.248116,-5.873737,-10.125276,-3.170125,-33.76976,-7.000721,1.272453,-0.600104,2.672173,1.20895,-3.611718,73.995087,10.771006,3.100832,15.373293,9.475828,16.729673,9.167885,9.604849,14.051077,15.997157,9.220441,8.89531,5.942064,3.629067,8.568027,9.25139,2.393289,-15.882562,8.836068,18.415661,7.543511,2.345245,0.182872,-0.980898,-5.229642,0.473474,4.314651,7.885996,-0.194253,3.898078,6.158315
-6.996617,-47.944447,2.197846,8.077597,13.26281,9.620695,3.606653,3.427526,-70.031364,-15.602362,-6.226479,6.90299,10.018762,-6.485262,-4.640824,-175.534668,13.857946,40.64727,3.736117,85.701378,-176.844772,108.375336,-68.844788,-9.702493,-0.563818,3.796613,-1.155932,2.402755,0.724783,-0.191694,5.286726,20.439041,23.192104,19.78623,19.251339,39.048275,-14.0727,6.326213,9.20783,2.822118,16.684132,1.966289,44.542023,-8.76226,78.344307,65.089256,-10.765242,-6.301392,-3.808965,-3.370078,5.339089,-3.870149,2.963415,12.913677,25.094471,-62.113979,81.926315,14.233503,33.021286,85.397141,-84.504013
-8.894134,-14.04388,6.968941,-9.904609,25.216909,2.922846,12.902625,1.118496,12.337708,0.241655,7.819798,11.344098,7.616243,5.699409,9.765292,7.413948,0.061916,-1.499576,-0.133135,-20.112116,-8.329939,-4.676691,-12.950711,17.125696,14.795363,-4.70543,-0.627304,-2.028152,6.31741,7.996954,1.288137,-8.252037,-1.201239,0.800995,2.998358,4.32075,5.369935,-0.011334,7.6462,1.631574,-0.742832,6.248858,-4.309748,7.22715,-0.222915,0.088165,2.50707,-3.086256,-10.598639,1.604593,9.53775,20.911957,22.359131,3.601084,6.163927,2.169173,2.224668,-19.014832,-32.244015,-36.837646,-22.912682
-0.100986,8.435074,-2.291378,13.448193,10.462122,14.921687,14.409124,19.350803,15.641181,14.021244,20.083534,15.763508,1.251221,7.779037,17.197418,15.014902,11.373814,2.326988,3.624115,8.368904,10.490755,7.914119,5.600338,4.185236,10.0905,9.436254,10.471638,18.791603,14.577611,3.016634,12.088431,18.793978,18.730944,13.171732,18.329659,0.593656,7.421104,7.637203,17.564869,10.880324,14.319752,13.278736,12.185614,15.147597,18.955233,12.512987,9.308418,18.017248,18.096586,14.246847,14.771199,21.426895,18.773458,10.076766,12.796321,16.655062,6.48459,10.137057,12.330473,25.448593,7.122035
-9.101816,-9.172217,52.847404,-11.47665,-4.385645,67.641663,-11.659179,-0.971776,37.480061,-1.907171,-40.53278,2.269378,17.209986,-4.180248,-0.969032,0.919863,1.559237,1.88219,34.859802,7.024495,34.786854,0.520112,1.066062,1.021379,-16.463987,-0.247085,-26.12557,-84.857239,-34.241928,7.434594,0.715232,0.129715,-0.245217,35.186081,-0.886016,1.364099,17.890488,82.188675,0.178593,-1.039896,27.520144,-20.382845,-0.313484,17.686703,1.028689,-0.021843,-1.180704,0.31967,1.286952,-67.276352,-85.696609,0.03665,-0.993357,-1.293067,0.457874,10.545249,10.135577,-0.326515,-75.129196,1.019348,52.376518
39.138199,18.415659,10.056948,3.834494,-170.807465,6.045166,10.116984,-8.089586,-14.708758,-1.699847,-172.958038,-168.630737,-172.230728,5.894923,-3.27797,-19.970324,10.777174,3.224098,8.338306,-19.394068,-5.482773,2.452047,7.199834,12.121232,-19.808041,10.24792,5.716305,12.62036,-7.580708,0.720014,-167.967133,-169.483307,20.406359,-14.568369,-3.930024,-174.491165,-61.740273,2.99379,7.118223,-14.247348,2.932037,11.910737,-8.919896,28.103466,24.545576,-9.190567,3.845811,9.360404,-2.969353,-160.342484,3.772888,-4.968267,-141.110794,6.517274,-30.262297,-11.926541,3.240106,-7.156787,-16.265282,17.360067,-50.596714
-10.484787,-10.602765,148.516144,-3.683222,0.660541,-0.822637,-2.843845,-2.757151,-1.052019,-3.129368,-0.834782,-1.088617,0.678733,0.624714,0.988034,1.273938,-51.803452,15.001885,-6.00769,-48.866615,-0.833478,-54.887844,-33.567814,-16.176994,21.400549,5.667583,-3.986439,-2.044169,-21.686714,-25.888718,-21.66054,-29.177864,-39.201359,-23.114958,-10.397958,-26.702761,-19.513895,-22.916578,9.127872,-20.691677,-8.291359,-5.684743,-17.403803,-0.088037,-22.141014,30.879938,-1.156734,-4.219142,10.853838,-7.312655,-18.388901,-14.857899,12.502005,-35.117939,-19.099222,-7.623939,23.69191,-31.842138,-54.304741,-26.432924,-27.934231
-5.3379,0.6654,4.694146,10.080039,-63.851921,-3.422217,16.545837,-25.595333,20.61869,-13.852035,53.836765,13.482568,-176.191132,0.396697,4.155268,-40.101715,-8.587125,-3.421184,177.173187,28.301868,-34.210125,83.007133,13.570818,-173.577957,-6.952901,-61.851959,17.337622,-6.089382,-2.006203,2.923405,-30.625919,-29.088037,20.221407,-6.56007,-4.146624,-30.614229,1.389301,-18.535311,6.357437,-10.416424,-129.71167,0.875942,1.467161,-26.310349,7.45992,-40.547329,-1.78737,-40.972408,1.26956,-19.700304,-49.327686,16.239204,-47.072594,42.934021,18.809456,166.339935,-6.77241,113.74691,-0.072278,-17.510498,-108.696884
0,14.384892,18.834442,0.105726,28.809294,21.115631,17.094501,12.863194,13.624693,33.264858,19.657505,11.955351,24.617039,14.11979,169.081802,2.455796,49.296566,2.379145,41.052425,-9.640117,25.393681,11.613826,42.029408,4.927161,36.033653,10.032046,23.543482,24.496466,41.442432,-2.87982,10.318526,24.464239,26.391964,-171.556091,5.523748,5.320912,18.652058,-24.34897,-15.542706,3.206535,8.925588,10.421444,42.785702,1.63423,23.355503,13.304511,25.429152,18.88102,-4.405339,45.422798,29.766184,35.280544,20.093113,33.538147,38.724869,23.533981,30.663855,36.140175,13.381547,58.696686,-28.95347
-5.085351,-7.238962,15.6345,-17.337545,20.208132,17.37188,25.431404,-120.185852,9.44568,6.973953,17.07947,13.522498,4.351703,20.673109,-2.099323,9.805669,5.504642,-2.965335,10.532973,0.582458,1.761449,23.230938,-1.488201,3.263105,13.253909,14.857804,13.892423,15.48575,1.016955,21.361494,11.45621,18.102629,19.606997,9.692051,1.24176,32.643372,10.208225,15.996833,13.099343,1.090072,16.308088,15.462792,16.657316,0.733051,32.329651,15.940893,9.781132,16.279692,11.863645,23.702131,126.008453,25.545322,1.260558,0.593661,19.498384,1.929777,1.086384,8.785867,-4.016637,22.440002,1.000102
1.684183,0.292149,8.262474,1.94821,17.040899,8.667585,3.450063,1.891932,-0.046942,1.547993,-0.344042,2.708694,9.697121,1.189518,6.43635,3.402924,4.1865,3.301898,-5.910669,6.890625,-172.206116,9.243463,3.975361,4.126234,5.396454,-26.979055,-1.855009,2.563318,10.982585,4.492002,4.850251,2.679004,0.055768,8.588097,9.870906,2.507061,2.061857,-1.421023,2.832388,18.710789,1.97402,2.972931,-4.970261,5.211072,3.702109,2.698102,2.011178,3.851238,-2.166402,2.072984,-0.875677,10.089425,-54.019394,12.410612,1.695673,8.909935,4.347667,-1.721913,12.698515,8.654493,12.232305
-1.413757,-0.681505,7.295601,4.68269,6.224138,0.710649,-2.338952,-20.676981,-8.982034,-1.770217,-13.726213,3.293987,-0.469055,4.849074,-6.698427,-5.724231,-1.734776,2.828373,-1.315348,132.655289,6.624013,-3.67167,-0.864406,0.28234,-0.851116,6.361519,4.980347,1.694742,1.600791,-0.649657,14.061073,13.093564,-7.226082,-9.921073,1.572185,-0.407336,6.506583,8.109228,-11.148005,7.840171,-0.471862,-1.681906,6.406659,7.512074,-8.858561,-2.450062,4.113928,-5.399372,-10.380484,-2.109875,50.478588,17.977304,-27.567739,2.887094,4.771517,8.068542,9.59941,6.716728,2.42653,9.707497,14.331985
10.603213,-1.362057,9.953361,24.773932,6.717721,0.138237,-3.807045,-2.384643,10.044593,-20.282343,16.420845,-1.437019,-1.338356,-11.559633,36.175934,29.018845,-15.800676,0.543071,7.126765,93.102142,-1.134246,-14.353846,4.252437,-3.378616,22.493839,110.397308,4.784366,0.648938,-6.308991,-7.8576,22.986326,-1.303904,-1.287809,25.974981,6.759234,-0.739859,-1.701291,5.048977,-12.472942,-7.00766,-54.303558,-1.189363,3.797431,-36.109306,-1.632866,-1.796722,-6.13486,-1.189045,-14.171155,-2.857583,-0.868241,-0.968426,2.447641,-0.183174,-0.932791,1.501532,6.790478,-5.039931,-0.448399,-2.729188,160.870544
-0.649199,-6.893301,18.291338,-2.59814,18.954718,17.552135,7.568015,-1.065547,26.51404,18.113939,28.237076,19.107414,14.505126,15.558377,13.977631,15.842267,24.273699,14.842735,14.684173,11.536769,13.898258,11.90537,9.276358,20.449223,12.860005,14.276953,13.264423,2.621148,15.186863,5.168696,-6.625078,8.321683,16.619205,20.892046,13.193131,19.27309,2.461489,5.476978,13.664042,0.428002,9.413088,14.417689,10.712855,10.366717,14.299973,17.671782,9.916667,14.601665,11.263734,8.581351,11.958315,-4.432982,5.753757,11.809109,10.615605,15.681194,12.540895,10.679576,-7.603192,-0.998987,31.592094
-7.509899,-1.275703,22.598516,-1.925551,-14.447816,-2.694231,9.184587,6.96065,-7.946015,14.339762,13.343035,14.310737,18.357441,18.739574,7.846877,10.99533,-5.006724,10.260716,13.378633,-16.873388,15.715982,17.562941,10.57517,-6.108564,-7.770287,14.385893,17.003986,10.690674,-0.365465,12.099339,7.876367,12.861535,21.204281,27.414288,25.814524,0.155474,32.577126,12.28198,-5.59992,9.335663,7.361685,7.417676,4.201221,8.112718,9.758454,8.136973,16.509777,4.77311,-0.996467,9.780431,1.022453,4.782237,11.873991,5.548408,-2.77505,-1.413041,3.664991,22.069403,25.832672,12.570314,15.285369
4.444691,-6.669023,22.897902,4.016524,3.124727,7.65925,0.368551,5.02746,-12.158865,1.9986,-0.155854,5.338462,-4.260569,7.752255,-1.955995,3.552274,-1.123656,-5.686103,7.417041,1.314165,-3.307449,12.99371,3.178636,-1.853459,-5.567742,-0.674703,-0.017589,1.539404,-10.906958,-19.610561,-3.179388,6.976462,2.0637,3.714955,-1.087696,5.249533,2.320763,3.029509,5.260605,9.032809,4.537267,-2.817457,5.574133,3.783299,7.061071,5.71511,3.91692,-9.502228,-23.63146,1.180735,-16.123926,-5.167223,6.066121,-11.59026,11.460714,-14.20418,6.254019,-17.200768,5.156814,-1.584941,-1.507792
3.916705,-13.312469,-1.280893,-14.680857,-0.845016,6.989977,-1.112245,12.001297,14.649784,5.033477,-0.828528,1.127878,0.570589,-0.839215,14.177923,0.499792,-0.277438,-8.670163,7.985662,-4.806785,10.933578,0.184058,0.840712,3.015584,20.443254,-11.585215,-28.160419,-0.644804,-1.329045,9.361289,18.706501,3.510725,19.956278,-5.738587,61.726871,12.132721,3.550412,-6.236512,1.245984,1.754034,8.456908,13.258067,17.092901,-14.496073,6.218694,-1.097375,-1.448636,7.21322,2.896628,6.115862,1.257233,28.284422,4.420521,4.333074,8.041616,6.821294,-3.105455,16.160191,12.301374,10.490927,10.589213
19.084715,25.56646,8.728145,21.976086,5.596622,24.013613,-3.499808,-1.44767,8.875129,6.484557,10.563374,5.532161,2.533911,-2.170853,8.849988,3.716958,9.867504,-6.04347,1.525522,26.983063,-0.611619,6.571777,2.446389,7.082375,16.979944,12.679309,3.143979,15.319893,-3.690897,3.919456,0.866974,-0.318829,-1.976808,1.005348,14.006294,8.324912,-2.281327,14.488522,-8.260236,1.059752,11.867592,7.394211,23.0718,-0.589739,-6.010671,-10.942456,10.517744,6.930672,7.897097,11.975287,8.355192,0.048273,7.951466,78.904381,-0.035421,20.216032,21.228355,38.308079,17.803186,45.178249,18.98105
15.316674,2.427942,15.998095,5.784252,8.152733,1.799123,4.137227,5.537664,13.648787,5.784955,7.192629,-0.061117,-0.320949,-0.510755,6.626115,3.168366,11.237191,5.087508,3.960353,-7.26266,-7.236327,-0.689117,-0.447407,1.794921,-2.12404,-5.822701,2.040265,-8.620344,-1.031673,2.414768,4.150654,0.369797,6.28827,-4.103607,8.759102,11.216282,-10.517686,3.655182,2.103004,5.434767,-7.441858,1.328384,6.614978,-2.902272,-3.392241,-1.510356,2.682649,2.359241,6.442213,14.739214,18.005953,7.918951,4.532422,8.859822,26.943203,23.097891,19.407923,30.966497,21.998039,16.164331,15.35041
-12.68053,-21.747215,-7.301129,-22.542253,-12.300587,-3.715068,-1.105577,-12.543439,-2.633394,-13.127813,-16.91012,-18.575243,-1.611205,-0.32196,1.32859,-15.219857,-13.535835,-16.888712,-16.631943,0.010506,-69.415497,-6.6343,-6.909217,58.540543,-4.846584,-23.193054,2.48868,-14.180966,-8.992496,-6.165032,-1.631442,-3.596904,-1.363534,-11.078488,-84.249878,-13.03643,-1.182311,5.069051,3.24889,-17.806126,-13.807205,-12.166793,-11.972386,-10.714231,-12.217594,-8.027769,-7.918807,-14.48093,-2.975472,0.907647,-4.219169,-8.909332,0.102086,-16.233805,-11.749756,-0.764147,-18.912333,-10.955355,-9.639853,-19.708464,-2.506373
2.723592,16.141726,1.792827,26.246202,20.338995,15.582558,11.995988,5.069674,6.84129,4.759533,21.744762,33.303841,6.531535,-18.110641,15.285947,-10.07494,9.379227,3.180242,17.679949,8.178455,15.07073,15.88017,20.457529,30.266771,2.834956,4.269733,36.358238,19.921881,22.994205,1.540327,12.102685,29.361931,-7.574011,5.888666,8.043815,26.903114,24.067978,23.164797,18.038734,20.188255,25.669647,19.472876,23.327629,19.168507,12.190764,8.729458,18.054193,27.665966,26.925417,24.526625,14.355217,-36.94257,25.720654,27.588772,38.420193,26.502628,24.331772,32.506447,31.054937,23.033159,28.14053
25.470093,6.228413,13.154723,1.371044,4.861277,9.800859,15.423738,10.026936,16.342417,6.805476,9.303041,32.851883,3.459591,-13.155694,-0.393953,1.584501,9.780445,10.249386,-2.954126,11.449447,1.949172,-46.556252,-1.779364,15.645572,13.816021,-8.94997,42.294613,64.225143,-28.520758,-10.602372,-45.456898,1.111267,12.540268,15.991975,-23.400288,21.569319,2.848405,25.569197,4.787854,1.453133,0.980365,49.252609,-2.591245,35.779358,27.173546,1.97872,4.623579,-4.309475,16.486469,42.163372,22.867903,24.61941,5.645894,7.540677,26.552357,22.18108,4.393656,8.740575,12.140619,33.669529,16.568323
-38.599724,4.675882,11.38075,-15.42053,0.16918,2.954333,6.0505,8.484303,0.135438,-0.906051,-29.678535,-1.620822,-2.274459,39.765957,8.328523,-2.757795,-0.853506,17.437643,1.134674,-0.410619,-9.978282,1.142331,5.954769,-19.787945,0.21396,-5.641397,13.581078,15.898022,7.815579,8.182044,-4.469943,2.344053,-11.732079,-6.608002,8.194247,-0.47141,13.657304,-10.048147,-2.265238,-27.946117,0.055765,8.717216,4.249844,-34.606461,-15.984224,0.405623,4.179278,19.262329,-19.537197,4.362863,-9.400277,13.294452,1.60779,-7.172996,-13.058095,25.404903,3.67217,-27.047451,-1.119764,13.788772,-7.913385
-11.898867,-12.289582,-7.791809,-35.743126,-59.269901,-5.202824,-23.223438,-12.640969,-7.502596,-9.78101,172.586731,5.042855,0.706888,-9.25857,-5.520292,-7.385036,9.212224,-8.61492,3.357521,-4.254929,-15.854819,-37.77869,-7.939935,-36.632877,-9.550674,-0.37447,0.556036,-6.967913,-5.325667,2.63131,-5.561492,-11.22686,-52.098862,-0.326898,-3.760762,-59.3433,-2.275949,-9.943982,-4.075057,3.987986,1.792249,-16.841887,-15.531424,-9.773453,-42.846394,-1.537121,-34.894596,-29.895988,-9.917327,0.172866,8.490044,-31.400446,26.113958,7.869631,-12.361937,-3.585177,-0.909302,0.957781,-5.737219,-13.920113,-25.576721
-76.297256,5.804719,7.450133,-2.40042,-9.701273,3.599593,1.973392,-11.206556,15.898142,0.767813,-0.763648,-14.142395,-0.775932,8.364919,-6.244686,-21.391817,14.754558,14.606189,17.867081,54.37101,7.769405,25.027779,9.192001,-0.34142,12.892552,5.60839,-4.668899,-46.040131,31.188786,-11.796488,-5.139853,-36.078518,24.097874,15.413707,-5.641411,-42.033752,39.989285,-27.843214,15.374907,5.061254,-5.180461,-4.341478,28.111534,23.626333,13.735414,1.115996,9.765354,19.966772,16.144812,13.530627,19.45145,-12.367471,12.909781,10.499545,35.108059,22.189875,12.698187,22.473837,-11.978942,8.3418,-8.279079
32.13958,3.322121,4.364675,30.258844,35.313152,22.904795,-0.557967,33.876385,44.120174,-0.365931,-1.145072,-0.764535,19.76388,25.134558,23.259659,39.667145,32.170357,-2.054732,16.866556,-80.301422,7.55112,22.981653,20.478205,27.065706,29.018646,3.777112,25.085026,66.542252,-0.285577,12.812534,13.934027,38.227623,18.986675,27.384626,52.536858,-1.912367,0.219989,17.472109,-4.756259,15.810216,19.758926,17.7939,29.190008,5.620342,19.257074,19.53153,-2.106237,40.370762,20.513132,21.952971,21.791012,2.718611,16.190725,18.992153,11.988863,29.484127,17.648014,16.622545,25.703028,32.397789,-1.675916
-9.866242,-1.216374,-0.109267,157.244308,-38.333763,-19.562338,-7.907571,0.073957,-0.662528,2.043099,-1.753834,-5.575865,-0.647653,1.425521,-4.77327,6.118361,-17.312197,-2.978443,-0.10242,-6.969049,-33.825981,0.232784,-1.306939,3.10023,11.483669,-24.995054,-6.301355,-3.209498,-14.118958,-4.766368,3.278085,-0.713919,-1.562142,-1.436169,7.403122,3.802186,-0.324473,-5.528216,-22.992437,10.354213,3.994614,26.594643,4.882006,-5.706091,4.768761,-10.501429,-13.259541,-0.299864,-17.822086,-14.941331,-21.900757,8.472631,5.240374,-7.544078,25.542164,5.680224,-2.604987,7.179672,-1.094285,10.100657,0.792831
-11.368583,-14.666853,0.918178,155.054825,3.289545,-9.06992,-6.535938,-0.794667,-2.230555,-0.833279,-4.42868,-1.9508,-0.002175,-1.499144,-2.555179,5.457757,3.481854,-2.911057,-0.928263,-0.446757,-2.011227,-0.838216,0.19464,-0.007944,-10.139601,-13.618259,-21.891449,6.635953,-145.694733,-20.771858,1.321349,-3.102476,-2.029796,0.50415,-3.880075,-1.2365,1.553135,-4.842666,-1.268886,4.044605,0.413161,-3.050872,-6.710421,2.977789,3.499472,-15.994075,-156.993988,-5.413894,-9.992018,-10.27564,-4.14453,-6.009807,-9.363696,-11.367262,-155.419708,-23.300062,-0.375535,59.098972,4.732737,5.650783,7.047341
-5.519233,13.655313,27.046041,21.775814,5.19984,11.253897,5.464404,10.88052,9.805243,8.662455,10.378504,7.324257,8.381706,10.501804,12.452546,19.109478,9.666377,-1.891311,14.000682,13.930841,10.996317,7.352846,9.908266,11.344891,13.653553,12.996536,12.602378,11.900492,10.641459,6.51245,4.921796,14.249626,7.565163,12.632915,14.954909,20.988939,23.503716,4.327142,7.085567,12.828348,14.549304,11.784742,9.539733,11.915354,-6.772267,14.607593,0.858555,18.030233,-0.544877,8.839603,15.598188,8.464888,17.696806,12.140308,7.315959,16.34285,13.118891,7.214597,6.62809,0.253337,8.477484
-13.089307,7.643144,14.650066,13.378905,15.049641,-162.278488,-2.003078,12.118704,21.939049,3.770674,3.819487,2.71075,1.987602,-45.918217,1.001699,15.709617,30.235678,-10.718784,-2.803868,15.476345,11.416476,-14.93369,8.750814,9.381367,0.578096,-0.30303,7.526205,7.399189,12.636291,-1.198444,-0.127173,13.116389,4.982092,-32.662712,0.397461,14.932452,14.455023,2.990705,1.614066,13.426661,9.838284,13.394429,-0.291766,4.343098,19.381144,2.779101,5.133578,10.910466,-2.473089,5.112866,-1.306578,3.503587,-0.627309,8.262018,6.980589,-7.960639,2.074451,3.721811,16.365086,13.868824,9.61539
14.351587,-0.135726,9.661642,10.523557,9.444021,2.848944,12.10855,-0.119865,15.226849,9.761426,7.645704,1.40102,13.821417,3.719431,9.405967,10.155673,-20.155745,-15.363076,1.77158,5.431318,8.769396,6.167763,7.794549,12.522829,7.234713,13.920986,6.186864,13.442387,8.183346,4.478062,12.264921,-3.311242,6.170989,-1.370617,2.943656,2.261749,-4.034229,-7.861452,5.462748,-9.859488,-13.119817,-1.097893,-5.994835,-1.473579,-12.253236,4.589456,9.520116,-10.153274,-3.238713,-10.64734,3.139751,4.09184,6.874859,-0.424759,-10.446572,6.212228,-13.268064,-14.491131,-21.348854,-2.014973,10.892495
-11.552048,-6.438667,0.525431,-4.906334,22.654999,0.115833,-2.001825,3.062969,-3.398918,-1.201907,6.277245,-11.128482,-1.494529,-15.648587,6.470491,-10.802522,-0.3893,-12.849571,-1.494616,3.722402,-8.226758,10.482366,2.878321,3.927571,12.644356,-3.086099,-6.708036,5.597285,-9.803062,5.478893,-9.000629,-7.973479,8.210957,0.431023,-25.795204,-11.142966,9.53976,-14.498767,-38.336494,-7.550933,-3.281341,-10.661787,-6.434213,-6.180983,-2.387765,-4.421215,3.430439,0.317078,-5.106069,5.705004,0.600494,8.328988,-2.869077,3.135648,0.027703,-11.304363,-0.192053,6.888519,-20.402462,9.473345,-21.735121
-8.853001,-8.215322,-43.884796,-10.733389,-7.365376,-11.803903,-4.422214,1.392312,1.529347,-1.372328,-4.401715,-3.59635,-17.016459,-4.454709,-0.907226,-12.232789,3.83627,0.254503,-10.955011,0.133015,-13.252565,-19.560894,4.266462,9.273344,-7.276592,-4.091251,-12.18395,-7.622028,-5.842818,7.524712,-11.431341,-3.280951,-24.530424,0.254458,7.74053,-8.759983,-14.825612,-3.996078,-14.600687,-20.296926,-17.880482,-7.967313,1.767033,3.91613,0.224503,-0.745112,4.33687,10.250478,-6.146363,3.467437,-4.708858,-3.367579,-17.042078,-7.708033,-22.563633,-17.3592,-7.40055,21.653255,-1.399697,-11.989261,-7.929461
-0.403666,-14.108918,0.413812,-6.199848,-12.266394,-4.648043,10.159363,0.987886,-21.0532,18.516142,3.586401,-10.686536,-3.929144,8.856429,-1.011786,2.949667,-10.427812,3.912313,-9.364004,-14.561487,-6.477639,1.218046,-6.244993,3.288314,1.865601,2.925828,-8.843562,-9.766505,2.226479,-10.225057,3.970075,-6.597749,-7.212616,-12.653126,1.077696,-6.292686,-3.697269,-16.036289,-5.204998,-23.162178,-27.378565,-2.885169,-13.463737,2.157938,-13.835358,-6.268293,-8.687757,10.232537,-3.734724,-22.652107,-8.460017,-10.051797,-10.860531,-1.97279,-2.006536,-0.361627,-7.413075,13.057637,-20.845589,-3.6265,-2.907695
-2.880204,-19.979753,6.517179,-33.431252,3.601146,0.248831,-113.317818,2.864496,10.983556,1.441081,-8.153913,-61.416466,14.41075,2.747839,0.73913,4.176861,-4.199416,-6.836662,8.406053,-8.824124,4.399815,8.01574,-0.172133,-17.727171,12.826031,3.796796,-6.825575,-107.208557,0.936858,-10.742609,7.103819,-10.396454,-2.535813,2.369669,-3.941351,-1.671927,3.647797,-2.983734,1.953315,-6.804946,-3.530513,-9.130485,0.933482,6.637817,0.003428,-20.592133,2.323796,1.728938,-2.403912,7.833025,1.899762,1.042665,-19.894003,9.634518,5.537057,-29.194199,-6.275149,2.783872,-1.926745,15.060143,-0.705849
-12.906405,-16.273319,2.190936,10.688767,-5.602983,-13.435713,12.69734,11.271085,-1.223815,-0.726806,3.921151,-5.69929,-0.90604,4.41211,0.730538,1.397424,-8.419933,-4.099719,16.105213,-5.696004,2.59505,-11.99282,-1.66986,3.380944,1.466554,-1.213691,-48.900398,-7.816968,-1.969665,-8.119775,-3.697226,24.014597,4.291063,-0.254223,-5.047497,-12.509555,-10.988356,0.02236,-17.096184,2.788071,-8.064315,-2.006267,-4.507099,-0.455018,-1.343898,5.104984,-7.828284,4.237363,8.47683,-0.413047,7.834563,-9.075952,-13.146895,-2.027404,-2.67846,0.366122,-1.642089,-6.811293,-8.70348,-4.20818,-0.319843
-15.333182,-12.155671,-5.578573,-7.148366,-25.254635,8.159536,-6.114988,-2.905163,-16.702858,-25.829948,-3.738006,-5.626924,6.949361,13.674341,2.988614,-3.225852,3.214933,0.174879,1.227752,-21.133934,-16.156048,6.269994,3.745001,-6.688982,-4.78454,-2.91538,7.623461,5.033176,-11.814612,-0.726175,5.720892,-8.805717,-1.990353,11.82926,-6.204299,1.877079,-1.850042,-5.433352,5.133909,-9.695539,1.012314,6.153749,-1.755458,17.025206,14.469889,3.295565,2.055906,2.163874,-3.505356,-0.433576,9.595136,-3.035626,10.64788,-6.272317,3.786936,-3.979158,-18.877064,5.010362,2.01204,-9.594562,4.411334
-19.291101,-25.378714,-0.036745,8.535687,9.579552,6.713073,-8.946148,-2.486838,-2.524309,0.423603,-8.597157,-2.966684,-10.475895,5.575984,-3.327376,2.809664,-7.312654,-10.366009,-55.865433,5.935389,-4.650654,2.450714,12.091006,0.798973,18.41683,-19.895355,-8.783087,43.475044,-0.692143,-2.933872,2.251692,-2.288948,4.774751,4.730068,-16.030951,-2.492356,9.810874,8.709189,2.939324,-2.069547,9.406208,-15.342118,11.112867,1.10586,9.078291,-6.479496,1.982046,-6.489531,6.1999,-7.090442,8.355208,-3.68861,8.553136,-36.367218,-4.54597,-3.990632,-3.536751,-4.225844,3.072119,5.514647,1.483429
-15.130877,-11.96386,1.701422,-3.780946,-0.563543,-11.264638,-12.512574,-14.166249,14.522888,16.864914,39.416679,-2.452407,-6.100832,-14.715137,11.098918,-4.462084,-12.723419,0.835066,-9.127875,3.123203,-1.809018,-30.106266,4.280335,-2.929858,-5.798253,1.281734,0.964255,-4.886049,-7.043393,-6.597174,-11.13419,-3.818452,-1.38578,-5.006193,-13.662915,6.324296,9.080807,3.146285,2.403113,-6.883054,-2.973606,4.478637,3.01486,-0.972435,-19.519951,-14.417981,-21.047642,-6.194987,2.96544,-8.463578,4.393984,-7.824273,-7.375844,-8.341125,-0.844454,2.358435,-6.562323,-8.089782,-9.057981,12.503958,-23.11174
-15.197024,5.020065,-10.139797,-4.237262,4.087987,-4.123883,-13.871737,-0.305171,-1.36945,-38.463833,18.207277,5.316906,-1.198751,-24.297749,-0.238957,17.234718,-9.300076,0.753332,-17.038073,-6.72683,-2.235978,-3.117579,1.77096,-9.590347,-50.639004,-13.233173,-5.852442,-0.013853,-29.774435,-20.033695,-6.535824,-2.530714,-12.212751,-63.027393,-7.61189,-11.287672,-4.62882,-16.346338,2.950762,-11.2216,8.368238,-4.206312,-6.614422,-2.749664,-20.963364,7.007333,0.884943,-2.582261,-0.777523,-4.282293,-30.620247,-2.624759,-2.443074,-1.649202,14.907274,4.623092,4.974261,10.456889,25.417503,-20.754953,19.967518
-0.104288,-3.142626,-3.961971,-15.191341,0.509089,10.393359,5.887357,-8.058284,7.452847,-142.218872,-0.319259,-5.202981,5.784111,20.181049,10.187185,-1.434884,173.75621,-143.283478,-9.783507,-5.79204,9.061979,1.847361,2.128093,-11.295698,-2.883563,-9.651947,-11.594796,-3.288018,-10.870991,0.378493,29.473085,1.385426,-3.846886,-7.843918,7.342472,0.800761,4.620797,-8.729446,-8.611049,1.778005,5.899365,-7.070573,15.683455,4.362487,0.261018,-6.413138,-4.870157,4.659842,-27.312937,-11.523344,-100.010361,2.056566,20.419767,1.035568,-5.146912,34.682129,6.404324,7.006069,2.895314,7.091044,-8.397984
-8.172474,-12.270398,-2.39919,-0.790482,7.363606,-3.640581,-0.263643,-3.519818,0.698124,1.165642,1.037031,-5.114717,-15.298147,14.522386,4.621907,6.589399,-12.334251,-13.603074,-11.346397,7.360522,-8.626209,33.221497,-18.636847,-2.167557,-5.649712,8.200891,-6.816519,12.339785,4.490796,5.584448,-3.165374,11.763745,-17.595366,3.216156,11.379393,7.823782,-3.595153,3.089966,-14.389899,-10.727392,-13.284456,-7.338487,10.561161,18.604668,-2.639464,-41.457394,9.9677,-28.072735,6.11039,0.775057,-7.683026,-4.074436,10.742958,-1.692741,-0.576343,10.382493,-14.603542,-3.714911,-2.64226,5.463501,-6.97908
1.209929,-14.347419,0.115035,3.526839,-3.332292,-2.681417,62.234989,-5.065622,9.024681,4.466204,5.68342,-0.219703,-6.901134,-15.605261,-12.99896,8.485123,-8.144651,-12.121102,-12.425763,5.675862,-50.803539,6.259205,-10.877197,-34.616325,14.77715,-5.017622,-13.573377,-5.021729,-17.377312,-11.202756,-18.978334,-2.139497,155.575775,-6.530859,-3.155188,-7.079727,-1.117518,-0.495148,-16.066919,0.980045,3.494906,0.183504,-16.203205,125.535698,22.559448,-20.717033,-4.537327,5.26816,-11.144751,-14.992867,-10.373672,8.276398,40.797306,-1.362592,2.430421,-20.827496,2.005642,2.341254,11.110939,-23.975946,-27.138193
66.640892,-9.549129,-8.753719,1.153122,0.804679,11.603526,4.056466,20.324018,4.298691,8.260874,2.303753,-15.847723,1.480972,-5.012921,2.815946,0.377234,7.278152,5.231877,-0.934736,8.558179,14.576696,44.050808,3.572186,-0.1079,2.602431,-16.023571,-19.319557,-0.718485,-7.352928,1.106912,5.89292,17.000937,10.558276,5.509279,12.921508,12.958229,-22.417934,9.129781,-7.398343,3.95322,9.416374,-25.737087,7.234471,8.744273,-1.196449,-13.086141,0.610556,14.699397,13.479976,-2.322655,-3.814698,5.294398,-1.258865,11.173535,1.212421,10.63815,19.857418,-4.977782,9.559697,-3.871553,-12.531692
-3.557002,9.596081,16.145515,0.969288,3.129875,-20.372288,-8.26596,9.722347,0.157279,67.105621,41.188793,24.307495,-31.952305,10.731012,-100.315948,18.886444,2.276809,2.688202,1.576779,17.977848,19.714436,11.578755,21.257523,-12.661903,8.849129,-154.826599,10.035671,1.168279,4.367036,-1.076113,49.702152,15.789251,39.581673,8.367104,1.431027,34.205494,18.310087,4.677611,2.448092,13.1617,12.492598,10.851344,-9.873921,31.683126,10.296926,4.497814,0.101316,48.556103,-52.506275,-74.113037,-86.895226,20.417511,34.153622,169.06488,-2.21928,-14.872597,20.656069,-4.21762,-30.182587,5.405988,20.376457
-10.984795,9.018978,12.5251,9.542354,-3.932677,12.019341,20.069424,-5.122956,7.277155,16.619057,5.096768,1.879985,16.475061,6.957261,16.301598,13.963518,1.509339,35.457241,11.49264,11.721798,-7.241009,18.496756,6.016505,-12.764091,15.424635,8.921711,-8.522629,8.656348,18.205391,-15.107492,24.041101,17.198572,-13.907841,8.684459,9.702289,6.309751,17.275534,8.03049,-19.965855,-4.934226,16.1458,2.510297,-12.712301,20.110079,4.152132,14.412265,13.488652,13.145128,-15.485355,-9.119216,15.478372,-14.043208,-8.215151,10.943135,-14.242553,-2.837167,14.580552,5.646267,-2.900189,-10.984293,12.154938
-4.1361,6.586403,0.460556,14.932624,-5.399396,1.401312,-0.697461,-7.932772,-6.463887,13.343399,5.645462,-6.331483,-17.568901,-15.637215,-0.04217,6.498958,-15.248266,-122.957077,9.664608,1.429948,62.741619,-9.164434,-1.635307,3.979772,1.415236,-4.502788,-10.513988,2.7326,-15.79324,-0.130942,3.132277,20.680227,-24.150248,9.815593,-1.808679,-18.538633,-7.21183,8.824979,-6.419731,-2.589799,-16.586836,-6.125891,-45.146179,153.47641,62.82906,-177.178986,1.437782,-14.349229,12.034875,23.161049,-0.377347,-15.355935,-77.957581,-101.418549,164.45842,-172.064377,-23.138258,2.226111,0.49295,-126.897583,-172.529282
16.547428,-1.436266,13.169658,8.227713,-10.902559,-5.551767,9.064794,-8.75575,-13.06972,-9.937699,13.621685,-27.025057,-2.744987,-18.505978,-2.289204,-26.559521,-3.16566,0.545849,-32.487644,-4.691434,0.062085,11.94648,-8.50608,-5.200217,3.317343,-5.378085,0.848094,1.381902,4.85673,-7.890445,3.799013,10.742844,-4.174318,-124.08432,-12.612549,-1.678435,5.732154,7.031822,-2.112947,-6.850746,1.365877,0.010324,13.57011,-19.005375,-0.137371,11.945541,-6.018455,-11.407851,-5.843416,7.68789,-5.323648,-3.471525,-2.100775,1.026018,-14.811974,-11.980689,1.19702,-1.065853,0.783451,0.063087,-7.475892
27.482103,-3.637337,-6.653504,-6.106588,5.894347,-1.742312,-3.875474,-2.805596,0.439624,-9.354187,-5.132184,-4.559265,-3.884059,-3.83522,14.017962,11.383705,-5.106413,-1.957911,0.629938,41.971718,-6.085731,2.370529,-4.796227,5.692014,-4.488799,6.545034,-0.502684,15.534582,4.542227,-1.203312,-28.032345,-6.002392,5.063498,-3.368761,-0.989066,6.482213,2.938654,5.688684,-2.407576,2.052766,8.414588,-7.466805,3.092459,0.77665,31.547493,-6.581223,1.23889,0.443334,8.990331,51.139172,-0.720387,5.394543,4.033558,0.237271,8.179177,1.500269,5.3502,5.101301,-2.705848,2.681641,33.123688
14.964783,17.391546,-1.418603,-56.082432,-1.394577,22.13789,12.142829,57.199047,-10.64447,16.168915,-2.89175,-2.51984,-1.413047,-2.889179,8.638482,-11.237341,5.905579,-144.058014,2.255165,-27.022179,-5.232522,22.654636,-5.911881,158.114731,-159.478378,-17.740311,14.869942,7.135876,13.439949,-5.316752,-6.486183,8.855679,71.767677,-3.049037,11.811636,-1.922763,-3.521296,5.709163,57.977829,10.316793,12.286593,-4.494759,179.416077,12.821114,-2.765536,-11.357723,16.337442,-7.039067,28.313425,-12.496964,-3.993853,7.521935,-26.071487,75.342346,6.455737,-0.614837,48.211811,-39.701424,-3.702131,16.234777,-13.411732
-13.114818,-5.607033,-13.061634,11.432282,-10.728638,-2.495424,-4.25899,-1.043658,-2.17392,-4.519388,-2.379861,-7.687788,-8.531672,0.057148,-15.876643,-27.156683,1.525937,-27.738285,3.868,-10.593773,-5.289533,-5.32862,-1.763629,-12.423248,0.879303,1.733284,-1.462254,-4.964284,-19.224216,2.053548,-10.215163,-15.031896,1.633553,-3.453895,-1.743306,-2.222369,7.017571,-5.710973,-7.447759,-3.813285,-6.05391,-9.445082,-9.756015,-1.18766,-0.386919,-1.986723,-9.729676,-1.213983,-1.144596,-30.150116,-1.608177,-4.559761,3.834775,0.092167,-2.207533,-14.943979,0.800881,-1.488307,-15.131413,-4.939404,-5.179671
0.548086,-8.815747,-8.021849,1.250024,12.078702,-1.906952,0.020025,7.572314,23.960085,-8.954419,1.424955,1.477188,-1.193945,-2.424581,5.539735,3.666942,2.161081,-3.070345,3.871683,5.762312,4.716061,-5.344846,5.102104,2.960438,13.984399,-5.344199,-5.640359,2.477857,8.213157,2.633036,-0.049781,4.255109,4.64633,11.54258,0.31117,2.488537,2.132329,6.960075,-0.444849,6.974376,5.850744,10.590248,0.753399,-3.613703,8.093081,13.626852,-4.200335,-7.494605,4.154736,-3.818063,1.467971,9.724416,1.344584,-3.201076,-8.502383,7.142691,1.455142,1.216931,3.946182,-4.336466,7.523187
-2.52795,-5.839019,-0.25362,12.82783,4.921913,-3.248744,6.406208,20.961136,-2.577147,2.738476,-5.49717,-16.803335,16.300869,1.910256,28.701435,-7.425809,-14.279954,11.275599,5.076027,-8.63329,-25.765196,-5.544481,-5.251455,0.007926,-25.774042,-0.403007,-3.043377,-26.475883,-16.863314,-0.363371,3.035077,-19.373226,-6.08649,14.211149,-54.044556,-4.382828,5.135189,0.241092,-4.579286,-3.582903,1.313085,-0.360276,-10.640402,-11.253229,-20.793062,-4.58827,-4.00899,-4.874481,-4.415006,1.656868,-29.244173,0.641151,7.27548,-4.759861,3.536942,-9.293994,1.984758,12.946881,10.525508,1.464798,1.184948
-4.044536,-1.282229,5.92136,2.22532,1.09187,2.660668,2.767112,-11.122398,-12.131278,3.537194,4.415764,-2.158887,4.592914,7.689364,-0.233872,0.746764,-9.981977,4.962667,2.114136,4.265847,1.689969,-1.809767,-3.703111,5.444914,5.126298,-4.138735,-7.63176,14.387353,4.139294,-4.825668,3.515111,6.723525,0.356504,6.9216,-2.765551,0.515092,4.258925,1.499825,-7.477157,46.4716,8.706764,-0.387623,-0.920296,-3.26547,-10.205522,1.36842,11.812166,0.562621,6.852082,-0.627926,-12.501713,-35.57365,12.161189,-0.774742,-0.599905,6.474006,-0.221395,0.097627,6.972283,-4.328278,-4.116435
18.402037,-3.759124,25.074751,-35.554726,17.267351,9.992588,27.227732,14.938259,6.720828,-6.60283,1.353346,7.282045,5.241442,15.419459,-3.143603,-0.671405,1.508399,-6.937609,-1.482683,-7.409403,7.320144,5.509789,13.081872,-16.618998,-9.355539,-4.010086,-10.070508,16.673717,7.912134,21.331268,-18.768904,-2.929366,-17.143791,4.16467,1.086469,9.216192,-14.576344,-7.52419,-2.643971,-0.071799,-12.167518,9.820728,22.460533,-11.53611,-12.847794,-9.339618,5.463841,21.806189,19.346527,-13.422655,-14.243357,6.777109,13.470629,25.327198,-3.601835,-9.816134,-0.110888,9.393513,-11.442772,-0.523808,1.476196
-1.054321,-5.11865,-0.647979,13.745396,14.692123,11.414508,-0.866313,-1.141895,-10.766827,-12.000303,-3.200065,-4.874156,15.022559,15.168284,13.966886,12.716226,18.427563,9.660293,5.533274,4.778037,-9.067938,-10.107226,-6.24134,4.956239,-5.121899,-5.789917,-6.410672,7.649413,25.063601,14.69958,-3.045774,-5.145998,-8.241776,-5.923779,-1.69735,-5.592305,-3.375825,10.065563,10.572293,9.671856,2.90187,0.779472,-0.654486,-5.575004,-4.00714,-10.707797,-8.482266,-12.935624,0.306221,-6.113949,-2.861185,-2.949548,1.819635,1.525238,5.802961,11.898381,10.733928,8.41642,6.78874,0.6853,-8.512993
9.625852,3.904202,27.817345,-3.382707,15.41376,-3.979145,12.973402,-7.849633,0.633558,14.927178,11.517991,1.365413,-4.216543,-9.189299,0.851472,13.753023,-0.208442,-6.333057,-4.217633,0.137584,-5.620898,-6.525519,10.215661,12.289371,-7.359282,8.905855,-7.138699,9.683656,13.888878,18.401344,1.510949,11.296586,4.547409,19.443855,-10.566657,13.541553,3.083977,18.509834,1.252061,22.368544,-4.349369,2.283084,-2.014054,18.183424,-1.26036,9.182415,15.62058,-7.880071,22.73263,-0.160235,18.702995,6.52213,20.973995,8.855423,16.85977,5.288823,7.726049,0.023437,8.337909,-3.067491,8.586594
-5.516857,2.123176,-1.590518,0.408246,-0.026192,-1.169254,18.745457,-1.213861,-1.825629,0.598965,-0.372148,10.574008,-0.669498,-0.119265,-2.723225,5.022105,-6.466653,1.248504,0.836,3.484852,3.332639,-2.050196,-2.201973,3.089908,0.441561,0.217293,3.906344,9.195501,-2.537526,0.59863,172.545914,-4.051503,7.552346,9.10007,0.080942,0.022066,3.091459,-2.86704,0.05613,2.885648,4.741164,6.316505,2.739532,0.009653,2.782366,3.476541,4.024843,-0.418513,7.816728,2.130466,-0.085643,1.735337,-15.416238,12.019036,-2.717188,20.557339,5.14262,21.022247,-7.709023,4.967432,10.52459
-6.84648,-2.833314,4.206788,8.358219,3.533401,14.03777,-3.033112,12.315622,2.207765,2.236682,-8.778022,5.209513,16.097691,11.350235,21.811672,15.542253,-10.325754,6.73992,-0.062093,2.079571,-11.249003,4.546033,8.592896,9.983637,8.490627,3.572184,2.68118,3.337537,3.154079,-4.514297,0.63224,11.108483,4.886765,34.686657,8.655608,17.381191,20.031147,5.582383,17.431633,4.985994,-1.697557,3.416475,12.46295,13.760036,19.270216,3.02921,13.006418,15.61313,5.496778,0.331271,3.40697,5.50895,9.132452,16.750668,18.275084,16.337803,2.525875,7.311639,24.665459,8.826858,2.901512
-6.596667,43.6315,1.765681,23.054672,17.000059,9.297697,0.736016,5.93991,15.628981,11.435489,-41.860596,0.079182,-28.380861,19.217583,134.205429,-14.288779,14.388714,-13.499732,3.302804,-10.226944,46.035362,71.691635,-140.47583,-12.984591,111.460495,1.055846,1.433019,2.462397,6.046176,-0.090131,-177.86673,1.033133,84.898071,3.340259,1.272749,4.861405,-0.801595,-0.808285,-13.625377,7.700754,12.085199,30.018324,1.696182,2.405428,-0.376889,35.812679,-0.756004,-12.214694,-32.968552,4.803428,4.690244,14.150243,15.975656,9.560708,-8.122652,26.113487,-3.004438,-1.994551,10.096718,-18.294519,3.333444
-2.11245,5.478503,1.664602,13.187092,0.742119,2.642143,1.459081,10.25501,-4.566158,-8.694715,-5.133471,1.982792,4.071416,-5.236209,-3.538826,-7.834262,3.276598,2.722421,-7.094126,-0.634646,7.588211,7.715837,-3.669018,-10.167546,8.210279,8.484197,10.82853,13.439985,9.655639,8.581718,7.131226,5.391358,-31.156929,10.510043,32.976444,2.150253,-2.334949,4.611258,12.124743,-6.909233,-3.928227,-25.847603,-17.594709,-3.307822,-7.755398,-7.225541,-8.482263,-11.898191,1.26517,-7.457437,-8.1279,-15.868435,-0.175417,-5.834276,-3.456012,-1.927149,-1.984539,-7.957669,-6.212886,-8.25658,-9.66284
-3.779185,-21.331327,-29.827963,0.160881,-9.746854,-7.052108,-0.990727,-2.090314,7.722693,-4.270268,-1.6658,14.329103,2.134387,-10.593484,0.792929,4.720077,0.906715,8.147644,-5.712551,-1.645463,-1.06193,-4.706026,7.870737,11.959394,-16.567858,-6.704823,-22.308884,-20.344515,-0.343576,-164.792709,-2.355591,2.399909,-1.931935,1.810465,-2.966086,0.559608,39.058907,0.069528,-13.923277,-15.157925,37.816265,-0.391339,-0.795574,-1.226712,2.255998,0.181244,-1.768994,-1.419364,8.372141,-28.529524,-23.069586,-6.990459,-24.127422,-13.854298,-13.072593,6.051896,-2.158031,2.5397,-2.597068,0.420765,10.324301
-3.062027,-20.137892,7.65949,-4.682349,5.924909,6.769578,7.979492,3.299406,18.810404,22.618555,12.268535,18.554092,5.239099,2.163877,-7.756435,-6.082253,-4.756921,-10.843086,3.591002,1.569334,1.878069,-17.863504,5.531368,-7.122653,-1.360598,11.730739,-3.839978,2.865925,-10.071703,1.01428,4.826642,-24.889091,-3.053383,-3.108402,-2.177221,-0.874443,-0.720949,0.483486,-1.398649,-0.162492,6.351157,13.129657,1.880316,6.884809,7.689862,2.163665,10.775407,2.70008,-0.452675,0.818942,1.064706,7.114787,3.329861,3.273107,4.599014,1.557739,3.040082,0.339991,2.083345,4.809206,-2.618707
-5.805485,-6.159285,5.071414,8.548644,33.146233,-0.038279,-7.271629,-13.943346,-9.744407,0.014332,13.293685,-0.307153,-15.27082,-8.330156,-10.565836,-6.029825,38.616699,-1.964427,-19.831125,-12.191977,-0.900671,54.299347,20.784294,1.063466,-5.6211,-6.133181,-1.067912,-3.446432,-0.291599,20.00502,2.630598,-0.202369,-2.902164,-0.790336,-5.999444,2.114506,27.232365,2.690763,1.038248,-13.99472,-2.271458,-4.202474,-7.171397,6.81017,18.995501,9.468944,-11.790008,-9.882214,108.869591,11.235539,1.481259,-10.827053,-3.463248,-10.005083,-5.725228,23.157974,3.224491,173.371033,-18.157042,-10.062035,0.450927
