-25.608997,-8.211024,-45.5779,-30.723034,-7.825496,-13.885251,-50.696632,-11.571213,-40.749672,-29.391165,-4.312,-41.460514,7.701534,-48.807079,2.472427,-13.422381,-17.857561,8.284662,-12.586614,-11.23119,-10.193632,-32.969833,1.363298,-37.450787,-0.649471,-12.676773,-38.424187,-0.823842,-42.591209,-8.738687,-10.103705,-11.798017,-7.92616,-34.628353,6.571613,-26.260544,7.477675,-23.560383,-5.546684,-4.755579,-23.110558,3.96143,-15.434342,-31.53578,3.610498,-18.905602,-27.666237,3.61867,-41.120331,-3.948787,11.880546,-49.2244,-2.585229,-47.581959,0.067186,-20.274357,-17.776354,12.703748,-27.673922,0.679531,3.341733
-39.13604,-43.376556,-40.380932,-34.919918,-51.513763,-46.092525,-42.944962,-45.091702,-32.875935,-61.194344,-46.123734,-43.96093,-39.264168,-22.224735,-31.259373,-19.29738,-42.199272,-23.786072,-40.094467,-56.968296,-45.476437,-48.329758,-41.311741,-38.553413,-39.476265,-43.566132,-39.775528,-42.49292,-40.63496,-44.31422,-40.109081,-41.625996,-46.708214,-40.45998,-60.087116,-50.084412,-67.65757,-48.694443,-41.351952,-42.593006,-42.67598,-44.598988,-48.675831,-55.090603,-48.383583,-30.443169,-38.512547,-42.366905,-42.484638,-47.152378,-45.239159,-34.204716,-31.831413,-12.407536,-35.619354,-55.688587,-56.345047,-54.584068,-42.536617,-37.638699,-42.005779
-36.088715,-29.071932,-31.866285,-31.434006,-32.664707,-37.277824,-36.374016,-42.773357,-37.132832,-34.250664,-33.532555,-36.212513,-37.702293,-39.894875,-33.644035,-38.954739,-48.432808,-35.533516,-27.545088,-31.365889,-39.115177,-27.959677,-34.007179,-32.814377,-34.835903,-21.27035,-36.272129,-33.635906,-94.626984,-48.692715,-40.346821,-31.875616,-28.5721,-35.745895,-31.184017,-31.170494,-32.009335,-22.755129,-25.524689,-42.677032,-37.720768,-21.744415,-30.987196,-31.263094,-16.901165,-33.502041,-37.449287,-39.737602,-37.989491,-27.835939,-35.118282,-21.412649,-43.925396,-28.300943,-35.282314,-28.806961,-39.042881,-45.69072,-34.351688,-39.531284,-37.369297
-129.595245,-134.22879,-139.562241,-138.964905,-112.678749,-137.338058,-110.975006,-139.171509,-118.175934,-118.192139,-143.031738,-79.300438,-144.831055,-134.302322,-120.147316,-132.799744,-126.161041,-138.134644,-107.790283,-139.000656,-119.562737,-132.432327,-103.981514,-148.484573,-103.584755,-146.288895,-99.810249,-109.238564,-130.817764,-113.151909,-115.953949,-119.171722,-122.764427,-105.117607,-119.417252,-105.668152,-125.359299,-133.931152,-122.069046,-93.038895,-122.917603,-114.890953,-104.120667,-125.670197,-120.633438,-102.868332,-129.716202,-120.075699,-114.393097,-93.759995,-139.264328,-108.998802,-127.788948,-114.511787,-111.696182,-103.363495,-97.404716,-106.573235,-126.044876,-94.118782,-129.051605
-21.263157,-10.164362,-29.367865,-2.606741,-22.752348,-21.38796,-12.051959,-4.712407,-41.736023,-14.413516,-37.425411,-21.962292,5.329286,-52.585884,-44.130741,-19.346123,-47.644318,-41.029961,-1.991866,-44.863632,-30.123985,-37.322243,-13.746628,-10.82482,19.754225,-43.162029,15.655612,-30.161692,7.308675,-26.602638,2.939318,-10.038449,-28.643663,6.134863,3.825385,-15.567299,5.489688,27.871241,-24.973322,-10.183645,-27.025518,-0.110158,3.91111,0.846506,-5.091145,5.967582,17.925488,1.089643,-10.916395,6.126653,-17.95755,-13.266082,16.422188,3.17622,-8.997022,4.896047,-22.175995,5.445504,-26.372175,-16.221241,-1.017285
-42.927898,-43.210426,-21.50984,-35.279449,-31.677565,-39.226921,-44.488522,-45.364353,-39.206276,-45.276363,-41.671509,-42.41016,-45.108585,-57.725502,-41.45636,-39.936531,-36.502319,-37.387871,-46.122032,-36.604488,-25.379318,-36.665466,-39.189548,-31.256329,-33.683441,-30.044243,-43.647839,-48.941292,-31.751665,-43.579945,-34.558826,-38.289173,-44.030582,-26.490685,-35.115459,-30.801548,-34.113697,-42.683987,-34.594917,-28.914528,-34.422138,-28.490885,-42.699623,-37.35191,-43.930248,-50.508179,-44.288609,-39.754433,-37.277451,-44.01358,-33.672005,-39.72823,-40.828049,-40.608871,-44.191212,-33.802818,-41.755001,-40.196495,-36.926815,-42.721176,-33.828667
-35.179031,-46.981865,-43.182316,-45.209148,-30.588354,-32.429565,-25.530844,-35.694817,-34.001205,-39.190163,-35.592991,-30.598757,-44.584908,-33.57803,-30.304399,-30.098473,-28.618675,-33.185863,-30.560793,-32.327507,-18.890373,-33.227688,-29.142675,-32.334248,-31.602551,-26.339426,-35.956253,-38.037605,-28.855238,-34.035648,-33.948925,-28.445538,-31.314209,-32.105717,-35.559277,-30.23621,-33.920956,-24.916595,-30.664169,-23.058531,-27.267141,-26.335653,-32.182014,-28.556517,-27.939056,-33.663738,-31.920275,-28.925182,-30.169886,-32.831608,-25.749105,-27.576731,-28.413355,-32.160522,-27.436956,-31.455978,-32.164356,-39.998489,-28.738506,-27.982235,-35.327148
-52.058212,-46.883003,-34.002449,-21.73444,15.560039,-22.611223,-30.399574,-29.744474,-33.327572,-33.603153,-33.693832,-31.46349,-33.086006,-35.80912,-31.952145,-31.446547,-38.947994,-42.064472,-33.848705,-33.446045,-36.479214,-33.486103,-32.894531,-29.565247,-37.834972,-28.232819,-34.727699,-31.875868,-39.630039,-31.004589,-27.345276,-18.933706,-27.325397,-28.210585,-37.312313,-27.836126,-32.961746,-31.291145,-39.190578,-32.64782,-30.922195,-32.720158,-27.80015,-35.19508,-35.466473,-38.457169,-40.787815,-32.143055,-26.227552,-33.695671,-27.479794,-25.153765,-26.501257,-22.847691,-28.537779,-23.29878,-19.284439,-34.853905,-30.044548,-34.222698,-28.083363
-52.896286,-28.776318,-15.048969,-16.468695,-15.54305,-31.280054,-51.726242,-39.142185,-5.94458,-22.165071,-7.36031,-28.780939,-27.573034,-31.350988,-26.345177,-31.332031,-18.072855,-8.515779,-1.253949,-6.036436,-18.337999,-35.437599,-31.176115,-22.430239,-14.314943,-28.97649,-26.950258,-21.06337,-19.60091,-27.313606,-18.444593,-23.828339,-24.742573,-0.666213,-20.3862,-13.714074,-26.302107,-20.916624,-26.754433,-15.409778,-19.573118,-25.116228,-24.978716,-16.14834,-29.718067,-18.940948,-13.997281,-19.108572,-8.295895,-14.147969,-7.819182,-18.799885,-16.065838,-34.031384,-3.651593,-17.018167,-13.451961,-17.02672,-0.362767,-22.260897,-17.385067
-57.78265,-55.299744,-0.969209,-6.478052,-6.087806,-6.408246,-1.349283,1.161459,-8.72572,-9.067164,-2.173849,10.746095,8.303265,-6.427808,6.614937,-12.18585,-2.283787,23.31139,11.973726,7.487195,15.953806,19.245808,15.824676,4.071273,6.444057,3.044773,-5.390415,12.911215,4.088295,17.38744,28.421022,12.275612,8.56313,7.495033,19.93716,20.507786,-4.861067,9.574994,-16.413286,9.673871,13.92262,-7.530546,-0.405867,-7.863066,-1.509621,1.549984,12.38954,29.531317,21.136942,4.457566,16.989792,-13.987461,-21.515009,3.497328,4.983344,-3.861193,0.043403,-14.395906,1.81718,-11.956415,17.862402
-46.327,-58.603653,-23.334656,-31.201124,-55.473022,-53.405689,-23.02566,-20.741854,-22.007004,-53.775951,-49.164421,-67.980247,-60.29129,-59.267895,-50.845085,-30.515882,-36.843513,-19.539715,-25.422121,-29.67238,-15.90586,-20.001179,-33.212341,-40.215878,-51.744331,-36.122906,-34.569626,-50.115314,-49.190643,-56.445328,-81.658348,-69.86367,-62.845131,-71.34523,-62.12553,-63.346161,-44.474743,-29.715227,-22.586655,-34.808781,-27.331585,-47.154747,-48.897472,-37.909485,-39.141701,-66.030975,-51.706894,-14.439942,-46.740067,-45.028297,-40.231865,-34.04554,-37.13052,-33.402981,-21.59543,-40.473682,-31.872883,-29.457731,-24.874876,-22.240194,-56.786705
-39.771023,-43.921589,-43.750454,-27.02809,-54.580231,-41.618446,-14.351392,-55.36504,-67.706245,-13.530689,-22.463352,-67.735062,-24.117037,-16.210802,-51.272972,-51.378952,-17.598106,-3.862023,-29.369417,-44.749886,-15.725177,-14.48914,-37.759731,-51.225945,-50.088276,-25.1605,-12.914653,-13.335294,-49.187145,-48.081589,-22.104229,-10.974442,-43.087357,-56.113007,-31.592802,-17.475979,-3.170094,-3.007821,-36.206573,-44.635616,-48.385529,-44.661274,-26.596786,-8.245225,-11.359613,-45.445427,-45.596684,-46.256371,-28.385429,-5.12074,-10.550047,-24.615889,-37.255207,-8.915945,-30.390692,-59.703175,-18.008183,4.143684,-7.238928,-60.85239,-31.093132
-32.350266,-25.942108,-38.445137,-27.631035,-34.752544,-28.571928,-18.48494,-27.701509,-25.281534,-34.66362,-32.926571,-31.234943,-31.241346,-32.874115,-33.070202,-30.578207,-38.119793,-21.291624,-25.929441,-27.276106,-30.179724,-36.22411,-55.844559,-30.429541,-28.488363,-29.490984,-33.228603,-27.924984,-37.291927,-25.368149,-19.43062,-23.790176,-30.260857,-21.651722,-17.327608,-20.962999,-35.64917,-27.037968,-15.817072,-22.103884,-21.753576,-27.823376,-27.260509,-26.770842,-19.108686,-33.811615,-26.791811,-29.125973,-24.409306,-20.801964,-20.544209,-25.697714,-24.586637,-27.281038,-25.304884,-25.639656,-28.235905,-23.617079,-24.961323,-30.5261,-28.512272
-38.299534,-36.057121,-36.265152,-37.05452,-37.200916,-37.207813,-32.961826,-36.253445,-32.146893,-32.611259,-33.673141,-36.011848,-31.727234,-33.83107,-35.790192,-34.315968,-36.348263,-24.627979,-31.132818,-25.581219,-4.382879,-12.894726,-4.688443,-11.913929,-13.658537,-8.872604,-11.050321,-17.2684,-20.162809,-30.598221,-25.895403,-25.695934,-28.355686,-28.88265,-28.122789,-30.319958,-28.625515,-21.568834,-16.720766,-17.614265,-24.818291,-22.337574,-25.739422,-37.116276,-26.842087,-29.759674,-27.040705,-27.690722,-26.168789,-22.032139,-14.508757,-14.10288,-16.757965,-22.014698,-19.478432,-19.16991,-23.470417,-18.195337,-32.639168,-27.679722,-29.056137
-15.156373,13.298299,-17.351164,16.415979,-6.502247,36.155491,-9.781183,6.695446,-27.541149,26.891327,-18.88343,21.332289,-13.027043,30.949987,5.949565,32.383156,15.56853,1.566402,6.70243,11.844268,25.191008,14.888171,-1.200612,-9.1681,16.248739,-4.493856,5.311685,-22.187729,6.030754,-11.971115,-4.904687,-11.00026,3.638467,14.543559,32.773483,3.436748,23.119762,5.871959,4.075015,15.332675,-11.389122,37.168285,-1.475757,26.083351,18.051558,-1.442449,47.247272,-5.432168,24.45075,13.288041,14.620514,19.363827,34.166916,0.447505,27.195379,-4.518785,7.821951,-11.414311,16.302668,-17.765139,-1.442018
-19.991442,4.676043,21.836246,-5.845981,22.050497,-13.077647,5.002022,-11.712182,-12.916622,11.550582,-13.296213,4.359105,21.117622,-3.132608,-9.600418,11.642063,-10.738632,10.77064,3.497486,4.206388,4.248483,7.412598,14.217918,-10.233448,18.363028,-0.01029,1.527968,13.020669,-12.806137,0.882988,-12.174258,2.756965,8.314097,12.077013,-1.107195,3.681676,7.454225,-9.534903,2.511306,-6.482142,17.337393,0.092807,23.065123,-13.348284,11.401164,-12.264234,3.404586,-10.388755,4.047906,16.464996,-21.153021,8.92625,-12.776971,8.577923,-8.104234,5.085996,-5.065944,-4.942715,9.101877,-17.377916,15.047586
-41.832333,-42.620247,-36.013332,-36.528976,-30.426628,-46.554588,-46.533405,-38.623962,-36.799866,-45.539146,-40.354034,-34.966122,-38.699783,-20.884804,-23.946632,-14.116096,-20.84725,-17.726583,-22.032795,-23.467127,-22.893528,-20.637882,-16.942099,-14.72734,-17.882502,-33.324863,-52.503571,-64.626045,-36.224583,-66.088341,-42.124878,-74.961746,-32.197704,-78.72818,-33.474136,-42.666321,-126.563705,-79.647102,73.403702,73.460152,18.660219,35.622845,44.156181,10.252725,-38.709202,-33.545341,-33.620068,-37.889397,-37.781265,-37.583031,-25.469988,-57.040073,-40.69239,-52.200302,-35.61792,-84.137039,-40.789246,-32.629223,-81.194359,-81.595108,39.249882
3.381187,-10.392322,-2.203068,-19.239977,-10.993896,-26.987185,16.350464,-1.046087,-0.669532,10.025195,-5.232102,-7.094145,7.71411,-15.519552,-15.245767,7.179811,-14.388115,-4.698994,-26.179209,-8.601379,-5.317251,-4.466794,-16.486242,-8.037186,-17.910978,-8.010268,-3.284836,18.236534,-7.351718,12.234049,-14.177,-7.288795,-5.325249,-15.19464,-5.670568,-8.573571,-20.746881,-9.052287,-5.676048,-7.391094,-10.241374,-10.266298,-5.12506,-4.731603,7.886081,4.265142,-20.656931,25.394653,-10.658198,-4.78947,-7.740223,-9.64083,1.635866,-11.072517,0.892316,-20.922237,28.649139,7.31757,-10.202441,-15.849864,-15.451208
0.28881,5.592885,25.55633,24.444574,-8.780594,24.858603,22.454739,-2.274014,33.718342,35.537178,8.73912,6.472387,2.423988,9.754404,-3.405749,2.55034,16.378036,3.508731,16.805311,42.39518,13.650161,3.386784,2.905864,44.399895,5.586174,22.678057,22.790628,-8.257957,-3.361112,2.793907,4.887717,-32.341526,2.204257,-5.767158,-6.467644,11.26697,14.863267,13.298261,-2.470676,32.861153,32.903343,-1.061477,-25.132156,5.418055,23.401878,-23.163485,0.788332,3.495598,6.369919,32.50882,-18.996809,-19.438526,13.255113,31.978174,12.023431,-2.951998,-1.249246,5.226923,21.597158,5.697663,-22.169836
14.364525,-29.966564,2.72811,-3.634993,-23.353241,-24.441889,-30.403286,-13.994359,-5.571193,-12.111985,14.382043,17.290449,-8.504248,-28.118917,-11.361531,3.000922,-5.15485,-11.29427,17.79422,20.273411,-30.509056,-8.645632,6.375048,11.324709,11.639317,-39.452423,-17.429329,-5.915663,-9.879745,1.047657,-9.339725,1.74599,-4.514096,-4.512549,-7.078097,11.753245,1.429003,23.535198,-23.559916,-5.403748,8.917273,7.280572,-9.764319,8.746657,-0.146892,-6.359838,6.35969,10.999125,-21.155012,-10.665155,14.302543,-3.489541,-14.506087,2.081683,-0.003199,-3.940718,7.629772,-28.972956,-3.389109,-23.738905,-25.221745
-18.520575,-28.753126,-4.367616,-2.651858,-8.070354,-23.988747,-17.078985,-22.911346,-48.176533,-40.966022,-32.813972,-48.772778,-19.908073,-10.288016,-12.829214,-14.461109,-45.518665,-38.684719,-37.215763,-20.590588,-18.504227,-17.99394,-8.520652,-29.935616,-17.515493,-42.692066,-21.936674,-20.523705,13.206312,5.690964,-17.754683,-23.542816,-33.340588,-26.907444,-25.111435,-40.538601,-17.27887,-15.991863,-38.706013,-31.541288,-42.833279,-33.136185,-37.291397,-33.071804,-16.648212,-16.863108,-25.523159,-25.680387,-9.722614,-22.301195,-27.361135,-25.973402,-41.047806,-21.360092,-24.3986,-24.314131,-27.25922,-13.018802,-20.742531,-38.552143,-44.59964
30.971838,-7.075748,28.569263,-5.088476,20.025597,-15.178407,16.990166,-20.918526,30.87405,13.388943,-27.434307,21.122473,-9.494758,20.583569,-27.59553,16.043339,10.663308,-16.839247,12.989594,-14.900315,27.201794,-28.402149,8.002831,10.657441,-21.824472,6.351293,-6.812593,19.246239,-31.6029,13.32821,-11.989713,6.855948,22.023829,-31.985247,13.850726,-12.612467,16.476244,-9.558388,9.928255,10.537276,-13.751,4.144738,-11.526113,15.079026,-20.572338,5.760544,7.026639,23.636778,1.893699,12.610308,31.712866,4.256769,18.316309,-28.158449,-3.702368,-27.446947,0.976213,-24.802855,14.589003,-28.590504,0.844168
-2.538511,-27.424379,-28.584364,-27.806112,-19.900286,-24.411272,-44.477596,-38.129406,-34.543446,3.885891,-23.00738,-39.345741,-29.366859,-18.518366,-31.011251,-11.895004,-31.997377,-29.959267,-4.570777,-32.574089,-30.561275,-12.323112,-40.011192,-26.109692,0.62555,-31.840761,-41.128601,-23.058355,-14.251632,-43.991707,-25.529869,-6.834205,-38.380024,-27.811579,-6.880859,-5.806889,-18.897493,-37.409035,-38.029015,-15.520753,-31.632809,-42.1614,-38.070717,-23.53825,-36.634869,-40.549877,-31.780252,-34.017746,-37.489368,-49.922436,-38.222839,-22.857485,-36.602631,-49.460339,-24.810143,-20.947666,-40.353638,-55.336243,-43.686371,-25.714199,-31.202869
-38.57526,-31.908178,-41.572773,-49.730503,-50.343174,-34.343582,-44.320286,-49.174801,-50.532806,-45.111855,-50.589222,-57.581158,-44.153637,-34.287735,-43.494789,-51.045826,-32.470905,-37.553806,-50.375034,-36.58886,-40.503654,-44.618954,-47.598026,-19.365385,-50.998501,-52.605076,-15.87275,-45.412289,-45.601532,-37.603874,-19.729408,-29.384735,-46.336853,-32.165516,-17.619102,-35.752357,-47.430149,-35.646236,-19.701591,-36.403019,-42.827843,-46.187153,-27.180117,-42.700249,-40.828175,-42.881187,-19.472776,-36.079929,-36.830704,-28.051933,-35.298531,-46.346443,-25.631903,-37.899376,-53.957947,-37.608608,-36.041927,-47.763588,-39.603935,-43.407471,-44.090767
-52.632862,-47.323811,-31.303522,-21.318743,-49.142281,-32.839584,-39.466522,-41.275566,-29.621449,-33.666691,-32.526543,-37.911705,-26.948545,-27.961336,-45.982483,-28.621881,-47.233185,-35.398327,-43.595734,-42.917759,-29.34379,-45.140415,-33.215141,-41.55323,-34.564045,-50.634621,-24.139772,-52.159771,-32.257908,-44.00499,-22.306177,-34.849342,-29.862257,-28.473547,-41.114437,-27.86718,-43.897179,-31.608589,-54.095753,-31.811552,-55.486443,-35.404202,-55.314995,-32.202457,-61.756516,-21.677486,-45.413044,-12.764499,-44.386513,-17.563906,-38.457977,-34.655315,-48.551655,-29.630354,-53.888329,-32.480362,-28.626173,-40.021664,-51.396152,-41.727554,-26.954329
-38.028877,-53.884857,-41.868584,-31.339996,-72.487152,-39.304367,-32.092705,-64.743942,-29.99777,-53.827801,-33.407516,-35.337719,-56.80204,-34.88998,-56.843613,-47.522133,-26.508295,-46.259117,-33.841469,-50.707668,-48.334763,-33.279106,-47.079895,-33.585835,-37.196434,-66.979782,-50.381939,-42.892899,-41.220081,-29.995682,-50.275936,-39.481438,-40.709122,-51.773247,-30.211132,-49.886631,-32.992863,-54.397614,-48.084179,-50.834816,-35.600552,-25.482378,-57.285164,-39.894272,-26.318483,-68.88147,-39.046162,-64.729492,-32.503021,-40.131042,-27.1161,-49.374565,-36.241722,-28.162603,-36.227261,-29.909491,-46.369186,-29.814442,-44.154926,-29.603373,-46.595097
-69.340919,-55.996754,-30.898001,-41.693214,-63.449078,-29.364981,-31.925213,-40.542614,-32.19886,-48.221592,-41.464745,-30.407234,-75.45504,-34.538979,-41.061932,-48.859085,-37.94825,-60.981876,-36.172031,-59.465343,-52.528767,-32.876289,-56.170311,-40.069237,-33.841702,-52.176876,-55.572212,-32.68409,-35.76556,-40.373886,-83.893692,-39.409687,-30.209124,-48.46405,-73.674332,-49.142349,-34.84153,-53.86824,-69.724464,-28.511364,-35.823238,-75.598557,-30.10533,-32.427063,-76.282143,-40.490963,-31.211756,-58.269859,-36.340096,-31.403992,-62.755493,-62.281696,-32.486271,-38.579819,-69.766983,-41.476543,-30.663944,-43.481209,-70.658638,-46.484337,-33.025261
-33.668209,2.0789,2.409125,-4.197248,-3.103556,-9.821764,-9.227695,-18.467173,-17.977816,-26.768948,-11.396329,-7.153886,-21.913538,-32.352829,-23.034407,-13.173926,-28.997234,-22.528063,-28.943289,-24.29093,-26.167778,-25.306316,-11.018755,-12.949471,-15.150185,-17.007565,1.826129,-14.439394,-10.567478,-29.156853,-32.553432,-33.093616,-27.04908,-26.344204,-20.384127,-20.88081,-28.312155,-16.979921,-18.247688,-22.669039,-28.016905,-29.754305,-27.900873,-23.588379,-10.555251,-14.753438,-11.797208,-22.831705,-27.099176,-23.344893,-30.830044,-24.486277,-24.197845,-17.720182,4.024266,-4.98748,-17.591425,-12.612161,-0.721016,-7.678241,-15.014012
-29.30085,-31.345394,-20.373524,-23.364222,-24.96102,-24.537985,-27.912796,-27.923737,-29.237534,-21.812685,-25.019455,-24.634201,-31.121426,-28.969906,-24.656317,-35.977856,-18.505692,-35.957851,-21.797718,-26.921646,-24.586908,-31.273462,-26.846525,-37.208744,-33.505772,-31.608105,-29.021734,-15.855975,2.681929,-17.146299,-27.468275,-31.418037,-32.084728,-31.10795,-31.407648,-15.387344,-17.637825,-12.204185,-20.31671,-15.692477,-20.207825,-14.810379,-17.124533,-12.832543,-23.089031,-14.485091,-20.631674,-26.290171,-24.907381,-21.632153,-21.554804,-28.094522,-25.498917,-18.00766,-18.638317,-22.600721,-11.919062,-16.261618,-19.836861,-23.245361,-21.132334
-3.26815,-0.129439,-22.565687,-6.357768,-2.441252,-7.490253,-11.03284,0.953773,0.826347,-9.460776,-1.936269,5.840003,-4.221123,-4.597093,-20.816637,-3.359109,-2.48153,-19.070686,-16.837387,-5.980863,-20.042572,-13.40053,-20.601671,-17.354126,-9.401243,1.494015,-3.211845,-20.179703,-18.605909,-23.811651,-17.245125,-6.052849,-5.478537,-5.307154,-7.664714,-15.188486,-9.963838,-9.918591,-4.587157,-16.128809,-18.462599,-14.822219,-14.951539,-3.673634,-12.432847,-15.893652,-14.068857,-13.820041,-16.163292,-10.442077,-2.943642,0.105296,0.785571,0.144816,-0.846969,-5.72471,-8.740355,2.908951,9.643003,8.681293,3.230548
-9.853971,-28.899326,-22.474642,-13.812239,-18.090712,-24.624199,-23.198397,-21.371605,-15.171047,-21.611631,-24.637129,-17.216007,-12.459822,-23.785944,-27.25346,-24.825079,-25.166994,-8.40906,-27.654518,-25.785486,-22.305115,-21.288164,-26.736116,-19.440111,-33.065556,-29.656973,-22.283327,-25.243622,-26.379047,-19.093185,-17.935045,-23.456495,-28.049294,-27.783054,-5.133361,-11.127913,-23.278992,-11.14109,-11.899535,-22.876755,-9.83816,-20.107937,-29.490879,-15.803549,-9.376948,-12.55035,-22.059883,-19.640558,-8.37898,-23.910713,-24.486162,-20.095528,-18.012516,-26.445438,-24.820595,-23.078766,-26.709286,-12.467809,-38.918015,-17.532885,-23.71216
-16.168104,-23.460238,-19.107855,50.684925,-9.221279,-8.838613,-11.304018,-0.29922,-19.140802,-23.61072,-18.084431,-25.423044,-1.437036,-4.257786,-23.839014,-32.529072,-10.343498,-7.157525,-30.517841,-29.022751,-28.093163,-13.934266,-4.59868,-2.186242,-11.109741,-30.795654,-1.788115,1.929829,-33.018353,-8.463169,-2.383944,-19.751326,-23.324682,-2.921852,-9.773904,-14.94626,-23.315619,-18.408312,-16.671041,-42.839985,-24.873575,-15.564502,-9.676862,-27.037117,-17.309841,-25.671869,-7.716206,-49.503281,-26.404953,9.121708,-18.498142,-12.678316,-4.390257,-8.186934,-7.315263,-2.930389,-8.054255,-10.011209,-14.802547,-15.017207,-7.271984
-9.578855,-8.835775,-17.419598,-19.324486,-19.923756,-14.321423,11.01795,12.245341,1.236652,20.876074,24.647219,13.974415,20.37676,-6.186216,-11.455762,-21.025967,-4.976456,-19.112593,9.628941,-0.995784,-17.539831,-9.397572,-7.268659,-19.035707,-7.044519,-17.467197,-20.574308,-20.683468,-18.347683,-18.807564,2.958816,9.526393,0.850246,-0.91471,11.665829,10.490162,1.36153,-0.333159,4.262492,13.444448,1.901799,-6.50392,-0.817538,3.781664,0.332297,5.723543,0.017432,-15.766397,-17.694458,-16.458038,-13.977488,-6.82511,-11.275031,-9.254535,-8.891191,-18.292759,-0.303094,6.269851,6.482788,6.363999,8.462419
-13.870129,-9.27208,-1.929366,-1.218413,-4.720893,-15.639117,-23.877087,-14.13604,-11.664146,-8.760272,-6.58025,2.985293,1.316671,9.832461,-5.735224,-2.625794,-6.757231,-4.798968,-3.728629,-1.158724,-3.519659,-9.217713,-9.916942,0.552708,-3.247551,-7.423338,-6.53427,-11.442294,-11.396318,-9.729933,-16.936447,-16.82782,-22.862944,-10.91928,-11.267809,-9.326605,-12.192427,-22.248713,-29.254042,-8.427505,-12.459845,-8.326814,-11.031633,-6.975921,-13.544006,-11.65812,-8.258016,-7.122579,-7.264479,-8.650776,-12.572786,-10.244653,-8.872088,-11.717835,-6.472113,-7.282296,-10.229989,-12.037543,-12.164431,-12.138841,-10.806547
-17.042152,-10.560382,-6.698843,-2.279151,-1.663736,-3.60381,-3.648765,-1.535779,2.657742,0.353418,-3.084915,-12.691948,-3.509776,-6.537629,-12.353737,5.320262,-3.041668,-17.183994,-14.876748,-11.419744,-13.655884,-3.109912,-12.101831,-7.492729,-7.727095,11.739842,-1.970392,-8.298095,-0.339828,2.047236,-0.442821,-13.978024,-9.619877,2.870661,-9.59205,-8.18297,-6.006945,-5.51734,0.216694,-8.389144,-1.178669,-3.103796,-4.184798,-5.183627,-9.64777,-8.776485,-6.468021,-14.027372,-7.449725,-2.989632,-6.095637,-5.724634,-7.198532,-4.477604,-3.167983,-11.379719,-9.652425,-0.607598,0.012277,-0.690707,-1.918671
-19.175474,-26.299026,13.363488,-8.482862,5.649199,-5.372657,-14.972304,-0.415497,3.471925,-48.446964,13.625444,-44.610939,0.258454,-23.50112,8.279365,-43.420921,11.126782,-44.931904,22.995567,-3.926821,16.385319,-46.445644,3.713484,-50.588863,15.791788,-6.539791,15.974478,-21.752054,20.782595,-13.695758,13.72244,4.272792,0.924055,18.346613,-51.491066,-15.469856,6.460477,-29.028471,1.247584,-61.965466,18.31559,1.14329,-51.703011,13.982835,-25.767326,-7.150298,15.672867,-45.209793,9.24251,-12.865888,-18.050499,36.178745,-43.400204,15.015414,-38.073204,9.44916,-7.466414,0.503593,8.05607,-38.695518,23.793171
-17.867474,-32.796432,-17.56782,-50.865555,44.645626,0.035498,-43.72287,48.093708,-49.658993,52.062672,-2.206748,-47.206394,31.827023,54.274734,-37.841015,2.708522,45.259365,-41.172237,33.35112,21.93399,-18.209927,67.204086,-25.725309,-3.26211,20.984955,49.987022,-20.963787,34.494305,-8.295139,29.736229,32.20417,-16.019432,50.822327,-5.9081,-29.07003,36.538609,-45.557915,39.277607,-36.892399,50.157097,-1.769802,43.182079,-30.130854,20.531332,18.131725,-17.330225,50.616238,-7.198673,42.842522,-38.117489,32.226395,-16.26354,40.940247,-8.419097,27.384329,9.012136,32.375004,-43.967052,19.011517,-3.369561,10.6648
54.558964,55.356514,63.452862,74.707993,63.053864,-17.700211,13.986203,12.347816,66.024971,75.233345,57.778477,30.745073,18.495996,10.802918,23.974068,59.707241,71.53093,57.896118,25.032198,23.580156,22.094265,52.648602,72.617485,56.219711,14.781049,-4.515041,49.966797,70.950287,77.479881,57.789417,-147.364822,12.818891,48.549007,69.450142,73.809006,24.415949,13.531742,21.557665,72.698715,45.525131,7.016932,14.725828,-167.096069,56.480293,69.721558,26.211761,-0.960532,-30.378927,82.174133,21.402367,-6.916629,10.359894,-33.912853,70.021996,66.512573,52.667507,11.290989,32.337864,33.917198,46.189987,36.406448
8.748431,31.622841,20.764864,18.310181,26.240824,35.101871,29.913136,29.929941,22.887943,37.136719,19.930695,30.98542,36.884441,25.821379,19.14529,27.171762,33.314087,20.82476,25.950401,40.939991,31.521265,27.264996,23.306946,29.070999,49.74535,33.47208,31.55965,17.262512,26.296991,27.24024,33.081387,52.820011,34.580143,22.40519,21.645041,11.453082,20.822601,23.093994,35.472996,50.56813,43.404289,48.604733,38.921368,11.921611,5.586105,8.771489,25.071447,20.438656,33.432774,46.181992,40.588188,38.98735,20.933969,17.178007,30.151388,33.113594,51.516445,47.292995,43.780972,32.198711,10.248506
-21.188301,13.372789,-17.495596,-26.907007,-1.64224,1.545842,-18.278999,-30.16246,11.305832,17.637856,-14.260342,-23.022274,-3.602323,9.943012,15.624558,-3.717533,-7.460306,-8.954882,-11.565392,6.913145,-11.974816,-4.618128,-6.659122,8.906913,22.833544,-5.930987,-8.024373,-10.096272,18.972763,-7.613266,17.633801,20.222841,4.736184,-9.026463,-9.611958,-4.868834,-20.754387,-15.060905,6.954832,5.979229,-2.750961,-20.679487,-17.510864,-7.736198,0.356566,2.024315,-7.281474,-12.072029,-6.536348,12.344921,5.605245,-10.285605,-17.948372,5.721131,16.351967,-12.326239,-6.595169,-4.809525,16.089834,-3.690125,-4.501754
-26.381954,-8.50481,2.549518,-9.220202,-3.846419,-1.581718,-22.650093,-5.207857,-7.683988,-27.646864,-24.689745,-1.812798,-1.097668,18.724529,9.869355,5.45226,5.219648,6.949558,4.955187,-16.698397,-36.258038,-25.959967,-12.408731,6.775942,7.559631,5.756469,12.601512,12.916202,-0.793578,-2.075153,-13.629338,-29.805304,-25.843241,-41.194256,-2.555728,10.591071,6.159374,-7.048558,-24.717873,-26.420753,-26.726866,-23.965162,-44.165112,-38.373348,-21.527536,-25.194918,-6.522655,-41.304359,-35.576771,-20.487198,-27.617788,-33.802567,-42.288002,-34.861961,-35.702095,-26.550583,-19.911018,-0.759517,-5.081275,7.140688,14.120194
-2.119277,15.91355,30.196507,14.538589,25.227377,13.58403,15.853378,22.620506,11.690544,26.195684,15.153749,16.053019,22.674719,11.896965,14.197093,10.98763,10.688707,29.766932,12.056658,19.701752,7.03346,16.569487,3.50648,18.798639,11.037373,13.806237,27.294151,8.65823,18.28697,4.520384,17.487968,12.837945,11.948121,7.294601,17.446583,17.936028,11.994947,25.557108,2.623494,21.848253,9.476415,10.86625,26.049316,-0.613252,11.188024,24.645056,-0.462953,14.033838,17.513126,33.021343,12.538957,32.839523,9.033706,18.82305,41.2103,-0.618343,7.808075,17.918348,1.071807,4.444503,27.269009
-8.019389,-8.779679,-6.359873,1.766791,9.506172,18.157553,21.743311,13.115135,15.154416,6.391511,6.884709,10.004051,-38.589417,-4.089736,-6.906888,-5.059316,-1.511768,-14.963141,-1.231168,-2.00743,8.645695,4.329979,-2.757656,18.444304,13.917819,-8.982688,-9.040686,-14.634268,10.708626,10.652516,18.985611,10.075768,-24.035488,-2.153089,-27.208067,6.923454,-28.263111,26.301535,52.096867,4.961787,3.268061,-4.474581,-17.85626,18.938751,13.343947,45.296669,7.305626,6.186531,10.950474,-9.887438,6.334615,14.89903,17.812756,34.673195,-33.337997,26.006618,32.167679,22.923479,38.568455,38.767906,26.98354
-23.597719,-38.34034,20.494255,66.514114,-30.771358,-41.664471,55.713459,18.266193,36.700935,81.260895,-27.165241,49.392593,0.610232,19.756346,25.233717,52.689758,-17.74077,-35.352146,-18.359293,15.025916,10.999065,23.763548,31.760082,-13.382406,-23.626354,43.38818,21.423347,53.649815,27.474836,24.76425,27.310257,29.549042,63.385578,37.506302,27.930908,11.504673,8.64077,48.743179,62.151203,24.528908,-27.251432,-18.188627,56.881664,30.893045,-28.043648,-4.829558,-2.316658,12.114089,46.428749,34.593693,8.443685,15.556293,13.214126,20.415901,27.637297,51.856663,42.504551,40.576508,21.394705,-19.529671,53.30027
-18.945436,-3.817041,24.953888,-27.54318,21.340132,-9.968285,-6.995092,28.616922,-20.118019,28.933516,-18.573727,18.003029,-32.766991,12.303192,-48.252773,-11.041835,24.778524,-25.802248,32.811531,-28.132586,12.896722,-63.266617,-35.723061,-10.898771,21.386375,-40.517677,12.810258,-35.104145,3.164887,26.543524,-27.287294,19.994226,13.933969,-5.193747,-62.599865,-28.379999,21.783701,-33.296165,3.041765,23.922314,-7.753987,11.405953,-22.020992,28.832502,-32.270699,10.367244,-57.154697,-14.823988,26.591627,-29.02059,8.670559,-45.406693,-26.255997,13.259842,-3.642035,-12.035498,-50.935631,-23.264446,19.230398,-24.917011,7.08881
-47.491848,-21.41703,-18.533209,-45.481033,-31.578892,-17.633127,-41.599464,-28.282495,-35.239548,-43.369194,-33.101223,-21.445917,-43.772228,-21.290031,-58.400993,-46.120068,-20.302969,8.50429,-46.317043,-23.182579,-44.676777,-38.324219,-26.617592,-45.047531,-36.617382,-17.161604,-43.203964,-33.630409,-28.72797,-42.690525,-43.051086,-27.081022,-45.706795,-38.979836,-26.967596,-39.17963,-44.857231,-23.556274,-44.368397,-43.346275,-31.586206,-25.875357,-40.021259,-44.085445,-20.014803,-29.134504,-42.855602,-44.458557,-19.872862,-23.094425,-43.804195,-38.658165,-19.490446,-28.956289,-41.474934,-27.445961,-27.851761,-53.544086,-41.520065,-32.08519,-30.781944
-23.779264,-2.911687,-2.822233,-29.293446,-18.613527,-0.777252,-16.042015,-25.646761,-7.020916,-6.561947,-26.327646,-23.894478,-7.94763,-7.357075,-27.420156,2.626028,0.328667,-31.613354,-14.917671,-19.336504,-32.067589,-11.663369,-17.624392,-33.2062,-24.710382,8.880465,-35.570801,-22.875431,-24.036362,-30.326818,-24.347071,-28.030567,-35.944817,-23.223589,-6.054303,-30.277925,-28.962379,-2.017845,-34.662201,-20.668608,3.504667,-31.670437,-19.044172,-8.302682,-20.379467,-30.177187,-16.454105,-26.744005,-34.196281,-22.505957,-28.734186,-36.069046,-3.035355,-35.078133,-20.245558,-28.014635,-31.832159,-23.883043,-28.728975,-33.985691,-33.522903
-24.58135,-24.676682,-31.708864,-7.847097,-15.523032,-35.661602,-32.141827,-28.768299,-0.745881,-9.867908,-17.433531,-28.842356,-28.985441,-28.408838,-4.09098,-10.579736,-25.422541,-30.006998,-23.362059,-27.399275,-20.440666,-6.231637,-7.956524,-21.253056,-29.01652,-15.700612,-27.783646,-2.725863,-0.972228,-32.97633,-28.840883,-24.860781,-15.018085,-20.83206,1.195578,2.236577,-37.125668,-26.700621,-16.426022,-18.975384,-11.067856,-3.823111,-6.842837,-27.052374,-20.430099,-24.976519,-14.495835,-2.937747,2.384698,-36.034939,-21.886789,-19.96315,-27.771734,6.187669,-4.331219,0.524442,-25.236046,-15.780213,-16.302847,-13.20213,0.482445
-50.419033,-50.664326,-25.653248,-25.427988,-27.510046,-50.252323,-49.629749,-30.578512,-21.221001,-29.042337,-52.29501,-13.855927,-20.680387,-19.944262,-28.189051,-47.458965,-44.25333,-26.322187,-25.148836,-50.430962,-52.22834,-21.355145,-35.246288,-51.899155,-51.910149,-29.365753,-31.221325,-48.133137,-49.645119,-36.488918,-39.881981,-50.535645,-20.664675,-20.414885,-35.120575,-46.530212,-27.064579,-26.555069,-38.264835,-49.759235,-33.495167,-21.100758,-43.660248,-50.526371,-29.355951,-36.982307,-46.951515,-50.508793,-29.545527,-26.171331,-40.932091,-52.537121,-51.817963,-33.521866,-45.001995,-52.151497,-36.913723,-34.765244,-50.837791,-50.159973,-29.554684
-35.232708,-20.478783,-28.693953,-32.073879,-31.425728,-13.588849,-36.847466,-30.470749,-18.966509,-32.289074,-32.242245,-14.528663,-31.195833,-31.389364,-18.212212,-26.874588,-23.433407,-18.335958,-31.526146,-28.675673,-11.733493,-31.593248,-26.850075,-18.091167,-32.237225,-17.550734,-30.554277,-30.741312,-14.092399,-30.908993,-33.740421,-22.860229,-26.812811,-31.437288,-15.867944,-28.350243,-32.33881,-5.488446,-31.882793,-29.571165,-19.493612,-26.633986,-25.987812,-24.175774,-14.968354,-24.177158,-26.235794,-14.478806,-20.469923,-29.834997,-24.950182,-18.33313,-22.469082,-16.802351,-15.977325,-26.039608,-21.454659,-21.982325,-19.965973,-21.145237,-25.48115
-29.563129,-33.592407,-26.738846,-26.067533,-47.088165,-25.683769,-36.570843,-36.280762,-37.759666,-29.662516,-30.518444,-27.867378,-45.220718,-25.02807,-18.855795,-24.104044,-41.021278,-13.034431,-25.238607,-23.436161,-27.263748,-30.984863,-18.587479,-27.888906,-29.010262,-13.531299,-35.863552,-39.837143,-12.332144,-39.203793,-18.724554,-23.84771,-22.519245,-8.705314,-19.420795,-44.315731,-26.733032,-15.259754,-19.174633,-31.347765,-12.725815,-13.090792,-31.270283,-23.434994,-18.422506,-8.875476,-4.825022,-18.950048,-19.296114,-26.693209,-19.113203,-12.649008,-6.457994,-22.27149,-27.299204,-18.422192,-21.014257,-9.227038,-4.34106,-19.606361,-25.625715
-42.922039,-43.014751,28.084387,-10.070074,18.314573,29.119204,43.0536,39.310539,-22.639158,-2.396138,27.073725,33.138,41.045681,42.431328,35.486904,-49.067478,1.463343,32.758316,36.42012,40.507076,38.369656,35.881927,-34.266022,-23.745094,-23.344357,-5.726808,31.649933,40.603954,29.721914,29.712006,-22.33493,-0.597355,24.047888,39.156731,33.346756,-23.412199,10.008463,24.489023,34.676834,39.726376,-53.48386,-30.217573,-8.101386,17.020794,22.738073,27.137197,-14.406317,29.71981,-27.486462,2.615757,18.420979,33.732361,29.69001,-26.895515,-19.786327,3.512863,29.512533,23.930113,-20.724989,-18.7698,24.484159
-40.159073,-33.958199,-45.562191,-16.896166,-21.720026,-34.183781,-78.213745,-20.237503,-21.914494,-39.676247,-61.090088,-32.677895,-15.571143,-29.370636,-68.689171,-18.864529,-14.258759,-27.270247,-50.754288,-65.272942,-15.508101,-24.798609,-49.390347,-31.737211,-22.438938,-23.054911,-21.699047,-27.805222,-19.208048,-49.357201,-6.811927,-12.060291,-21.696884,-28.594139,-65.543587,-17.540083,-12.947842,-28.078127,-47.591507,-22.331009,-21.649759,-28.312191,-47.609818,-48.40498,-30.675745,-12.203265,-9.943766,-26.581491,-29.077799,-31.247066,-37.135273,-64.496269,-20.554008,-18.002838,-27.186419,-37.138351,-28.665884,3.355234,-31.574028,-37.197834,-34.251495
-44.06842,-38.949665,-26.715639,-24.102741,-21.342169,-38.811016,-31.541294,-24.746744,-22.602812,-9.94714,3.539702,-1.793492,-44.706909,-32.667057,-28.225483,-36.595879,-20.079977,7.753922,-36.466938,-18.878353,-15.111174,-9.483306,19.769117,10.015771,-36.025291,-30.535618,-62.893379,-15.028919,-18.825405,-30.112022,19.129316,0.869371,-14.540379,-44.238998,-41.623966,-36.958492,-38.609886,-10.08353,-16.026855,22.442472,-27.068686,-53.516247,-38.538506,-41.163754,-38.780876,-37.643456,-44.557186,-24.232275,-6.627702,-0.880369,-40.350689,0.71613,-48.593346,-44.119392,-35.408344,-36.864971,-24.739943,-11.104489,15.831685,-22.016247,-60.204678
-39.531204,-34.631901,-7.674096,-37.240696,-46.257439,-23.968828,-10.506178,-37.122486,-34.983437,-9.897039,-31.689045,-19.926136,-35.784832,-5.324041,-38.554211,-29.322645,-36.020374,-31.420483,-18.491711,-5.049314,-11.422193,-33.360432,-32.666996,-29.67712,-13.935815,-8.168708,-25.612886,-26.846939,-27.921593,-35.962658,-8.533348,-0.067252,-33.537907,-26.258968,-18.792166,-22.378801,-14.030269,-28.008375,-32.725067,-34.886806,-31.842676,-32.308361,-7.476165,-32.176128,-25.670969,-22.403402,-12.156643,-20.579561,-15.490786,-18.225267,-6.363818,-16.411072,-19.871048,0.14978,-4.810685,-11.28162,2.222868,-13.322916,-2.407572,-7.009714,-39.129898
-36.750641,-25.392223,-39.228325,43.10117,47.600105,-44.787495,-33.030743,-74.134529,42.054787,14.997598,24.263407,32.663063,34.968987,36.349155,-45.865417,-47.963608,-44.462841,-44.971989,7.372078,-46.075516,-49.145844,-44.804142,-47.027168,6.582157,-44.018513,-42.575359,-42.331139,-34.513107,-37.316208,-37.217636,-33.482719,-35.581867,-29.056732,-24.674965,-29.576933,-21.808985,-25.773623,-20.081932,-17.271128,-21.47064,-24.154697,-23.516644,-22.079443,-17.895691,-15.560281,-13.292156,-22.3916,104.730461,-28.98674,-26.288219,-30.333765,-40.684715,-45.840355,-47.443192,41.286255,32.468502,-0.819333,-8.344101,-24.676123,-24.685266,-28.38241
-48.16185,-35.199821,-17.256186,-10.005998,-42.333431,166.84314,126.935432,-154.50174,-37.99955,-22.312803,-25.44977,-22.173809,-16.245604,-0.898872,153.128021,-19.874941,23.314846,57.996674,27.285213,-15.804725,-11.780238,-19.881832,-21.132542,-18.281338,-15.555331,-23.292015,-15.833499,-8.068532,-15.921053,-0.726969,-97.133049,118.458908,119.123543,157.052658,18.887318,-34.317425,-38.130299,-29.068907,-29.92518,-113.325615,-153.624313,173.40625,-170.427795,145.563583,-15.448139,-23.227404,-20.87838,-30.226568,-33.439407,-32.549301,-1.715387,-6.147912,12.851,47.197292,35.357136,161.966278,134.433502,99.751579,16.788895,-21.412384,-22.523073
-38.741791,-42.825577,-6.903941,-48.920856,40.604553,-175.463425,-105.178192,-103.488991,-73.50338,-162.630432,-14.4347,-21.684113,-32.086891,-19.36409,-36.552097,-13.381744,-16.075071,-6.667442,-9.53045,-15.078461,-21.75309,-25.451113,-15.349689,-2.508233,-19.385031,-11.186083,-8.096024,-16.05776,-14.017611,-19.697842,-10.770017,-9.157476,-25.927128,-43.977467,-62.708241,-81.301872,127.462013,103.591331,103.00634,98.246361,112.341805,110.126846,158.065536,11.828268,5.822495,-4.190341,-24.446394,-47.123066,-45.752438,-63.802818,-25.477612,-24.804472,-11.549452,-4.48691,-5.815905,-8.023649,-14.784872,-11.92862,-8.61929,-17.46771,-12.954793
-28.929991,-21.955929,-30.469082,-29.696224,-38.083702,-36.623096,-46.255062,-53.130573,-50.895786,-52.052113,-37.049393,-34.56802,-28.411423,-26.290627,-29.779802,-6.109627,-24.779276,-24.009829,-32.418339,-27.502663,-28.469889,-19.999899,-16.868767,-39.704025,-31.6789,-22.23078,-25.894609,-20.524954,2.378402,-41.052673,-27.640478,-22.065935,-46.311256,-34.236088,-35.80748,-40.456741,-39.148968,-32.860695,-30.053362,-29.036993,-28.602032,-39.328793,-41.296852,-32.645496,-39.68708,-34.203629,-44.460003,-27.601036,-38.313683,-52.623859,-39.49564,-40.449383,-31.851294,-14.777662,-63.36208,-22.332066,-41.155968,-27.151754,-30.689676,-9.605029,6.214924
-38.381062,-33.30862,14.560802,-27.717104,-24.240198,-25.929008,-45.963329,-25.32329,-29.964266,0.85706,14.760985,-19.465828,-15.191542,-18.344545,-14.410164,2.835582,0.485707,13.233223,-30.481232,-14.568469,-18.454813,-22.515068,-12.033266,-21.322947,-23.218891,-27.340788,-17.240438,-2.667506,-16.454987,-29.983585,-10.801518,-36.770378,-32.884815,-19.80397,-20.879803,-23.07291,-25.103519,18.48542,-38.28989,-23.409075,-19.533297,-16.421471,-28.320494,-26.214455,-14.510893,-36.887859,16.988684,-35.379887,-11.20102,52.602554,41.46627,-18.710394,10.062282,-29.752256,-2.785103,-27.866728,-15.656281,-30.454786,12.115878,1.168042,-10.213038
4.842655,6.909487,-19.764277,-10.351007,-14.256699,-10.362311,-28.265291,-13.7893,-13.075298,-14.436407,8.198804,-24.629795,-25.494703,-11.806655,-16.162514,-12.490592,-5.57312,-19.505951,-13.07423,-8.857105,-9.299582,6.529901,-14.321681,-4.769293,-16.769625,-25.183197,-22.146227,-2.847327,-17.363792,-3.838639,-4.014365,-16.117571,-6.064535,-16.792183,6.524179,-0.240788,-9.589101,18.420433,-0.860915,-9.517984,0.672002,-9.14238,-14.859659,11.923795,6.773736,0.796506,-0.38178,-4.907149,-15.736737,-9.338722,10.98884,-5.848416,-0.446019,8.939271,-3.6986,-0.268744,1.900109,-17.380829,-7.967391,3.983977,-5.56765
-29.337524,-40.591099,-33.948421,-59.289581,-20.029982,-27.901476,-52.447636,-42.968731,-27.522795,-43.936806,-29.02243,-22.243189,21.908291,12.402456,8.706237,-5.867425,-9.190803,-2.902607,-23.58296,-21.330093,-140.367447,-21.541222,-17.223499,-15.951421,-14.467126,-15.791114,-20.784409,-12.579677,-18.341665,-31.978615,-33.890839,-31.739784,-37.118954,-34.668831,-31.318924,-39.630508,-33.502323,-25.793062,-18.892221,-49.415051,-14.491411,-25.746927,-27.121284,-37.647144,-36.117287,-40.384487,-19.376026,-20.8757,13.508303,15.111973,-3.334515,-14.128759,-150.069855,-38.479065,-26.847157,-18.115467,-26.072985,-32.188416,-43.458057,-28.084951,-6.27144
131.992935,-39.479454,-19.528931,-23.899364,-5.309542,-1.886221,-24.703096,22.613298,-15.22195,-3.958182,12.436963,-7.521548,14.312945,3.626853,-0.585252,14.313099,-0.017562,9.596126,31.4648,2.05397,36.046513,7.569813,9.407377,11.033266,1.274562,47.234825,-2.761703,9.055752,28.626219,-5.129578,2.52442,16.234869,-15.276028,-9.481447,5.920705,1.26116,-4.420932,-2.174643,-1.846276,8.335032,16.887659,5.700116,6.189029,9.709688,-0.74862,-9.531584,-13.413689,4.692571,7.555319,-6.348215,-0.962357,-7.409839,-5.843769,8.932906,-2.138411,11.464662,-10.457561,-8.777008,-20.985826,-14.170501,-9.528412
-63.078903,-25.986851,-31.240124,-28.428585,-32.729046,-39.36594,-29.516321,-32.309761,-28.588366,-41.945881,-51.278564,-21.592384,-52.895752,-24.942421,-60.221107,-25.646832,-61.91029,4.969558,-44.618801,-30.332767,-62.133923,-25.232292,-33.305378,-7.135447,-22.976559,-29.854956,-28.888872,-21.344233,-34.651352,-26.075977,-23.852549,-33.870789,-25.547796,-46.970375,-9.478777,-64.116486,-20.811998,-50.057762,-15.59414,-35.416294,-15.597255,-18.293776,-46.861439,-12.180481,-31.719851,-16.055252,-23.427404,-25.232178,-21.289679,-41.852612,-14.499387,-27.510151,-16.207415,-38.60157,-20.140841,-33.09145,-38.385269,-24.629936,2.556794,-29.198772,-35.614552
-48.676113,-7.73428,-12.086867,-3.222673,-51.623219,-7.263039,-11.746479,-15.127148,-2.021261,-34.504299,-23.07461,-14.931701,-10.442699,-21.976456,-10.144371,-21.935999,-9.616252,-8.366758,-7.204574,4.441732,-12.198543,-24.369137,-28.097532,-14.342723,-24.353153,-19.104145,-11.334505,-23.737169,-28.482166,-15.235516,-19.245064,-23.677299,-52.208717,-19.734457,-22.372282,-70.195274,-21.820396,-16.42136,-21.771366,-31.289541,-25.381224,-12.825713,-22.085762,-10.052873,-16.771343,-16.327913,-10.136878,-25.008064,-19.607029,-22.660797,-14.68579,-24.654503,-24.816895,-14.69812,-18.700815,-21.411762,-29.94556,-23.495567,-23.585756,-23.376633,-20.998009
-43.909096,-28.245234,-28.243099,-24.665253,-28.313791,-32.447498,-33.799751,-27.188078,-15.45893,-19.999937,-2.492527,-7.033943,-17.815279,38.188828,-7.928971,12.658376,-21.862659,13.558691,6.664075,-9.669215,-4.554224,7.652916,-10.839086,56.409145,10.26691,12.607085,20.564352,-0.758185,27.514797,-26.786798,51.233585,-16.547529,-20.991117,14.837028,-17.324032,-7.085601,23.435501,-6.944899,1.75598,5.167419,-13.256026,-11.418027,-1.518855,-6.41982,8.715717,-5.539385,-6.108338,-3.94082,-8.427105,-14.111168,13.445007,-11.457609,-15.656176,-1.939348,-0.98244,-4.214836,-7.341736,-26.447811,29.345802,-21.916109,-9.246848
-46.162189,10.356559,13.657757,13.799528,22.891949,10.103715,-34.161674,-35.41787,-35.396576,-35.531544,-35.051857,-33.435375,-32.722786,-37.817245,-37.774368,-32.179005,-20.735144,-34.756554,-39.447002,-34.661842,-40.936676,-32.890717,-38.227287,3.318332,-16.947239,-16.60284,-17.623777,-23.213163,-22.64711,-31.801483,-21.54517,-24.266865,-36.670311,-32.253834,7.413589,-4.522869,11.595231,10.313899,-38.700256,-18.957424,-28.823408,-26.040308,-32.7062,-22.65465,-31.899988,8.90048,26.134752,-39.300968,-30.733013,-27.141863,-33.564987,-40.623661,-35.390553,-30.606007,9.536554,6.640693,19.833803,15.623587,-33.975723,18.126255,17.917496
-22.046289,-21.415506,-28.488173,-32.439808,-31.491442,-24.178602,-29.384352,-36.241154,-25.88336,-36.390831,-31.090042,-28.196558,-33.033127,-31.760017,-32.836758,-34.308754,-28.061031,-24.864227,-26.499594,-31.161625,-30.414328,-37.358528,-27.241032,-27.049053,-18.512749,-25.350296,-31.40564,-27.717741,-29.641815,-18.417833,-19.150562,-26.453957,-22.879257,-24.930796,-30.552526,-38.569237,-32.035797,-26.078741,-29.571554,-21.873945,-16.001604,-31.592531,-30.246469,-29.586342,-30.954144,-23.800402,-36.931259,-35.404381,-34.83374,-38.675297,-38.829384,-32.403934,-33.075638,-35.162483,-26.29549,-27.445595,-27.613287,-35.774597,-33.756035,-34.569969,-33.058624
-51.816235,-49.066486,-10.560102,-31.018091,7.286363,-31.637846,-20.592916,-42.078609,-17.247366,-29.030146,-18.519264,-27.917067,-24.630367,-20.520668,-22.978386,-31.887001,-21.019043,-23.358902,-27.951986,-21.595272,-21.192673,-18.036974,-28.61364,-30.981804,-26.264143,-21.168261,-22.981354,-36.387001,-30.723608,-30.890842,-33.007584,-23.350773,-28.924526,-39.165066,-42.629196,-37.131409,-37.082691,-35.005871,-29.128954,-31.744387,-29.480221,-35.073986,-33.159817,-31.723633,-30.860415,-29.336666,-31.622274,-35.997627,-32.985775,-31.665413,-31.057615,-28.340614,-36.321037,-33.40414,-33.911068,-35.002258,-32.54985,-27.859449,-29.578144,-27.552132,-30.128054
-47.44878,-16.537844,-14.357546,-11.982228,-36.080261,-49.519608,-48.722557,-3.044487,-34.478996,-38.511173,-33.246475,-46.794109,-39.430359,-53.316242,-23.381414,-43.656086,-52.96022,0.748341,-17.006021,-21.154629,-23.917311,-20.076765,-26.404705,-15.353686,-33.491558,-22.921669,-13.473653,-16.449118,-27.884779,-25.249367,-5.003616,-16.850014,-44.132355,-1.436995,-46.004993,-36.381905,-8.828087,-36.444016,-36.432003,-25.530434,-30.220043,-27.452339,-37.774483,-34.794369,-21.437672,-42.972904,-57.416191,-42.395592,-34.18679,-7.872468,-43.676765,-50.721333,-38.550728,-41.048271,-46.025921,-14.844049,-10.311389,-17.471745,-6.218076,-60.134285,-38.585789
-47.785057,-41.573681,-40.289139,-45.395012,-39.086323,-32.707855,-27.037416,-40.248344,-29.472614,-39.377819,-31.9298,-34.053635,-20.031216,-29.61553,-27.310841,-34.209755,-21.758732,-7.082414,-14.72758,-12.303477,-32.760502,-31.079985,-32.75631,-22.523178,-30.650963,-24.245968,-39.9445,-40.178745,-22.963215,-32.686081,-36.423611,-41.306118,-37.919422,-37.769081,-28.759851,-43.271275,-26.384012,-41.134861,-28.281685,-41.850067,-28.029892,-29.1924,-44.756187,-14.188202,-39.493099,-24.417875,-43.863083,-18.565512,-24.987501,-34.320347,-23.810585,-32.265072,-38.374828,-16.071959,-37.496166,-30.393778,-44.871086,-24.782797,-38.352497,-34.158348,-38.357494
-30.568584,-27.443159,-36.61689,-12.808285,-29.354439,-21.264908,-28.240705,-38.823544,-31.562048,-24.603886,-36.25703,-9.967839,-26.192703,-30.40999,-27.261984,-28.18301,-38.136105,-27.194738,-18.33148,-58.177353,-25.898258,-41.390148,-40.98016,-36.52882,-32.34478,-31.635733,-35.621933,-33.980259,-36.119675,-32.595001,-36.733089,-31.570084,-32.193993,-33.244801,-37.00705,-33.422035,-32.622734,-31.216379,-29.555933,-35.501202,-35.82616,-36.244995,-37.855076,-34.9282,-32.779087,-33.342518,-34.35952,-32.299381,-34.343819,-32.903652,-41.274197,-22.615898,-15.206399,-28.489857,-34.480953,-24.719511,-29.184593,-27.554693,-27.142344,-40.459984,-12.346458
-42.74754,-44.887039,-37.653816,-33.738468,-30.928156,-35.852432,-35.525013,-26.010338,-30.48477,-27.217487,9.403752,12.234175,-11.888828,-16.945982,12.984337,-38.484112,-31.874226,-36.765911,-39.894142,-42.410934,-32.269409,-33.096825,-38.83971,-22.493708,-16.861565,15.010572,-0.919927,-18.137619,22.697014,-28.130894,-8.541087,-35.743095,-35.917191,-40.971462,-41.046532,-42.927338,-29.236851,-28.582226,-28.052435,-4.423957,14.994475,27.953156,0.541425,0.19482,30.023739,18.632423,8.765149,8.85225,28.054306,28.036184,-2.554052,-27.269112,-34.0173,-34.350643,-22.837341,-29.970711,-26.206619,-32.752293,-29.815266,-28.180861,-23.923622
40.424149,41.30323,33.115032,44.246029,49.950523,45.844902,37.24472,33.603088,40.176777,28.695076,28.493935,27.592749,24.945486,17.919519,36.195297,27.395836,8.415303,7.785953,25.287115,25.190588,16.714449,17.645382,11.025191,15.482167,9.643166,24.389688,22.128431,25.857592,18.962429,12.045493,15.419649,11.085124,13.098498,16.340881,20.163744,21.775421,17.580441,20.932264,24.007341,21.582647,20.339418,19.387293,19.370865,14.542031,16.250246,18.134592,20.047926,39.19405,24.492941,32.046478,61.720451,49.466366,37.444553,44.136799,23.633823,26.168058,19.070568,26.459467,24.038828,38.512474,7.261325
-31.164572,-25.879335,-24.587255,-22.171101,-24.380302,-17.239136,-18.664383,-23.438625,-33.833679,-25.506351,-30.825966,-31.432159,-26.831675,-14.071403,-18.851067,-18.969398,-28.946028,-31.051365,-24.997183,-25.526276,5.176937,-11.758728,-36.788673,-40.986225,-20.06402,-19.230045,11.740779,-16.952177,-22.100624,-32.394081,-39.159073,-34.685795,-25.37118,-30.363764,-12.944328,-16.205544,-20.318562,26.851894,-0.683726,-18.581665,-28.881796,-28.798878,-35.980648,-35.909946,-34.198277,-26.553715,-30.428049,-29.917574,-27.213152,-26.930569,-29.465416,-28.949842,-8.462319,-17.05719,-28.156816,-19.960852,7.371165,-23.270971,-21.234295,-27.786852,-16.305662
-36.176228,26.842607,23.636572,-3.919026,9.788028,15.078485,8.595174,10.823698,9.001428,27.679043,11.297191,11.256551,-4.84444,12.081133,18.319916,19.802691,9.12871,-4.070926,18.246473,19.608936,8.12168,0.687101,12.309131,7.260335,-8.145425,-11.7116,3.542512,-12.157278,-13.955471,-1.477824,-10.956622,-12.808242,-14.591361,6.800589,-16.049543,-10.97962,-3.439586,1.695836,2.460354,5.185294,0.133141,-0.549556,6.041504,1.342499,9.163271,14.45769,13.081668,-2.939217,1.068208,5.506282,13.605865,35.049133,-1.030998,14.186052,-7.205779,10.091262,9.23828,7.868277,3.174828,3.660926,8.982336
-19.927452,2.45215,0.968906,21.780588,21.177923,22.179737,14.460344,16.285025,7.211941,10.490472,20.802263,10.675134,9.862197,-2.01181,12.742189,12.980031,30.166811,45.739433,20.789232,2.086503,1.637264,3.912794,7.176401,12.968982,12.468256,-2.500137,7.175782,0.983408,-24.803526,-8.881122,1.21784,1.536204,8.082015,12.184862,-36.462986,8.971033,21.618958,8.524531,12.695478,-7.201384,-10.751038,-14.004719,-7.17692,1.777209,2.386948,18.719597,7.614799,-2.955717,-9.079817,5.255794,15.405147,1.96181,4.358331,9.934296,7.826563,17.035887,5.415402,9.783285,23.519535,4.513974,6.445477
22.242558,31.348783,-54.685841,-18.34551,-20.374441,10.455267,-7.947329,-28.580645,-56.22583,-42.503742,15.990206,-35.012165,-24.006887,-35.872318,21.335867,-40.234238,-23.381021,14.58166,-15.057268,-22.683409,-30.785824,11.116907,-4.926954,-33.148178,-22.9471,-26.17193,1.472951,1.583684,-40.708565,-73.882309,-30.13307,0.088955,4.919538,-20.613865,-77.372032,-29.999826,-11.383592,-15.323422,-51.261154,-24.965847,-26.732536,13.948651,-6.301717,-24.262609,-22.132721,-28.644962,1.84067,3.209382,-23.157145,-49.495323,-29.07807,1.566839,0.04316,-17.946692,-29.978746,15.16079,-5.857526,-24.572062,-4.673488,-9.596784,-14.731526
-2.785318,-41.12191,2.752289,-8.559728,-13.163528,-13.362212,56.20216,30.987473,-1.645319,-1.024332,36.079399,22.952423,7.913962,-3.126406,-17.778111,-17.999481,18.290243,-19.134916,-0.571876,-21.293732,14.48227,-10.001675,-6.818099,-1.374187,1.770217,9.964142,159.888,33.497898,2.404039,-16.240574,-10.813467,-10.556349,-11.863759,-23.055498,29.290642,10.269004,-12.500885,-24.324316,-12.120723,-14.535292,-22.841913,-26.413317,-22.68881,-8.090956,-22.198847,-20.647202,-16.562365,6.344966,18.589985,-0.584422,-20.953787,-40.95459,31.945034,43.214066,-10.85604,-23.131821,12.685276,-9.825131,3.630733,0.359711,22.602287
-16.987795,8.890578,-9.855852,-7.850119,-12.635073,-2.930511,-0.559569,-2.420712,4.275454,0.855711,-17.774279,0.871937,-11.537894,-6.832162,-5.598718,-12.62428,-7.807973,-8.305171,-8.742642,-15.078886,0.467882,-23.807262,0.131603,3.036962,-5.455629,6.80165,-6.841676,17.960741,7.250147,-4.748482,22.014093,-19.136967,-14.679613,-6.400448,-7.186964,-9.347236,-7.486,-16.967264,-20.248167,8.667393,-5.20242,-9.89302,-13.297139,15.709995,14.994876,-15.533165,-8.75326,3.35818,12.922378,-26.891247,-19.086494,-5.953063,-8.516644,6.967593,-1.409163,0.583206,-3.687155,15.751381,-20.408886,14.747473,-26.006531
-37.524757,-41.443684,-35.581333,-46.818298,-49.126083,-46.415169,-44.139774,-39.958542,-42.729134,-41.093456,-44.834305,-38.647854,-43.702152,-38.722858,-42.2742,-46.690628,-41.785278,-33.939919,-45.381733,-53.796562,-38.823734,-51.63216,-39.423054,-37.980232,-46.824947,-35.599979,-35.008144,-20.1798,-24.698088,-39.376713,-27.327383,-10.71358,-39.117802,-7.375711,-25.648863,-36.813927,-42.98584,-28.083477,-8.141352,-36.083344,-20.816662,-39.659554,-29.745499,-46.045033,-50.24572,-38.340183,-46.714931,-39.357903,-44.609192,-46.380093,-38.650791,-7.477438,-64.776642,-54.100765,-44.856487,-34.339386,-30.077692,-32.341221,-48.10244,-41.501526,-31.855377
0.696358,7.97948,8.305845,36.459217,21.486225,10.619144,25.180822,10.301449,15.785506,29.062859,-11.896435,34.591747,14.136898,56.981636,14.717142,53.54731,9.347116,32.751945,30.318903,4.964352,27.594952,17.755407,36.358963,53.053688,30.021601,28.945778,2.722233,-38.988335,27.435202,34.421417,32.541286,20.493254,11.338065,-53.440159,14.018512,23.169827,6.372121,16.459221,35.921238,22.903526,39.783085,16.606878,28.328358,-10.511593,26.610733,31.23769,20.440233,32.965626,-16.939137,12.700944,17.469828,32.826424,44.43993,11.795554,22.516268,7.935192,20.461113,24.070393,16.985399,44.673996,25.858551
-32.165489,-32.163528,-62.700783,-55.938969,-20.40913,-38.725067,-27.615299,-26.179575,-44.484238,-42.41489,-37.459152,-33.056381,-26.220673,-30.786812,-33.394791,-37.155079,-46.297913,-55.596279,-63.121773,-53.737926,-20.49946,-33.145233,-27.490572,-15.278119,-30.770382,-30.402405,-24.525139,-29.384542,-41.079311,-48.961983,-50.861584,-46.84565,-48.731022,-48.984707,-16.484282,-31.534864,-27.248848,-44.673164,-46.311279,-47.989784,-4.908461,-40.658165,-43.277397,-37.971951,-34.593235,-42.542587,-43.017811,-46.928642,-13.856594,-30.416847,-33.111435,-29.190228,-31.589619,-43.884773,-36.913086,-28.680248,-33.405293,-34.209572,-32.173981,-49.880783,-43.725746
-54.442326,-24.086117,-11.592306,-14.698041,-16.272902,-25.412613,-19.543364,-18.784222,-31.338709,-41.262173,-45.112247,-33.082966,-36.310638,-40.018559,-30.457846,-31.12921,-38.246628,-26.473284,-30.861462,-31.633396,-31.226372,-39.421822,-39.477188,-27.680193,-30.505096,-33.57341,-32.352726,-33.551102,-36.83596,-40.809731,-35.30106,-44.630238,-28.391285,-33.372746,-35.433563,-35.881222,-30.663933,-32.409473,-41.69891,-33.461636,-38.21307,-30.908697,-29.482359,-24.225548,-37.571045,-29.116814,-31.748444,-32.021431,-39.714096,-32.129238,-25.266165,-27.513342,-32.345695,-33.275013,-22.597481,-39.205307,-30.967272,-31.889078,-37.827522,-37.47332,-22.408716
-43.979149,-8.43854,16.234629,-33.012386,-31.772108,-4.343648,-2.24022,-25.878223,-24.7068,24.02696,-9.264725,-33.372398,-6.686236,9.520591,-21.046442,-33.56139,-19.790199,8.14889,-5.997704,-18.602819,-13.718954,-12.986572,-5.612151,5.460661,-22.998913,-19.111536,-6.271224,-9.816576,-34.015495,-14.154078,-11.939165,-27.253538,-20.706867,0.160136,-4.935372,-28.575338,-30.913385,9.988292,-8.346776,-32.509525,-13.264426,-6.584524,-12.497829,-13.314362,-4.278326,-11.400676,-23.602585,7.142826,-5.980461,-18.014713,-9.219879,-13.394503,-4.184944,-4.07491,-10.128941,-24.673168,-16.665342,-16.689915,-25.481609,-16.13508,-29.016235
-17.212496,-13.319219,-14.898872,-15.119835,-16.83033,-19.302706,-22.792351,-14.649851,-12.278057,-18.407646,-82.772102,-20.320581,12.078452,-24.570911,-22.857866,41.039291,-12.318443,-13.763672,-0.944292,-9.226285,-2.070412,-21.004835,51.096329,5.855174,5.195992,28.845419,-18.227802,33.282593,-10.98656,-1.29176,18.130264,-19.015577,7.660262,-14.018453,3.60334,-10.766923,-12.557983,-18.115374,-7.296401,11.083543,-25.387228,0.841436,25.878336,-13.258493,-24.972744,-3.710069,-22.166227,-12.835392,7.017525,-26.095293,2.62739,2.01511,-18.626677,-4.421732,-24.884098,-10.901088,-23.048058,-22.871435,-13.704042,-19.173754,-15.34062
-22.61698,-22.547714,-4.951151,-14.273925,-7.313422,-0.640058,-16.22958,-17.555397,-15.811436,-12.583203,-1.09015,-22.038208,-8.263545,-21.544706,-7.857589,-15.868285,-13.348001,-1.472628,-6.195673,-6.312813,-14.998245,2.043882,-1.891539,29.897425,53.623795,-6.064638,-15.000673,10.615506,-6.463551,5.044283,-19.731775,-15.683067,-5.818653,-10.895951,-15.418932,-18.280243,-4.494661,9.294508,-22.227213,-19.027826,-3.741633,-18.002602,-22.164076,-21.687708,-3.696929,-20.251677,30.253967,8.428159,10.228357,-11.439283,-26.588133,16.412319,-20.836618,-11.39003,-7.95528,-20.074932,-11.933878,-8.459933,-21.289196,-7.123075,-21.382967
-11.053008,-7.951118,-0.127943,3.385133,2.924211,24.897589,-5.601548,-2.906057,9.088021,9.394956,65.626068,3.234004,-14.369981,2.749443,23.463993,-13.567343,-31.311035,-4.621377,-9.127827,26.453089,-11.362778,-16.323141,4.672489,7.92497,-7.681492,50.131943,-10.709691,-16.302986,9.697714,32.448681,-8.058611,1.32974,-17.445593,-0.967033,4.931341,-11.134518,-16.223427,-8.092502,-15.518472,5.550966,-7.499243,-20.155352,28.963797,-4.625874,11.31426,28.971693,22.977879,11.04111,-17.709225,2.196184,6.731768,-14.759107,7.882333,-9.143941,-17.795734,7.606925,30.530947,47.932365,10.339838,-25.039722,-24.439003
-37.726303,-29.994236,-18.527765,12.02013,-21.935017,-29.987768,60.553547,-6.497824,-41.807301,-20.383764,-21.470699,-22.564388,62.056087,38.132023,65.530388,29.490448,-27.788549,-13.837416,18.785345,-11.727066,-20.685516,-19.160959,-16.947332,-7.891704,-13.319893,6.719687,-30.779083,-7.01473,-20.399691,-31.424885,44.442795,8.029872,-27.522123,-37.00465,-19.794844,1.660774,6.444948,3.973333,-7.403255,-16.105927,-12.395512,-19.352772,-18.887091,-9.258064,-36.440197,58.847633,36.78249,-13.574155,2.276239,36.687725,-13.611203,-13.46275,-16.474527,-9.576194,-19.686193,5.595775,-1.351441,-12.809115,2.998228,-26.600595,-13.11265
-39.938381,-24.299374,42.201336,-5.602719,44.589912,31.26371,-4.968447,-15.037015,-21.426151,-17.538792,-25.297415,88.130547,-9.709358,41.975929,58.597988,-10.219235,-29.888973,-0.928396,-5.653651,15.687072,31.105829,21.871906,-5.335593,-8.927524,-31.449682,-13.541172,-18.339174,8.228885,4.222807,-11.059112,-13.854527,4.842118,3.141209,16.307856,32.005215,27.64175,-1.657226,-2.240929,-1.90453,-19.883606,-12.898167,11.663444,10.988083,-15.329475,36.434025,24.592999,23.650383,42.794991,14.730902,15.757606,12.772305,12.205914,14.878519,5.880723,-20.320583,-24.071043,-11.480434,-25.399172,-17.789351,-9.976825,-12.292397
-20.035057,-20.922646,-8.775938,-17.389198,11.221451,7.149301,26.570978,51.206535,-18.180164,-12.851404,5.17499,-11.20396,-11.487895,-2.564481,1.437747,10.824842,-9.216809,-11.768158,14.999535,-8.753583,-15.363085,-21.868549,-17.85396,5.174991,20.462694,-4.99393,-8.3969,-12.173972,-11.065905,-10.473243,-17.47595,10.120508,-33.958252,15.451541,8.162989,-25.071394,-3.158475,-4.479308,-12.99544,-6.409415,-32.267262,-24.69268,-18.264111,-17.197195,-17.191586,-22.276566,-19.936726,-16.528252,-7.615782,-20.40802,-15.296513,12.545655,-11.923517,-22.722181,3.505648,12.382952,24.866678,0.02032,-19.230703,-4.32561,5.627791
-32.398857,-26.374302,-18.877052,1.377756,17.007519,15.690258,1.532946,-17.976547,-28.048233,-29.60693,17.550507,43.987343,28.019461,3.055811,-6.045149,30.419794,28.396538,66.480385,-1.667234,-13.211219,19.487617,85.077278,-9.334764,-22.200708,-28.859455,27.325863,67.768013,79.030991,-24.167208,-13.978302,-15.847781,-14.084354,35.145393,31.78348,101.784149,73.767899,0.431037,18.973917,36.614643,36.998482,31.51487,22.238808,-26.41781,7.879476,14.179509,-13.874342,21.545303,59.354645,-5.731597,-5.640049,38.329876,22.560097,-21.272736,-17.647467,21.137362,16.282133,31.67757,57.259655,-3.215077,-4.725417,24.367441
-30.357414,7.007488,-7.586267,-7.523648,15.831678,11.248639,39.065125,-4.689339,43.938313,36.870136,17.279499,28.961218,30.079262,-12.207766,-16.301136,-22.602772,17.697641,-6.223188,-14.094128,20.816666,-6.035798,-25.636486,33.836845,-13.292708,-35.329323,-41.174534,-36.019737,44.195358,28.91474,27.312571,25.576712,10.708658,45.157078,37.051285,-7.332583,-22.039562,9.110282,17.328306,-4.361493,-20.977211,-14.862046,-3.134672,38.734364,-9.987144,1.787352,12.603254,-12.982229,-25.322454,-9.464601,-9.399712,-15.080952,8.031507,36.726952,141.975845,4.944573,28.696505,-26.928898,34.175449,7.33423,-17.515869,-20.335104
-27.501633,-21.460403,-22.457525,4.829061,-37.715599,-28.183378,-30.264858,-21.075716,0.452526,-26.829258,-7.028023,-16.502647,23.973595,2.497942,-8.376007,-38.252228,-17.830864,-12.89062,-29.0082,-35.402538,-24.251911,3.98171,23.141424,8.920885,23.745283,12.82112,-18.113565,-22.776077,-13.215583,-17.33,-9.017785,-38.921509,38.828491,63.314709,-15.684979,90.3778,-12.313154,-1.049711,-25.475445,19.872534,-0.869936,33.873711,-24.676411,-23.768887,-29.329723,-24.231821,-29.224417,-22.469694,8.719926,45.771774,-12.680802,-14.681347,7.622351,-29.176939,-14.073082,24.94627,18.430317,28.667902,-21.943932,-33.083305,19.552319
-37.229443,-6.737628,-33.339146,-34.11105,-25.546759,-9.497639,-33.47263,-34.855953,-24.953365,70.113754,79.892113,48.833599,24.827232,29.577616,20.23377,6.298403,44.23999,10.362267,-27.839794,-33.331673,-21.532579,-3.591815,-13.776687,0.364685,15.655258,16.822783,-2.059039,54.785301,-27.55464,-28.381617,-24.94421,-27.560444,-9.513247,21.596939,-22.860746,-26.948507,-24.808508,34.206768,-27.111183,-20.81851,-34.825562,-19.354671,-10.809798,-34.889858,-24.326725,14.380354,108.096375,3.742381,-14.043843,51.224106,-18.240904,-25.969847,-17.818981,-24.927706,4.507875,9.02071,-18.533392,29.393131,-4.889789,4.593245,9.659172
-30.735981,1.523955,-14.590652,-21.690804,1.246464,83.341309,21.522869,70.676514,-2.066904,43.395805,31.57308,5.499563,56.356812,32.796768,23.832417,34.748993,42.948044,45.464993,31.314751,-16.334724,-23.018888,-12.123957,-14.601476,-36.058861,10.492695,3.057185,53.625332,12.138027,17.424404,9.976717,-2.667453,-10.405347,-19.832771,-17.062464,82.801292,35.713261,18.75408,-21.035036,26.789366,38.414803,26.586569,-17.799057,95.347458,6.442513,4.457516,-7.026279,-22.221397,-36.37339,-16.111814,-9.889446,60.80862,47.144127,40.621006,27.928764,2.199842,10.995775,45.505424,86.577026,-3.947171,23.341434,-4.121251
-38.43779,-36.369877,-41.186886,-39.030388,-15.713233,22.189693,6.145807,-17.112972,6.704778,100.001152,79.20668,-22.787977,-17.006662,53.674324,-14.249705,-28.140265,30.799488,-21.314926,-23.933903,7.612497,-15.739381,-36.640251,-41.582741,-30.860199,-18.273626,-23.719868,35.334328,16.757002,46.238605,-24.075459,-22.933432,-28.544746,30.175066,24.910467,5.319705,45.622601,39.885265,-25.507385,-25.592152,-32.442886,-33.262371,-30.274458,6.261,-26.271631,-29.234756,-4.111761,-27.442717,-11.739511,-27.326921,-28.344383,-28.631065,11.867957,-21.659237,9.006563,-23.14925,-19.273991,-21.19117,30.663521,24.48522,15.91729,-33.421806
-45.005615,-36.209015,-34.645859,63.180782,45.094833,39.064766,-1.725166,-31.386768,-17.268335,8.739573,26.077057,-0.497335,6.157109,-19.651302,-29.746761,35.747948,-13.647375,12.766545,-24.838356,9.543687,13.045771,33.310123,-16.174282,-16.084831,25.436459,-10.663834,-31.930405,28.858648,30.033411,17.46233,-26.376118,-35.784561,-23.062504,18.926989,29.007612,-8.359564,-1.099307,9.517283,20.882187,30.596809,-31.641125,-39.684971,-18.831055,-21.50939,-66.744667,8.277399,14.148834,3.677542,-32.457321,-24.377306,7.516411,-88.831993,18.490286,-36.622509,33.638298,24.796993,10.849031,44.391548,18.093433,34.797173,-32.037292
44.7038,-21.876574,46.375854,42.140259,53.547993,51.089661,42.310005,57.243328,43.741768,43.379585,44.010078,28.149607,45.495567,50.927925,43.748772,35.472656,-16.337944,52.660316,48.032082,37.568439,-0.017079,-10.168139,45.610378,43.026115,43.824646,38.32634,38.822308,47.069992,29.857414,40.442459,40.505486,42.293274,38.493637,37.61055,0.876918,42.476833,49.676964,35.705864,38.408451,-19.999664,49.519516,43.807568,36.134472,36.619709,0.774178,47.383232,39.132793,35.05735,-30.998766,52.462326,43.526302,28.377373,29.402147,45.930267,40.389614,27.04681,-17.430174,33.676418,29.379683,26.3965,38.388527
-35.1203,-6.255705,-18.36178,-11.3742,-19.161419,-24.809061,-5.608692,-25.39477,-14.380127,-22.021847,-22.968416,-20.556307,-43.729218,-22.426128,2.550865,-17.130602,-21.590536,-8.841429,-49.324467,-55.324387,77.722237,-54.188988,103.81459,-52.89196,-17.843683,-4.897996,-15.242769,0.380627,-16.922701,-8.719512,-12.180229,-21.588345,5.617364,-17.514645,4.628302,-13.110211,-16.733812,-17.194107,-16.84005,-5.597731,-22.699415,-21.638599,-19.833496,-7.720824,-22.367418,-3.251984,-18.821526,-6.771568,38.525063,36.153454,-16.585773,-15.030342,-6.546991,-11.757124,-2.949625,-59.229351,-15.746579,-23.598145,-19.538078,-13.790212,-25.714684
-28.010294,-28.766657,-6.316119,-12.993524,-12.63766,-26.905785,-10.429388,-11.559799,-24.80233,-10.854279,-14.426373,-23.580387,-12.044171,-14.447983,-24.60627,-11.726925,-10.738177,-26.461281,-10.243566,-9.102156,-24.879059,-13.616469,-12.05799,-27.598223,-8.967139,-12.957069,-23.960327,-10.153726,-8.899798,-22.896507,-8.671962,-4.034543,-23.233202,-8.227596,-3.730166,-24.382029,-8.618036,-10.303469,-19.795959,-13.464628,-11.666909,-15.865049,-25.299273,-5.68887,-7.202147,-21.647858,-6.326001,-14.095937,-16.509495,-14.653007,-17.380552,-7.543077,-21.615158,-10.068612,-4.74711,-22.38763,-5.782211,-7.08954,-28.027735,-12.469293,-10.156207
-66.557663,-70.736412,-60.097496,-55.881538,-72.907608,-58.285679,-58.987686,-61.070992,-64.899971,-66.42292,-58.089409,-61.289261,-62.355469,-61.782578,-61.904308,-60.70364,-89.882599,-49.356544,-48.458694,-111.090012,33.796249,-51.171349,-57.397221,-62.662437,-67.839272,-71.88504,-55.776596,-70.794304,-50.021629,-57.829281,-61.560387,-56.907715,62.537071,-56.83643,-61.292355,-61.879166,-62.071949,-82.658531,-57.526756,-56.374825,-66.108818,-71.455009,77.179985,-51.705158,-40.069839,-54.63213,-53.948074,-48.439728,-53.521969,-60.320271,-73.849243,-61.889568,-66.005394,-17.334167,-59.95327,-62.998749,-68.236717,-56.237019,-78.312096,-66.564888,-16.172606
-28.047569,5.818043,-31.778027,-3.869759,6.509439,3.720328,-3.140435,9.729649,15.85589,-10.981851,12.033023,21.485302,11.693065,18.380531,28.659683,20.896416,12.250491,23.265482,26.155289,20.257835,25.343817,22.079218,24.385706,15.820506,-46.533588,22.649605,23.004284,12.498165,37.830505,24.220089,15.920352,-30.758204,18.372692,26.628197,22.755791,11.006048,-41.604851,14.750663,18.391563,23.588182,11.496454,11.05334,35.655422,32.300961,9.868665,-43.682171,29.24416,23.154623,-42.721592,18.897125,27.156034,27.669344,13.638377,-40.684147,24.975155,28.659801,25.841194,14.421528,-34.816864,21.020065,30.239069
-36.271267,-15.437146,-23.296366,-55.678123,-30.534939,10.954784,35.676609,12.807699,-35.053123,-28.261814,16.162334,30.019388,10.021076,-11.287321,-25.444,-27.821613,18.788832,27.834202,-19.417597,-28.033831,7.954146,39.780113,4.003155,-26.761768,-14.155206,44.005127,16.028374,-27.886585,-28.189426,30.793634,43.899364,-7.063727,-33.694981,9.94184,29.541647,11.368313,-29.018295,-18.127525,33.814449,18.544312,-33.115986,-2.847939,37.322197,5.686152,-36.836029,-6.114279,27.98381,8.087119,-26.569651,-24.419477,16.348524,32.339897,-2.002132,-33.451931,-23.143171,24.05806,36.907589,19.002031,-8.24902,-29.781004,-17.717297
-29.808125,-27.004286,-5.1988,12.918591,-23.922338,2.297547,-33.058384,-2.630376,18.316168,-14.673316,20.511477,14.796351,-28.339834,-11.634526,26.878426,-35.158157,5.436507,-42.514957,-25.499113,27.627375,-61.691971,-10.412162,29.784836,1.816524,37.667671,29.956676,-16.469654,-32.843613,29.496565,-34.400284,17.838766,-29.966848,6.6748,26.9904,-22.879475,-66.763657,29.189524,-41.286083,19.303518,54.194984,-32.605846,25.80835,59.469364,-9.267624,32.182953,13.434916,-7.592637,30.184216,15.190498,64.095222,23.431654,-28.212542,-73.340294,-50.024513,-33.057156,29.444277,-24.238922,5.392014,34.360546,-30.778376,-40.400471
-2.601726,-0.022896,14.560284,-15.329305,5.344483,1.993228,9.199933,11.184813,10.015545,10.64823,2.764146,9.07113,8.897897,11.044209,0.038252,-5.067828,-5.246553,4.589213,1.856383,6.565066,16.454063,5.189682,4.14093,8.738576,-3.086406,19.64979,6.122768,8.460065,8.716915,11.087548,-4.041173,7.602854,5.891923,6.633543,10.351498,-6.313352,-2.14063,-1.728597,13.443005,2.980221,6.314894,6.784337,-6.115461,-2.462377,5.595283,-0.591039,6.401096,1.494788,3.837406,-9.652669,0.823577,-8.071677,9.486027,3.932989,4.381275,-4.573567,11.158665,2.591003,6.189569,3.487917,0.923115
-34.836689,-48.714249,-40.921066,-36.601086,-45.750587,-47.487686,-45.518688,-44.7132,-45.270863,-49.679424,-45.262257,-42.526917,-49.250389,-48.722298,-39.649204,-48.106682,-49.214172,-40.255367,-43.291164,-43.847076,-45.769138,-51.48225,-40.266087,-42.01265,-46.394993,-48.987213,-49.594513,-43.17318,-45.880566,-48.514442,-47.330627,-39.708904,-44.469845,-45.399464,-46.794575,-41.462341,-40.670345,-45.620819,-49.413067,-37.952091,-37.933201,-45.944134,-47.946213,-40.286736,-41.533047,-44.367928,-46.558613,-38.439247,-44.643848,-49.513191,-41.596691,-41.445969,-47.870411,-41.565327,-36.85796,-46.398121,-39.327572,-40.804661,-49.58308,-48.170322,-37.408943
-41.79607,5.671469,-32.705647,16.626747,1.787257,-0.172684,11.920689,24.506031,-3.105058,-5.814615,-37.234718,4.213383,-9.980382,-6.026465,54.345264,6.129047,-6.814165,2.431275,10.939719,3.049093,-1.415175,0.275218,-36.54744,3.798827,-2.608293,2.635205,-38.65844,2.477002,2.020509,-2.10635,9.005301,-6.149849,-11.913909,44.794567,3.048984,8.81921,6.208939,3.132352,-6.163877,1.731799,-5.558115,4.60239,-1.185172,0.00868,6.751462,24.93338,-5.066568,9.767679,-35.859169,13.66393,-4.769896,-0.721106,8.437372,-8.3283,6.367767,0.000479,8.231091,19.226171,16.161476,2.852531,6.125978
-57.966511,-57.287224,-52.683891,-53.986374,-61.372425,-53.645084,-55.149006,-64.115334,-58.814335,-52.625778,-48.63612,-62.330215,-45.383434,-51.24184,-55.182716,-50.913464,-45.443607,-50.79549,-62.157406,-58.199284,-47.964447,-58.877384,-61.916,-48.749134,-50.396141,-61.442989,-62.510315,-52.787464,-45.05983,-64.923157,-45.586945,-52.577442,-64.248001,-47.353531,-55.044693,-64.36293,-51.094883,-53.301815,-64.240189,-48.615356,-54.760765,-65.589539,-40.438934,-54.096928,-64.21032,-50.753662,-56.317944,-68.140419,-52.357292,-49.630379,-65.494789,-66.499283,-52.564037,-50.655766,-64.084335,-54.315491,-52.891838,-61.997662,-50.894718,-57.789478,-59.587528
-35.884167,-26.410206,-45.125328,-29.948977,-47.468052,-46.670628,-35.477753,-46.584984,-43.898994,-35.591858,-32.440002,-47.824471,-50.881107,-46.005157,-35.734634,-31.094839,-18.341652,-20.274302,-35.086349,-45.303951,-45.638172,-41.7952,-41.931648,-31.096899,-26.790972,-31.066057,-44.893002,-43.60762,-37.934525,-37.878387,-28.607067,-28.325455,-40.577011,-42.243107,-39.155933,-40.598236,-35.095688,-34.425823,-33.842388,-36.09029,-42.908215,-45.357273,-45.604679,-32.219097,-32.616657,-37.515961,-41.104759,-40.702229,-35.870987,-27.851227,-35.538227,-41.632824,-37.89698,-39.911682,-32.591713,-31.09973,-44.929935,-35.892429,-34.818893,-32.079662,-37.547016
-37.605392,-36.761726,-21.009169,6.415279,0.44788,-7.650865,-1.419521,-15.335909,-29.143274,-36.428795,-40.636265,-23.186747,-11.143186,-3.681968,-3.934838,-8.207746,9.890942,1.238353,-15.969618,-31.018648,-39.178642,-34.921604,-28.101543,-13.537179,-33.134529,-18.018156,0.945207,4.361195,19.989685,10.182209,-7.033536,-23.24049,-39.042572,-38.497864,-30.954216,-30.813551,-26.804756,-11.174609,9.090031,-6.072042,-12.349799,-25.497721,-18.91898,-29.850424,-35.102936,-35.878807,-38.386768,-37.753952,-33.945484,-35.128983,-38.230724,-36.925713,-36.510269,-34.91951,-29.628767,-35.644333,-34.541286,-29.868803,-27.713408,-37.654778,-39.246021
-30.242393,-18.833988,-12.145671,-9.375437,-1.266338,-14.405111,-11.632437,-18.575541,-26.486258,-20.624598,-25.322796,-21.862974,-25.308388,-19.174364,-25.565279,-22.442886,-29.990822,-29.096363,-27.344891,-23.204096,-30.100285,-21.492655,-26.296146,-27.041811,-30.95035,-34.382824,-23.016096,-33.929699,-21.743504,-6.374575,-25.208673,-34.581627,-26.715624,-20.885262,-27.291882,-20.563883,-23.271997,-10.595028,-19.164774,-2.539655,-24.294689,-21.723482,-21.57983,-27.953222,-26.993601,-27.692945,-14.954105,-27.84063,-4.320395,-17.310081,-10.839697,-22.007444,-4.690112,-19.519855,-12.148521,-24.756916,-22.521204,-29.63588,-19.089741,-25.039728,-23.011421
-45.054642,26.913136,25.593906,34.115211,26.010368,21.162806,19.624989,10.907417,-59.263428,25.198116,24.58353,-23.968897,25.522362,22.983177,21.648636,-51.732521,-50.780926,23.166332,-55.226753,-22.869984,9.171535,27.773336,24.278028,-48.424194,-23.775915,28.214891,-51.608669,-30.979235,10.310493,32.383785,33.717426,25.940916,4.779792,29.862144,32.718922,29.721336,25.134066,24.28544,29.292305,32.089123,21.400932,-8.629446,28.516825,35.463848,-56.896435,7.842785,28.356583,28.765636,-50.862457,15.003873,32.559216,30.606936,24.357277,15.905241,-44.769489,-54.281124,-32.574505,5.488833,-12.980561,-45.898777,-7.044803
-49.538746,-35.939018,8.960502,10.326917,15.706548,30.064096,-30.691029,5.469001,17.933298,-9.069725,-1.036805,13.997814,21.72854,40.414829,13.421244,3.016341,25.970846,51.074379,34.660244,-1.36369,6.567867,8.075207,4.738554,-4.990662,6.438682,30.821148,17.14048,20.843285,5.432835,10.846847,10.006742,14.787004,17.942165,23.522211,14.002915,37.191475,32.343636,14.858851,3.733066,8.874533,13.626069,10.368737,19.447197,23.85672,49.441727,38.414211,13.433219,41.525131,32.133896,42.044472,3.554595,11.6201,17.93491,14.205089,-13.446078,24.364759,23.432451,9.805037,17.76981,52.7617,54.404068
-47.021294,-39.756344,-34.007442,-34.811443,22.02821,-11.222731,-35.453911,-34.950455,-43.818382,-24.526815,7.142296,-36.371281,79.611412,29.149302,-17.627926,-27.701775,-56.341228,-15.552787,-42.360992,-18.914089,-17.205114,-36.235584,-18.484398,-37.866356,-17.844421,-30.594831,-38.152271,-45.984932,4.067504,-42.290092,-22.386793,-37.576981,-44.109383,-51.61404,-41.156521,-45.480141,-10.15381,-8.583282,-2.751251,-30.875788,-36.505383,-43.861622,-44.022736,-40.975082,-37.955799,-14.020777,-17.719826,-26.546621,-21.784542,-29.670488,-50.552464,-52.449764,-58.0033,-26.178818,-36.489918,-11.31784,-16.390366,-6.900949,-1.307792,-16.336102,-28.496225
-47.859169,-1.112031,5.715104,-2.117461,-10.469073,-3.304719,-3.878134,0.319313,-13.566381,-25.354759,-20.5959,-34.516247,-44.01466,-43.635826,-49.240154,-45.663486,-46.877411,-44.004059,-45.343071,-45.811581,-51.168106,-49.454773,-47.84367,-42.639,-42.223125,-39.268406,-19.396009,-0.973055,-0.475342,13.052307,13.722058,12.00332,0.511131,-5.371946,-15.203156,-31.813847,-37.729004,-46.785538,-46.611137,-45.511604,-43.984062,-39.711029,-37.776867,-42.535385,-39.012714,-37.647797,-42.817116,-27.823498,-45.854645,-45.86911,-48.152195,-45.042801,-33.506783,-49.75906,-44.496933,-44.953251,-48.341671,-38.069988,-39.340977,-41.856117,-35.979687
-41.552479,-39.528698,-19.265488,-26.244728,-22.19562,-23.487923,-22.361479,-28.707115,-30.007671,-26.90008,-32.231342,-25.802477,-29.541658,-26.403574,-9.905482,-13.223936,-21.901981,-25.123022,-28.326918,-22.816998,-19.622517,-27.713633,-32.770512,-28.946226,-24.010256,-26.226913,-21.958509,-18.054733,-13.753119,-21.687315,-19.323092,-20.04348,-13.006784,-18.146027,-16.661831,-19.052301,-16.350056,-12.254291,-15.640386,-25.376883,-34.402275,-33.017162,-18.926184,-12.485221,-21.633633,-17.986748,-12.905023,-20.043177,-28.653788,-23.303955,-12.107702,-14.581842,-20.103617,-14.510867,-21.553005,-20.629629,-16.653645,-21.790956,-16.575808,-17.847767,-18.909096
-44.513874,-3.054307,14.216884,5.036861,3.746626,10.881611,-6.173974,-50.797218,-69.945923,-45.393398,-55.551743,-52.158489,-44.322365,-22.853882,-8.736817,-10.053393,-14.863649,-9.62252,-1.592663,-1.961268,0.792342,-4.534711,4.517874,4.647111,-4.34515,4.652727,8.796543,3.203118,-0.814682,10.51166,7.634141,-5.993563,9.020704,5.845886,-2.192894,-5.352188,-22.611576,-23.316248,-14.659331,-19.121805,-38.789227,-43.45409,-48.392384,-20.777676,-43.504452,-72.597801,-38.696442,-25.443527,-14.291573,-37.472435,-43.699341,-45.575771,-34.439125,-37.883324,-29.48246,-43.130314,-32.113846,-26.370844,-37.491161,-32.381573,-24.957611
-33.528561,-40.3018,-27.823544,-48.239948,-78.829285,-24.731552,-30.118532,-41.047073,-36.67569,-35.178131,-44.307678,-34.861416,-33.743591,-39.124634,-27.093409,-44.521458,-42.037495,-24.943987,-36.303501,-44.799698,-42.190453,-30.205702,-41.479004,-31.346214,-27.546032,-41.406425,-41.905602,-32.054966,-37.272343,-36.219601,-34.304199,-20.380096,-38.236671,-39.947456,-24.59305,-37.521736,-42.38451,-28.804001,-30.897785,-32.412113,-41.816013,-38.576859,-27.046164,-29.843863,-35.853668,-35.375233,-30.446901,-39.906185,-19.457636,-41.668259,-30.514748,-29.58853,-39.670528,-34.720963,-36.79454,-40.52784,-46.297642,-32.787018,-35.082832,-37.394001,-27.89175
