11.418015,22.021496,38.573528,24.156649,19.9876,23.936377,35.393547,11.691156,55.692532,4.795158,16.063995,25.211624,1.188712,44.786831,-6.288729,21.770693,9.117311,6.320904,19.423479,5.778372,25.135845,17.671402,8.955568,37.836048,-7.061902,25.665081,13.902253,10.500196,22.840647,11.409045,15.554955,8.611561,22.971577,13.935031,-6.345436,-15.365047,-7.941367,26.258894,-14.593049,15.382852,-11.636296,1.407876,30.977514,0.027974,3.079921,25.419622,2.564713,8.724735,34.427219,0.995149,5.827978,30.621319,10.763255,48.885464,-0.173121,38.347614,-2.579802,-0.286759,13.847931,1.071376,10.728459
-2.263796,21.913095,20.687326,25.377312,34.554501,36.983368,25.419102,49.376583,3.219949,59.431828,30.688972,25.666641,23.804213,-10.036683,1.520638,-9.846472,44.6437,11.094679,29.378019,45.295338,20.000286,15.668548,12.105327,7.736135,12.367299,4.241264,5.192165,-0.015417,4.884986,8.898863,8.287854,19.200949,23.380651,25.829288,35.854519,30.898657,36.071899,18.93573,8.594479,4.748571,12.080297,28.587523,33.992054,31.939095,22.894367,-3.326187,8.688802,13.261311,31.589741,35.236946,26.807459,23.267776,6.843873,-8.783567,8.526605,7.112531,40.197926,33.376514,12.637199,1.230616,-2.771578
-1.800015,-11.583356,7.301874,-4.560888,8.565178,19.904032,9.825387,11.308853,1.687822,-12.615454,2.700958,-4.964525,11.05912,3.683424,10.951001,10.934314,17.759392,20.222342,-13.771276,5.977606,6.36086,-8.292475,9.549804,-7.686853,5.972817,3.550428,-0.798521,8.829975,31.243048,3.041363,18.273424,-8.334199,6.644807,5.881341,1.152964,6.080143,-5.003182,2.577902,-0.003726,19.028862,14.656128,-1.176296,8.368751,8.08709,-8.105107,10.87683,3.588763,5.786574,-0.362669,1.214131,-12.84395,-3.652378,-6.147316,-10.433902,13.579464,-13.560717,3.785772,-0.963937,7.812171,-6.124474,4.246416
52.616142,58.062347,54.414391,67.128891,41.572468,71.066879,44.031155,73.355751,38.863163,56.081795,67.07724,5.456073,50.912418,42.092892,45.529125,45.860962,33.271412,54.672382,24.653774,69.665466,34.382847,67.314613,36.145283,73.181854,38.957767,74.782249,29.826582,31.186665,56.647343,52.274662,43.104206,49.874168,36.203163,29.688196,23.677866,2.427109,57.727524,53.605862,37.830948,23.301632,56.327747,41.221897,30.561119,45.483315,22.83671,22.060379,52.840305,32.191013,21.244181,17.652102,65.534859,21.644901,51.751812,35.073204,44.202431,27.819651,27.42907,37.909893,31.813837,22.460978,43.961292
8.886922,8.219994,21.674747,-12.376629,27.086847,34.51469,14.830941,26.618406,45.836468,7.80423,44.110279,34.759922,18.202997,71.045609,61.524345,23.976719,37.305019,53.515396,-3.070291,55.251488,10.055952,49.001652,32.182018,38.700932,22.251858,72.54496,40.594364,60.118267,27.492823,50.542133,52.858231,49.5425,36.839664,19.033209,37.640759,38.899734,19.115509,-0.193641,37.566566,21.246717,41.526367,23.68486,13.430235,29.219915,11.102388,17.709499,5.549396,24.427439,28.008228,16.955372,31.183657,29.561148,3.99141,6.760414,17.043736,11.7703,44.402561,6.596041,33.538624,35.304604,21.527231
-13.94118,7.588554,1.132573,24.43861,4.746464,22.312302,34.049831,-15.721178,23.437824,6.916179,20.481319,28.540903,19.801722,31.939987,6.211099,19.991249,33.407383,30.876785,-0.798563,33.306644,37.014111,-1.457764,27.260185,28.467381,25.363827,29.154663,36.524242,29.656961,8.006587,7.066704,37.684986,17.645885,23.072184,11.771615,14.545733,-4.298483,2.546877,34.524551,8.804778,17.818686,28.391333,22.536074,8.680909,15.261117,3.00947,-2.432265,5.182789,30.363012,6.615582,18.446859,11.020594,16.653664,10.095426,13.114877,22.112091,14.626474,17.685514,11.210463,16.53833,17.075876,2.270552
-1.487582,-8.80517,-20.179644,-12.756292,-14.561453,0.559117,-8.924886,-6.924288,-14.990628,-21.119572,-15.023223,-32.412666,-20.897032,-26.723419,-18.300844,-18.002489,-10.626055,-13.345896,-14.031704,-15.366389,1.211685,1.279056,-16.329586,-25.457916,-4.432949,-16.179499,-29.780291,-20.896534,-13.807282,-11.102387,-6.867667,-16.912262,-20.918911,-26.815205,-21.024288,-22.520254,-7.469034,-26.434183,-22.255917,-12.756332,0.498339,-19.320251,8.061439,-18.395674,-14.962662,-16.2988,-20.535391,-9.14484,-17.504591,-2.394291,-11.513479,-19.34771,-14.127012,-19.277605,-9.799228,-25.779169,-2.155237,-31.836912,-7.995703,-19.004644,-21.117149
-9.96787,-15.18285,2.715981,-9.879528,-21.859301,-22.749914,-0.629879,-27.055059,12.774014,-14.871436,7.234107,20.53149,-12.302554,-10.728928,-11.49222,-18.365564,11.939347,-19.870529,-12.958041,17.200548,-10.306245,7.548061,-11.307883,-7.864419,-21.318274,-8.506152,-9.562814,-8.343378,-4.555884,-14.253184,0.142506,-3.003106,8.08824,-10.23995,-8.506164,15.889645,4.918103,-8.537014,-2.540518,-12.533624,-11.652086,-13.431679,0.655525,-7.344124,-14.768908,2.34009,7.711029,-3.26746,9.625254,-0.666496,-12.360675,-7.855094,-5.026513,13.487151,7.101346,-2.261526,3.444774,7.644599,-4.843786,21.718985,-4.42559
-11.627045,37.469048,47.73991,48.148567,44.885742,34.612778,45.492809,38.924961,27.526709,35.324368,27.582586,38.45013,34.814445,41.738556,33.656044,37.671059,38.329628,39.876797,35.479183,41.09882,34.177322,41.141968,28.267582,37.623734,23.49227,31.039488,25.496906,43.492161,35.814884,42.856491,41.725937,31.374304,45.189186,46.49564,35.381252,40.644703,40.686962,47.365875,37.063389,44.213615,47.206131,30.298563,32.36623,39.712032,43.572983,28.638018,28.33942,42.142292,29.608484,34.898197,29.021584,36.606514,42.801796,37.53582,24.786335,25.411358,38.65202,24.119509,28.107628,39.549107,33.297752
-6.454482,-3.55524,19.906279,31.887177,31.705015,33.017498,35.095226,34.462399,36.761379,31.002312,29.409737,41.030357,36.879818,34.287666,32.666977,40.168003,38.026993,43.551792,22.333248,34.919933,35.746365,47.003815,44.525494,45.359825,41.905949,45.237492,48.04673,35.782627,45.546394,52.112556,38.622883,49.404594,48.841015,45.880936,53.250118,32.496452,33.380642,40.259483,29.269499,33.578342,46.563915,42.922043,34.987915,37.159004,48.698349,42.768135,47.192532,45.271389,41.604141,40.313389,45.53138,35.075619,28.817139,33.530602,42.00547,31.99494,43.644867,34.908829,38.574837,39.759186,47.903957
54.116306,68.258339,42.883793,40.879631,68.568489,63.738533,36.481365,49.343529,38.937187,66.031761,60.190689,76.684387,72.43718,72.420288,67.897438,56.203251,51.496716,41.448917,47.560871,52.029804,32.100842,47.328388,51.595566,61.554977,71.054016,57.412479,58.040634,68.968796,67.375046,72.22963,96.510422,77.536705,76.615479,85.460602,77.943825,80.719475,62.946888,40.04702,45.466721,57.108738,43.27972,58.3358,60.425583,52.96537,54.317616,69.394058,60.482159,38.781452,58.633636,64.158661,63.403519,36.45277,36.324368,41.540527,20.959038,46.264858,39.092491,27.076723,33.636742,31.152224,62.633724
-4.01917,30.939053,53.042156,47.69595,72.006096,54.124203,44.539276,83.946274,96.05925,50.029285,62.509422,91.631081,56.333256,55.676151,81.247185,68.970116,46.255039,42.783684,76.683701,77.524323,43.139751,59.638344,78.226608,82.453171,69.560616,46.0303,45.926941,57.923618,75.115082,72.105759,47.378532,45.19278,68.242294,81.286942,58.772099,50.55793,48.767036,69.488556,79.230171,73.408852,75.172546,71.464455,50.009857,43.011959,61.108917,81.338509,75.280777,70.46167,57.17514,48.211445,56.504108,72.57058,65.478622,51.572704,74.353813,80.967773,46.984871,49.589569,44.387383,91.179337,62.136375
-1.781562,6.544196,-1.262508,5.996615,9.78439,18.90176,7.310873,-4.573421,14.565105,5.097132,8.797401,1.786345,12.087626,17.614382,14.833894,12.003871,26.286966,7.217931,7.159973,4.681869,-3.579027,12.435276,21.917496,4.160089,9.463731,6.63208,12.527911,13.194403,20.469259,-4.488997,7.483525,9.884496,5.409201,7.344749,0.804867,14.982947,14.08342,17.485388,4.162019,4.833295,8.734186,6.144073,8.028481,4.042667,8.727689,9.603746,10.77929,9.024946,3.22241,18.157887,4.437825,7.597887,6.550095,6.309557,11.724373,5.02067,0.488669,8.692187,3.208172,2.641834,7.727915
5.095914,10.119036,8.614909,4.08294,1.299675,3.225489,13.689287,2.283353,4.383996,7.816959,10.686884,9.146269,13.148433,2.402873,-2.598024,-0.796738,-1.733264,14.717838,7.497751,9.277443,17.317455,32.500111,27.174883,19.687733,16.64979,12.237311,37.911827,32.005421,17.19982,19.937943,17.268389,23.637466,10.456217,11.624154,14.970387,20.786299,6.481127,25.485804,19.656059,11.072183,13.058099,2.943226,10.171209,18.91678,4.097174,14.704247,13.370484,15.744103,21.760937,28.82933,17.931562,16.056112,13.521612,6.381069,13.113309,9.263925,16.249701,13.600789,15.367459,8.448651,18.437834
-33.549816,-39.953197,-26.296152,-45.858463,-32.89045,-54.824272,-33.466522,-28.179855,-20.853544,-47.360939,-21.803333,-44.053181,-27.120501,-56.283157,-44.161659,-56.364597,-33.895245,-37.130028,-22.46888,-47.260544,-42.102829,-51.092484,-23.614281,-33.250237,-41.743748,-32.799934,-37.313515,-25.349516,-41.715527,-23.861572,-34.617977,-20.307484,-39.723991,-37.032398,-62.253574,-34.078121,-54.973465,-46.04174,-27.303268,-34.597,-29.100756,-44.016869,-38.953236,-55.252304,-24.784128,-40.426403,-60.444225,-35.376381,-36.077454,-47.908062,-33.658978,-48.76812,-49.949795,-35.637341,-51.929688,-36.514206,-40.049381,-8.729813,-52.439083,-28.369602,-36.768154
-22.850319,-17.087963,-53.390812,-28.070745,-50.687008,-29.489243,-38.574223,-27.108921,-29.935575,-28.890266,-24.911005,-21.367271,-52.243771,-38.693024,-27.410917,-31.344158,-29.999636,-35.483376,-39.810341,-36.981087,-37.787331,-38.658382,-38.462128,-31.241699,-50.084915,-39.341358,-27.856445,-41.545036,-28.084532,-25.190714,-30.318031,-34.515915,-43.898495,-31.539724,-37.052559,-9.756489,-42.357635,-32.072227,-40.721779,-34.263126,-53.511833,-41.65237,-48.930767,-22.418236,-37.951485,-28.601448,-32.160435,-27.202742,-38.207134,-38.831726,-24.191874,-34.955887,-30.365604,-43.207954,-34.279816,-42.168739,-34.327797,-36.170326,-46.641514,-29.062151,-46.225224
-167.282043,-165.454041,-172.671555,-173.346619,-174.42128,-162.603287,-163.243118,-169.777252,-169.656296,-162.746658,-168.241623,-174.473221,-169.585236,-166.99791,-172.789413,-159.087143,-171.200119,-163.731003,-171.676834,-152.989258,-172.484756,-151.163834,-164.786438,-160.454239,-161.59343,-173.212418,-156.127548,-141.677078,-171.229218,-139.503937,-162.063843,-130.769089,-172.273178,-125.5019,-170.182632,-167.328751,-110.406128,-16.977781,16.640614,17.195498,104.879478,121.190765,125.509003,109.204185,121.31192,85.541161,83.739784,90.128769,90.100502,89.868027,86.298691,95.599533,91.703217,92.991066,90.328613,9.945419,92.392738,83.329712,13.228759,12.337188,-61.075558
-42.691326,-1.590254,-43.085785,-25.807077,-29.585375,-17.060305,-3.554315,16.55928,-12.976667,-18.828115,1.419306,6.402973,-33.346325,22.936527,-19.458488,-33.138245,-7.463981,24.300232,-2.967204,-38.850468,-32.641712,-4.187496,-20.605865,-41.183796,-48.040745,-34.771225,-28.125093,62.360413,14.367126,4.786529,0.940982,-44.984737,-41.898895,-33.931713,-26.792028,-7.229978,-27.613173,-24.83202,11.106191,-22.613699,26.475359,-40.90052,9.895254,-20.931194,-19.947765,0.799702,-18.152622,-32.100864,-24.7166,4.677629,-17.963455,17.777382,12.961997,-32.011299,16.334345,-38.916111,42.195423,22.91493,23.278374,-16.193586,1.558276
-1.971307,-39.938164,-36.684952,-22.405693,-3.453649,-19.102114,-21.562635,4.499018,-33.785946,-38.274208,-16.056816,-22.624271,-13.077864,-14.161644,-24.226791,-9.920596,-15.841292,-25.678518,-32.874535,-40.516064,-21.281973,-36.685928,-6.745101,-26.415192,-16.077387,-21.399639,-16.850815,-0.92629,-9.799707,-5.696863,-7.026771,-3.004872,-4.740259,-0.838167,-21.507587,-16.625866,-17.905308,-19.942219,-12.167162,-41.368603,-37.884033,-43.732239,-41.296368,-19.824871,-27.644188,-21.171017,-15.655009,-19.633038,-32.503922,-34.674744,-45.453293,-30.255075,-31.037134,-42.41515,-7.356523,9.4331,-9.872499,-27.334785,-37.091869,-35.22831,-43.037991
-30.247213,-29.415142,-10.025272,-3.676745,-9.171013,-7.809463,-7.32911,-24.992981,-7.560647,-39.192738,-31.733025,-42.159153,-26.248543,-16.457485,-14.639482,-36.905445,-11.109722,-6.703333,-18.945839,-34.454742,-34.455219,-9.458846,-10.02674,-11.73116,-20.558283,-19.633572,-10.50675,-18.889639,1.469654,4.617158,16.569702,-17.776894,-7.742961,-10.749791,-7.48804,-11.820262,-20.690876,-18.148724,-24.424034,-4.458125,-3.831125,0.95351,-18.023937,-3.550728,5.997362,8.864174,14.110076,5.190226,-6.877227,-12.650038,-16.422268,-1.516936,-11.455957,-2.685921,14.280927,9.535428,-25.469709,-23.358629,7.765391,-14.47455,-12.493905
-18.418667,30.217287,-12.944066,-16.6712,-18.328955,17.055614,-42.255684,12.331388,-34.13625,-33.561325,-22.909124,25.419199,-41.342972,-37.447044,-29.920795,-26.819096,-29.271257,-37.880852,-39.570774,14.842547,-40.133987,-12.168638,14.087955,-35.301296,-41.604118,26.68951,16.857286,-9.073441,-40.187294,-36.925831,-15.659107,-32.506676,-26.282106,-16.809694,-20.308836,-30.573019,10.622247,9.249905,-38.132439,-14.999846,-34.676517,-18.844997,-40.486599,-34.812653,9.034575,11.907111,-37.299511,-20.17445,11.310207,-18.680527,-37.969479,17.422739,25.900076,16.149746,-30.325798,17.394449,5.99379,-25.759987,-37.737,-40.120403,-43.071423
-39.621544,51.44315,-25.769728,-22.68511,29.313137,-19.822922,32.83712,-27.47537,22.533043,-12.361231,-16.14249,22.919525,-21.395798,14.135447,-14.523837,14.181293,5.498241,-37.786266,22.717457,-29.087959,5.37833,-23.5455,29.41934,-18.679909,-7.763779,34.022644,-26.870218,14.49624,-8.103366,12.100348,-22.989649,68.731483,-18.131914,-31.679073,25.348593,-25.166428,0.756244,-44.732376,14.455111,-23.418024,18.234045,50.518059,-24.992157,32.574516,-11.502391,51.479568,-27.747944,19.709866,-13.503484,16.571447,-14.735872,-46.354027,-25.198376,-22.236572,78.039291,-20.519987,-10.248995,-21.711721,64.88105,-4.894357,56.429688
-12.153189,-10.640676,-12.661531,10.799733,4.449906,-21.405939,-1.611247,-10.220718,22.758297,-14.531896,-15.041803,7.632584,16.181955,4.071895,-14.233236,0.644294,-13.705427,1.062272,-30.276419,-11.197197,16.840979,-32.366547,-8.252619,16.491785,-30.614056,-12.619008,-2.42801,-1.272552,-19.685671,-3.885468,-3.659386,-24.982338,-4.822068,20.658751,-0.340749,-25.733004,-23.289047,-6.236682,21.557171,-11.239835,-15.739787,-6.391008,9.10983,-17.874405,-12.302597,4.046736,4.407618,-13.352089,-8.176784,0.212947,10.135012,-20.043055,-13.851386,1.658458,4.999613,-22.898043,-11.34659,2.343727,11.524756,-0.217427,-18.164715
-14.227634,-15.854997,21.49576,25.124998,5.053436,-21.174171,21.421438,31.765551,-10.091486,11.988296,37.511841,7.714823,-14.600709,5.954212,26.967121,-2.809314,-8.888867,18.5634,3.369008,-9.55053,17.825602,18.674429,-7.818425,-14.865507,36.560513,0.575405,-30.390432,28.544432,24.137817,-17.299456,-6.806363,25.643206,1.423088,-20.160089,-9.105204,17.985249,-0.68703,-22.849085,-21.418253,20.809851,-9.810336,-14.117788,-28.55888,9.459889,11.145155,-5.589449,-27.367809,14.884642,-14.321414,-0.407247,16.583178,-14.642742,-2.33397,17.68486,-0.535602,-17.316284,7.413793,19.698261,-15.261098,12.791569,-5.865837
-3.085129,-9.049338,12.99928,-8.914007,44.652748,28.05982,17.405746,38.690632,-2.901966,34.162422,29.893221,39.426292,22.670832,26.403368,45.782024,16.795105,42.228737,20.4063,40.037426,34.05336,27.856955,36.126247,30.512535,26.229977,17.723635,45.919365,31.473574,42.396744,25.24309,39.580425,20.150528,35.450127,31.335327,22.925741,37.10323,16.078009,34.753609,27.275673,43.587376,18.191933,43.257351,21.903561,47.572201,23.12936,43.584278,9.793777,45.349934,17.131468,39.6632,18.406176,30.666594,10.727428,34.840569,19.831875,48.775661,42.81929,30.946388,32.940781,43.981918,42.972622,29.260708
21.977747,41.092426,32.169285,17.848171,64.541695,32.655857,16.461758,59.987518,20.959307,46.13393,23.934273,20.64518,50.477741,17.732025,43.420036,38.968418,5.130478,34.605076,14.439107,42.365395,43.612854,17.870741,37.916542,25.312775,4.725118,51.0686,19.496538,34.76091,31.776495,0.576829,38.952938,0.214356,27.671057,36.594807,12.730019,36.543953,11.004097,43.741413,16.01969,40.884102,18.478746,3.508515,45.316235,15.588666,3.744632,60.797161,7.343103,54.352032,5.84483,26.877317,17.521801,37.757961,31.271807,23.382713,26.174965,22.696775,39.938683,25.112141,38.556984,20.524899,31.694111
59.653889,49.590046,32.522335,39.459122,58.866199,37.878414,31.293295,40.686245,39.571835,42.199093,35.887798,35.021202,64.733162,41.322723,32.612667,38.985134,34.987762,51.157009,39.779594,46.547504,45.042767,39.921417,49.429222,41.017754,40.074654,44.915035,48.466038,40.578903,42.680473,36.949829,74.568748,36.37735,39.504707,54.815975,72.525093,44.697269,46.819607,56.277992,69.435066,41.293247,53.340683,74.744568,46.403732,52.218834,70.784386,43.462673,54.660027,65.879257,30.738638,47.892971,59.020786,47.498096,40.749641,62.809921,62.420921,35.242073,46.190548,49.545269,61.438766,34.874222,42.344666
12.986042,41.161243,33.065926,33.852406,34.752319,31.901516,29.269001,23.031744,23.291298,26.338148,34.937229,33.875454,23.701956,22.201946,22.326513,28.21512,19.76297,19.368856,13.214734,12.486405,18.829214,15.835126,28.265663,29.153137,24.912642,28.966242,33.452488,29.346516,27.796427,18.260548,21.063362,23.093708,22.864096,21.572422,21.406702,20.176752,19.928036,23.796782,17.523619,19.366989,15.350251,13.970103,14.954352,17.04878,26.290083,23.749454,25.385439,17.996996,14.522135,18.003742,17.434015,22.384428,15.878527,20.370058,36.679745,32.508007,24.085882,28.303612,31.393913,27.174215,25.692886
11.956584,17.691225,20.231983,19.15324,25.201757,19.626942,17.744425,22.261049,22.446558,20.696781,15.645194,22.989607,19.295572,16.699554,13.54249,17.103336,28.975172,15.837467,17.471781,15.104073,21.265352,21.712471,16.806353,13.621284,16.577246,16.351789,19.044792,28.295431,33.249996,23.824808,23.837992,22.389721,19.003292,17.431213,16.430162,30.035524,32.636303,29.812803,24.106028,27.861864,23.564217,28.066862,27.228168,33.344147,29.211159,30.517326,25.010881,20.45406,25.52969,25.851036,26.436699,24.207079,25.349352,29.851097,24.676334,23.64286,29.031378,26.751596,27.663307,28.631607,26.938543
-17.535072,-30.419067,1.924929,-6.844393,-15.926023,-14.775422,-13.539743,-9.543453,-33.043018,-23.100531,-27.246807,-35.723507,-25.560951,-22.454672,-2.147019,-24.3225,-29.801004,-26.645285,-24.81426,-37.07299,-27.520796,-24.100908,-25.94212,-28.916763,-15.433433,-32.520512,-26.065958,-21.582912,-25.663113,-15.388633,-31.622919,-29.609304,-31.975086,-27.681988,-27.718172,-37.32338,-20.169897,-36.896351,-17.81666,-31.361149,-30.358765,-33.372833,-27.31666,-27.974209,-27.64073,-27.708021,-31.044275,-33.631741,-30.072565,-31.116768,-28.089617,-23.358665,-41.399975,-37.040363,-41.734226,-41.975418,-32.75848,-31.277178,-33.441483,-37.764137,-36.404167
-9.662175,-33.544693,-15.565434,-18.955671,-18.432716,-22.552662,-13.133035,-30.636124,-13.167352,-8.81408,-24.364389,-7.299452,-24.9475,-17.637211,-5.787435,-19.653456,-22.269009,-18.71797,-0.608795,-18.557266,-7.658187,-10.585694,-11.707009,-7.596666,-15.127339,-8.646331,-28.065369,-22.993673,-37.818363,-4.729031,-21.484917,-19.504366,-23.315348,-14.133298,-7.167875,-22.286709,-19.833731,-8.811785,-21.799187,-13.946453,-32.692753,-37.283424,-21.731188,-14.415234,-13.10243,-28.183645,1.173755,-12.809033,2.33348,-0.640084,-9.259151,1.903417,-24.460871,-5.915347,-16.371288,-7.438967,7.288024,-18.667633,-17.351332,-17.553585,-18.564133
59.015568,72.673538,65.464668,23.824299,56.437553,55.724728,57.622932,48.994045,65.488358,70.74102,63.162155,68.171616,45.771523,47.813705,66.679535,64.804787,53.244949,51.788517,73.187439,69.564636,67.420235,49.648888,39.236526,41.818817,49.695946,69.90258,45.129314,37.844967,73.70298,48.451817,44.224152,62.504532,66.345009,49.237839,56.20224,47.665531,71.1343,71.561394,68.128723,94.572273,78.02462,70.221695,67.679375,79.75444,76.087173,75.76535,72.232048,96.300575,77.468277,50.883102,74.395676,64.61203,64.478462,60.712795,56.879726,55.550617,60.442429,64.064995,64.142151,55.244564,58.952579
63.656612,63.006844,68.982033,69.796394,73.434097,71.29287,55.646118,55.061169,58.621651,43.156952,33.20488,39.450111,36.290314,54.99733,56.848118,67.830528,58.098534,68.906204,50.398087,59.789223,68.320564,62.797504,61.007973,69.089516,55.700871,69.774239,75.280281,74.734802,74.080421,76.915916,61.087029,51.912533,58.53595,61.346813,49.960331,58.762562,55.601395,57.80209,57.206467,52.337894,61.179325,66.171631,59.724895,56.118378,60.467701,53.571503,60.314396,70.397392,75.002083,73.0625,70.057274,65.833176,68.901451,66.310493,68.072983,76.449577,64.553497,57.414845,57.101772,56.070091,55.87001
4.187924,10.173338,7.843783,16.428268,26.627676,14.429338,8.337394,6.474013,20.025076,4.933218,21.281126,28.062925,30.534922,36.283497,25.941877,26.720985,14.815125,12.944515,17.279911,9.891276,15.450472,16.839434,10.204615,25.357908,23.175732,18.871668,14.222981,11.659112,19.171297,11.837904,11.054626,2.363994,4.134574,25.181408,8.673738,8.603278,5.671312,7.245185,8.033398,7.105283,14.685698,7.406495,18.047934,15.279676,7.200986,15.039805,10.974587,16.976261,8.241034,12.781986,11.334731,8.383974,16.211754,11.632701,9.011775,18.986212,8.518753,12.101716,3.9189,9.2902,8.05557
23.093506,41.164444,36.504536,39.317341,28.692392,16.10737,20.654352,20.231131,19.216866,30.313629,24.818617,30.462627,25.893894,21.178654,36.385651,27.805235,17.390858,23.24044,22.645515,22.81851,24.462765,29.222197,28.98646,27.877218,27.122204,36.372482,25.775379,19.985334,17.840816,25.005228,27.668934,30.433661,31.730803,29.799679,27.321356,19.651552,14.6955,8.580489,15.400394,14.931563,12.608855,11.719744,15.06139,15.683496,20.310072,15.344365,19.21661,24.033718,20.00915,21.875011,21.935772,19.728687,15.648626,16.075674,21.260305,18.554733,17.694847,24.81601,25.160664,18.079542,14.955734
60.488537,61.770157,36.632019,47.773098,37.810047,43.309364,36.671459,28.969154,22.867256,68.022362,21.304991,77.105934,42.335968,62.348049,36.422615,82.271446,30.657923,76.801971,20.562414,32.761448,27.027403,86.332176,29.612341,82.255722,10.187193,45.783478,14.877872,49.482361,9.42882,40.144001,8.288085,15.439337,23.84495,15.904214,77.095184,42.306091,23.201334,55.527756,25.183775,85.161995,-0.964206,24.839226,72.578674,21.465807,47.641781,37.883701,14.714643,83.928352,25.910404,56.330276,60.631733,4.644391,79.096542,24.799267,77.304512,37.92662,40.300194,26.04406,28.60943,71.04158,11.011241
55.766602,66.514114,85.395897,118.329857,36.376041,77.886063,110.596886,31.377357,117.958176,33.710545,77.784035,114.247231,52.853443,40.825264,109.295464,82.257744,49.268879,116.302574,48.483845,54.346436,87.30703,30.141731,93.133286,72.884888,53.600353,38.068157,81.402328,35.247898,68.776543,34.791416,41.833752,79.943398,28.965944,74.036987,97.500847,38.276764,101.731712,33.585228,91.024368,22.923229,61.12104,25.428766,86.567459,46.019485,45.670135,66.769821,25.495502,50.427586,13.740051,87.560883,30.431963,72.320206,29.869955,64.365654,35.229477,45.338303,28.700565,94.396072,33.450989,48.527954,45.481327
-19.993793,-28.123947,-28.878361,-3.024667,12.708044,55.490883,-15.009787,-39.77869,-27.897007,0.308413,15.210288,3.113891,1.203255,-41.954578,-45.482361,-29.228025,1.104666,18.121571,17.445614,-12.192687,-42.252605,-28.994682,-10.936709,20.593887,15.170163,-39.559189,-35.922363,-5.95188,6.527338,24.883011,160.099197,-30.554125,-35.278378,-19.76849,6.814743,14.65794,6.785274,-20.898094,-24.97118,31.546589,27.583345,-6.182582,-167.160202,-29.51687,1.557843,36.692883,17.545586,-71.26165,-19.169064,42.312035,27.49283,-26.405821,-74.394394,4.198605,18.956636,28.279276,10.332821,-27.041658,-30.786013,18.830944,32.221542
43.36702,41.469994,33.674419,52.745476,50.806114,34.440556,28.043709,31.575964,53.732201,26.183258,23.338617,39.592819,29.684145,20.175388,22.142069,47.390884,25.848831,24.423519,43.090237,41.610893,31.03614,24.51771,39.413364,48.044216,41.981655,26.474644,32.599567,25.227613,38.797062,49.754684,49.982971,40.62944,28.604303,23.887383,24.110964,22.116871,35.543972,49.265705,46.887672,28.592297,35.815659,29.199806,24.535486,10.060326,17.794266,26.500507,25.569563,45.177448,54.863602,37.31934,30.229942,25.979177,17.178228,11.771731,33.620693,45.243877,45.013432,38.272396,33.106827,28.903479,19.514954
42.871326,36.053299,8.710516,47.2691,60.915123,27.397411,-1.700417,63.568687,34.088463,39.912022,12.980128,49.215931,64.899864,43.704491,27.985447,20.433157,32.747791,50.414848,61.081261,37.9534,-1.866314,16.885191,60.531807,35.136066,43.917572,7.802052,5.991644,82.091881,56.016239,30.857792,39.689583,26.491383,27.013784,5.246348,24.017227,9.236439,54.494576,58.746056,51.096107,38.07103,32.657043,5.488209,10.408575,57.449154,60.703888,28.633135,21.073503,49.416004,58.985878,30.449543,29.915625,13.64072,70.808159,70.568459,26.112223,-11.147216,30.82604,69.995323,56.111496,7.094763,11.358901
0.128838,-14.647964,61.445442,27.713009,-23.215143,66.949081,-2.391321,64.982292,35.091248,4.804385,24.546671,38.706985,46.417797,65.373589,68.132339,66.302826,67.303261,62.747822,27.891943,-7.408776,23.070038,34.529034,46.172745,37.493141,50.607712,64.744751,62.651871,64.676018,62.45863,34.244808,19.447132,1.438558,4.061375,14.610481,77.014503,77.733459,60.313343,59.729847,12.245454,13.045617,4.757632,0.00752,8.709349,5.806006,3.263309,6.923664,20.552031,16.060886,15.489609,31.667896,29.243725,11.944561,9.202183,6.254687,9.615569,25.9925,51.627506,46.991749,48.01791,61.880512,66.094368
20.066462,31.84411,41.737694,37.316914,32.617008,51.317825,28.321716,42.526836,40.775497,37.439278,49.892258,32.350842,47.224491,35.975727,52.111359,29.212822,42.351093,44.557034,43.035381,43.67926,35.771172,56.347618,33.827621,56.005127,28.895502,51.102493,43.396767,38.429935,40.392838,32.021584,51.1609,31.549835,46.04858,28.217718,31.728203,41.698822,24.107336,40.612556,25.922739,49.680359,26.0623,38.089298,43.925724,25.507189,49.814991,46.844688,24.462475,23.6166,44.324821,37.425934,29.209141,50.764729,18.918884,48.747841,43.185425,22.335455,58.862209,29.781315,20.598602,54.556301,46.830559
75.405876,23.558773,33.522732,25.798197,40.327385,54.714352,55.918854,69.128304,62.026348,70.850609,64.333748,62.115448,81.432899,43.356506,40.393127,26.005457,52.73735,41.379154,42.437,53.146164,32.228027,37.227173,38.170803,45.925037,66.402519,46.11795,22.430838,27.763348,43.049313,57.250301,68.325966,57.847263,64.902687,39.352646,26.184757,38.384495,66.69635,64.28524,43.244793,37.457668,28.731798,26.233833,26.269009,42.520508,34.94014,65.260925,33.406765,32.094128,37.070232,31.211885,52.140526,45.900276,52.458435,54.606232,65.345749,69.509445,62.133591,65.401169,52.709309,57.438908,52.51754
-17.863258,-19.259804,73.607803,62.826466,59.484577,80.044601,38.677479,68.354988,65.443703,67.097466,63.608002,36.463547,66.272057,66.007881,58.110893,52.15699,44.613613,69.397743,58.600845,58.365116,71.813248,57.109119,50.584679,42.542377,57.923565,28.15414,37.720352,41.476852,58.489979,57.672173,51.2784,50.046795,54.477833,44.383877,34.286018,21.917589,21.129921,26.699137,40.102501,61.604858,60.5256,56.521805,41.272369,60.992661,66.805008,42.517113,62.485561,51.67765,56.468243,38.503578,25.619761,30.651878,51.399532,52.151325,47.486115,46.176613,43.07637,39.028488,28.11487,57.19138,26.027071
34.399723,10.784789,26.112514,22.241373,7.403399,33.044724,3.371025,20.414467,7.488951,19.765318,16.789791,12.827518,35.33292,5.136156,63.547569,6.030528,36.55624,10.471885,13.437064,30.840054,2.352251,85.44101,45.115765,2.295805,7.769099,49.95026,0.505279,44.531258,1.397819,20.561626,9.643547,16.57613,28.697283,1.542479,82.696968,23.382921,14.158473,39.659077,0.643568,31.616663,-0.435334,32.692715,11.464476,23.595509,37.770866,-0.311033,76.792549,3.720543,11.255436,32.743183,1.798124,60.369946,4.001112,-0.462734,27.977581,-1.221455,69.471039,9.603791,11.274164,27.461409,-2.358183
2.556065,10.777485,33.581078,10.802767,12.50572,33.032166,8.43753,5.064319,41.712509,13.430138,3.918624,34.835526,10.789579,15.838372,6.809617,2.03281,14.185946,50.775417,-2.382626,22.783587,13.794998,-4.031458,26.60601,12.620514,2.174588,21.368567,18.18734,3.440015,32.013241,13.181693,-2.396551,26.010471,17.838783,1.668299,27.494411,20.953476,-0.353894,10.204973,29.836733,11.08136,0.565544,28.154247,17.175663,1.66341,10.189243,30.741718,13.741869,-8.595791,17.843349,33.103786,10.872891,1.356898,22.333351,29.083185,2.391596,7.854894,29.802288,9.815582,7.222956,5.55492,33.82489
15.574751,54.551701,57.980389,4.08889,21.788275,58.27351,21.070562,12.668371,33.790882,53.709854,8.684576,19.618195,37.001213,42.195099,9.432278,42.158855,54.730793,-1.132872,31.08082,38.276009,8.353321,28.916395,44.451515,2.055727,20.751352,40.421745,5.352602,27.038475,48.423092,17.105259,11.438386,44.394241,3.190177,27.66387,42.220379,7.338061,21.509445,43.103199,4.373183,24.849733,56.257523,15.293936,26.609289,40.146389,36.478119,16.837599,44.714321,28.467625,9.112861,44.593204,11.935266,5.608369,33.142269,4.49466,23.108673,36.719627,6.37149,22.200125,33.966324,6.216224,12.539984
-2.001352,13.662095,2.405347,20.509583,36.077175,10.386925,12.291079,8.850413,38.840969,25.99852,6.037279,5.71849,14.262851,5.691283,47.591984,22.990601,15.113013,7.403741,18.160091,3.723174,11.353575,34.636505,14.326278,14.676106,10.404421,17.629688,10.726055,29.612064,44.065258,5.582327,9.616173,12.043358,12.715584,5.181221,36.591221,39.240295,3.042304,11.854073,6.055363,7.197168,26.502869,28.970026,8.509367,28.193611,13.757077,4.077464,14.256861,39.195847,36.024487,2.069648,19.481474,12.169264,6.489244,40.264664,24.298054,2.007253,19.608561,14.73029,6.492793,19.007019,44.515247
-0.618327,26.674759,31.02737,13.39586,-3.352701,-0.452315,23.301235,33.66164,19.162117,0.98712,-0.916719,47.517941,32.099445,0.538494,-6.167818,0.644932,29.883089,33.139378,6.179082,-7.275845,28.541176,32.680927,1.954978,1.378633,42.270821,28.359434,-5.788965,2.392355,39.416187,19.016993,0.568772,12.420017,38.649632,32.258171,0.936154,10.133511,44.89537,20.952971,-5.835874,17.688948,39.36832,12.593864,-3.582342,28.641842,34.121147,9.938308,1.753677,29.985773,29.258055,19.943796,2.261212,18.248188,43.484863,18.356936,-0.690097,13.406354,35.195881,11.04696,2.290587,40.137634,18.037374
40.563686,29.408861,28.085567,26.370167,37.327663,35.986095,41.487473,27.642927,21.97311,35.168892,27.025139,24.789034,31.233957,36.088654,24.71451,29.627523,24.249681,34.979996,30.914846,31.121296,38.708824,36.324913,33.835163,30.948359,13.804824,17.590271,23.354151,32.033924,23.658262,32.790592,28.550718,21.110577,26.836735,25.941471,25.561581,26.960794,28.127563,15.587279,30.09145,29.487375,19.304993,22.628815,21.858358,16.285639,31.869457,24.429859,30.099886,24.171249,24.209042,21.718809,16.873613,12.27331,23.265724,17.302307,21.09709,22.545815,17.974422,18.878048,19.850307,18.386215,18.513836
25.957476,40.540375,32.542877,39.539845,43.936588,36.839703,34.348415,46.826054,36.091099,27.601116,37.641186,36.31694,44.445198,30.112398,23.460636,45.668339,50.810047,42.557091,37.62553,39.256191,38.01741,39.692318,26.784101,51.077721,34.071487,47.163033,41.373699,39.095131,26.266403,34.99749,37.131878,33.412769,27.715233,53.149139,35.79599,41.948265,29.038786,24.714588,28.170158,41.066139,32.661617,31.404514,40.341709,31.307528,24.715626,23.277868,25.175493,28.090212,20.650011,29.211296,29.115107,23.685383,18.665432,32.068623,33.539719,15.534864,34.196404,24.62339,31.497343,17.309933,26.576902
-2.123373,-2.638232,-0.484244,27.741413,-0.222017,-3.805537,9.914321,22.174873,44.071938,19.290281,-2.277105,-1.995067,4.689447,12.155581,26.805895,77.555359,20.776239,-0.134377,6.355694,7.903654,20.745173,27.223377,61.632084,42.554676,36.667267,24.092806,12.093666,15.950396,32.116543,27.707718,39.186577,13.755888,1.62542,7.018495,23.318928,38.305408,8.247577,0.342258,8.216927,6.725846,73.408394,45.475082,20.82476,-3.281111,-2.958637,-3.986883,42.880085,26.051281,49.7873,6.643292,-1.387847,9.78837,21.344782,43.959995,26.344814,8.521434,6.048217,25.965208,34.823727,19.276667,-5.874549
-2.44984,-5.148251,43.917107,23.610575,17.582642,26.550877,76.223175,19.04855,21.019249,35.909641,59.484596,33.131622,24.183308,29.800423,69.417389,23.073263,17.772135,29.095438,53.291142,61.573235,13.200655,23.177391,44.701614,18.776928,7.309573,30.741285,25.724134,22.145918,11.393969,51.146912,13.083948,9.422827,23.237516,31.486811,65.371529,21.258284,18.895763,21.586451,51.987598,23.879311,15.569595,28.757153,40.623169,50.291969,27.869856,16.470472,16.941599,21.318127,38.026794,37.443802,34.616322,61.891827,11.228742,16.648447,29.581167,44.368694,27.873774,11.164544,27.52051,24.780855,24.132301
-4.227221,-4.076588,17.271475,7.642079,21.73279,40.162037,37.919804,55.057968,51.08762,61.826633,45.435802,44.826275,30.471697,22.300835,30.242989,49.463299,69.94603,62.464302,41.78363,32.542339,51.708481,64.231911,69.566063,51.680878,38.414024,45.696701,68.833206,50.126553,58.53981,70.474289,62.673508,55.476364,47.704056,38.484261,38.22739,44.560413,62.373543,50.797352,59.576557,53.924694,51.904083,51.450603,39.94173,41.383965,49.355511,53.743038,68.985855,62.162884,52.806534,63.173649,58.631493,50.472069,50.8172,40.919292,42.629929,54.931339,46.768864,48.976757,50.660133,60.124512,55.449196
-1.997108,42.678776,43.751938,10.006483,31.15056,44.744148,25.914761,16.862993,45.146381,35.518585,1.363317,14.60853,48.010532,39.414143,5.88149,3.453987,22.836721,48.984325,45.257568,35.337044,21.465439,3.185848,12.926381,29.226978,37.632751,24.905712,6.370407,6.480544,19.006613,44.338745,43.010029,37.117363,3.633788,1.479808,12.382306,38.389572,32.957058,5.793414,-0.179384,1.577668,18.516859,45.369274,43.661938,4.085002,1.082455,29.933865,43.791142,12.040125,0.710873,39.088707,15.379339,5.061505,34.209198,43.342346,21.825417,-4.167057,4.951471,33.477936,42.925983,25.379427,12.247892
-3.900967,44.153133,73.409081,48.971577,72.711197,70.931648,38.656284,63.193165,61.156559,71.466255,70.75795,75.099449,64.529655,74.216293,75.382835,70.709564,60.844711,59.988918,71.528,62.673203,61.107613,62.166168,56.63501,51.56271,48.475712,47.703068,44.904816,32.814266,40.20042,38.545654,37.859688,34.194668,29.820955,37.638515,42.004978,26.393744,30.002514,38.203087,37.607056,31.418331,33.174335,32.48954,36.246567,47.932724,40.781216,35.772358,24.404598,104.774803,29.700928,23.667526,28.955116,42.810726,50.064754,57.995548,70.81546,69.840599,65.797272,51.761391,50.514378,37.250523,31.246384
-1.32603,-12.108926,1.746378,1.328751,35.320461,176.818497,-137.824768,142.934219,13.514688,7.479888,8.76208,10.48054,12.206702,2.816857,-163.864807,2.189843,-26.924751,-68.618797,-41.664665,-5.317888,-8.080588,1.348492,-1.529313,-4.843241,-1.736868,14.374844,12.221746,4.344127,9.172135,-9.455277,82.659653,-137.974655,-129.064941,-172.72139,-47.994671,4.910149,8.158798,10.409468,22.057495,97.429741,134.448212,164.532516,149.755356,-161.711914,-1.302355,-0.394172,-0.964165,4.703724,-5.510666,-3.565563,-14.633849,-13.307474,-15.543081,-47.327221,-38.596375,-164.805984,-150.530334,-118.501381,-35.700474,-6.430094,-18.465317
-6.39596,-5.235222,-27.441927,-9.827675,-43.242073,176.481369,101.350449,96.329338,68.981796,150.073364,13.148738,28.542164,29.711159,19.402815,30.498642,9.461889,13.858959,2.63862,0.147719,10.198984,11.209175,8.459757,-3.15883,7.870265,31.620123,9.603935,2.091374,9.642046,15.904439,18.360266,4.409623,-2.547647,19.082825,36.815666,59.217098,80.400429,-127.192451,-103.153702,-102.115395,-95.135017,-114.799469,-104.327606,-150.287872,-4.388351,-2.67643,5.291545,19.765146,42.688824,39.96645,59.13662,23.782404,30.695513,22.88476,15.357658,8.835646,10.740615,4.58188,-13.908649,-21.477156,-14.778275,-18.478399
26.627384,29.237879,40.390659,23.918358,32.827801,29.316067,37.78257,55.528,57.212288,58.832909,46.175327,59.719254,32.27282,21.501602,29.327446,9.726879,29.495667,33.371471,38.633911,22.37434,5.159359,14.634445,14.174811,44.153679,41.532001,32.64476,6.399652,14.959195,-7.151917,45.842731,47.159782,21.475061,27.434519,29.839607,44.26384,52.305202,27.597357,16.6824,15.021497,19.89645,35.396286,52.184818,48.702869,29.12697,24.533987,33.295399,26.248055,15.483364,34.691345,63.86776,49.627834,35.598057,15.876978,1.407348,66.074066,27.741894,53.640415,12.432446,21.631088,0.931697,-11.524207
-6.480415,-1.04697,54.898743,42.386845,38.372631,28.876507,-2.903077,43.176292,82.991676,44.576916,55.354805,36.193199,34.573242,41.354004,20.954678,13.140153,39.703903,80.276817,33.053406,22.240458,33.15707,21.663721,12.941609,40.072971,65.255974,42.192856,30.034388,45.477917,46.648651,43.019726,44.139904,63.819595,59.413322,39.053013,37.277218,48.946526,22.477938,52.39875,51.23193,47.465626,33.843807,31.22892,31.369858,46.440784,24.000717,59.810478,89.025124,40.789726,30.022657,90.929848,105.402168,28.931906,36.702267,90.528076,45.715591,33.311489,83.123924,30.648508,80.481346,-32.927898,34.20644
-30.000015,-32.340473,-1.388835,-32.205265,-20.157745,-12.766405,6.37721,-23.557371,-25.189241,-17.730911,-19.783335,-16.487396,-11.786088,-4.98778,-17.72043,-26.633417,-14.025589,-20.480791,-9.670428,-21.277563,-26.911173,-25.326927,-20.839638,-19.348482,-17.77906,7.51108,-10.401667,-12.710926,-15.797268,-11.319514,-29.055803,-20.454456,-0.922399,-19.397238,-20.76446,-34.410221,-28.31674,-33.8815,-13.109358,-22.234005,-29.461363,-4.681157,-17.173172,-25.210485,-33.69706,-32.552383,-19.203375,-6.069484,-19.572618,-24.170162,-22.34206,-26.733667,-33.156368,-22.548901,-30.62184,-36.056656,-26.307331,-22.143864,-30.947174,-27.380384,-29.089701
-6.704118,-13.713417,-4.856652,-27.623404,-27.082014,-30.869102,-19.324078,-15.197306,-29.390245,-10.970844,9.266111,47.042572,81.016029,84.819382,54.53384,18.510387,-23.795952,-44.186241,-37.972538,-35.617649,-103.270012,-7.471902,21.333515,28.831171,53.589108,50.636166,16.751606,33.066582,8.41059,-9.867037,-25.705864,-31.739557,-26.961727,23.446709,33.214458,58.255497,-7.534949,15.68257,37.654884,44.167728,49.856827,4.417224,-20.668985,-32.012318,-27.701511,-14.876072,29.818445,61.448513,61.244457,67.502647,43.674309,-8.76866,-108.011353,-29.874773,-6.330225,33.713818,33.641964,5.261386,-7.069172,-30.042933,-26.90131
148.154953,-2.218748,-31.984854,53.618244,4.719023,13.56391,30.975691,29.687237,32.430588,11.924426,9.056649,25.954973,14.541779,-8.492682,20.176716,26.787626,18.714361,-12.973048,23.705503,27.80253,22.739384,4.540673,7.067239,9.532693,11.103384,27.313936,19.284929,14.148003,27.852514,23.59573,2.207245,18.356503,32.734516,20.294329,-18.627056,8.064327,23.511374,-33.169601,17.198969,-61.833942,13.73189,9.080086,0.221903,-14.269315,4.36081,-7.402727,30.967379,12.119304,-12.472491,4.598892,-6.833156,2.452182,-9.196262,12.409489,15.87469,-4.503814,-6.637987,3.366363,4.515037,-1.433519,-2.538613
-165.909302,-18.498808,13.750879,4.02857,21.614475,13.550725,11.385836,10.208582,4.616405,14.283147,21.54669,-11.113718,30.765003,17.532997,39.280239,24.860746,34.698814,-30.985352,23.571066,-45.994308,35.663193,17.968742,10.155126,-13.577431,5.737512,6.984471,11.403324,-28.160664,14.615816,2.00471,6.525881,5.166131,-4.158918,18.394575,-8.708471,41.300705,16.940128,26.120975,-4.150184,8.988122,1.468624,-11.999865,18.682234,-1.505936,5.240404,-3.870917,-1.54802,0.189803,-20.875299,14.121072,-7.409679,12.87405,-12.921144,9.943851,-6.425195,10.733274,-4.048692,-10.930988,-25.123985,1.982985,-48.702591
-10.050821,56.844643,15.726693,15.988314,37.286053,46.398529,42.005756,42.650578,9.850441,14.152361,25.28618,9.612491,7.927497,20.799938,15.883506,17.996166,14.317511,25.487434,19.029224,39.114613,11.208726,57.995094,32.133442,8.211968,68.090927,45.709309,7.034756,68.005608,41.687233,34.452625,69.905952,63.526478,21.143007,65.639748,66.205124,23.045185,43.520058,66.39537,72.125198,40.37989,9.11204,40.577606,61.720295,44.725636,21.066471,58.29863,33.700901,61.943989,22.711065,66.250252,32.783707,46.325535,42.161335,36.264767,39.818268,62.564621,36.910255,27.501455,22.342863,36.970581,47.609505
-14.180844,-15.793785,-17.964125,-18.694788,-18.908052,-8.51757,-12.754667,-19.11639,-25.833881,-22.157578,-6.870266,-24.087402,-19.651934,-48.746151,-22.097815,-33.716442,-13.193068,-29.893269,-18.020504,-21.154976,-13.941005,-24.628065,-11.13255,-66.362656,-31.528683,-34.056046,-32.229511,-25.248529,-37.157806,-18.037292,-55.461399,-19.339226,-23.180828,-38.592484,-30.873846,-33.633698,-35.423931,-30.692726,-33.208424,-37.211266,-20.154915,-18.295534,-15.607111,-30.206707,-23.821409,-20.448744,-23.299862,-19.458073,-26.004822,-23.663626,-23.936081,-16.611317,9.035469,-21.007359,-27.431549,-25.760756,-29.378178,-19.081217,-36.94627,-11.591949,-8.696766
-7.538188,94.971718,96.415787,104.647011,77.819527,90.537392,21.67874,30.579191,18.032772,-1.747218,3.041116,1.695303,-5.32702,11.772102,3.853841,5.4121,15.13131,11.227744,-12.947198,8.24594,4.9855,17.899944,47.320023,100.48127,70.861038,45.118206,35.689651,25.637486,30.449387,23.27692,39.237106,50.193115,5.760113,1.229467,55.678841,68.190079,91.485558,86.893578,73.481789,33.674477,7.470683,-5.260166,-0.140848,35.268711,66.44165,96.290115,83.868042,83.288452,41.352081,13.327161,-4.082118,-12.725883,0.414454,48.908405,55.896122,101.302727,102.713921,102.837105,56.519108,89.616318,85.881035
33.129818,20.676411,9.486357,8.798716,30.798082,38.061378,26.561413,-5.612981,0.16723,8.497181,4.082241,6.037009,21.466768,20.838196,21.557999,20.50411,31.770454,22.763123,22.128428,23.248644,15.043346,16.578217,31.382051,21.372421,-8.224738,28.963953,26.604105,27.687517,32.07127,31.625866,-3.577505,17.264923,14.263376,3.737568,3.03184,15.87353,21.02644,30.962929,23.509737,4.733906,11.357666,4.077637,-3.259872,6.727931,20.63983,10.96808,-10.615149,17.364199,25.790831,21.78437,22.0042,20.608376,16.681593,19.087769,-11.297567,-4.716273,26.923935,22.707882,23.394648,22.068136,29.18251
-12.655872,-7.770587,-0.79672,-22.424589,-12.091977,-17.47917,-7.48857,-20.026884,-10.130134,-19.625912,-9.937922,-9.530685,-4.646111,-19.730576,-18.408823,6.164474,-17.846336,-10.118512,-4.582491,-6.403434,-16.344959,-24.398808,-8.335542,-4.089651,-6.425263,-11.810019,-11.79718,-15.405505,-4.579892,-12.449093,4.530021,-4.001498,-16.817511,-21.107004,-20.433601,-12.134176,-5.537291,2.981928,3.785858,-0.817412,3.643054,6.837618,9.590214,10.21804,2.808555,10.395988,2.014615,15.462179,2.621619,5.803771,2.238776,-0.99497,11.160953,3.876465,7.617975,3.119967,6.063368,-3.410594,-2.739313,-7.893659,-7.270833
-4.593798,7.851227,15.964616,32.089905,25.333666,11.78604,23.234917,3.406138,2.952555,36.554939,55.85574,30.62442,28.742537,36.620163,17.453255,42.17955,40.126961,21.743782,26.385941,43.502487,40.946754,29.495073,37.660477,20.626976,29.776457,24.310429,50.145599,61.116501,54.26202,47.339512,24.162319,22.736757,23.028679,7.313561,36.210403,24.191902,47.472153,28.522001,44.253681,43.126019,54.220543,53.653511,43.726749,40.31287,39.438419,39.04155,48.097389,50.380989,48.226513,23.661695,12.15248,26.637981,23.5991,5.969878,1.285923,6.161393,8.201076,8.616476,21.816416,34.678032,38.332973
-6.458552,14.967663,44.010311,21.997175,18.424362,27.925516,16.601128,17.422485,12.997109,21.742641,-5.630359,22.827772,5.875183,28.347834,12.788506,16.732544,5.562522,7.193496,-5.370205,-2.461261,21.610197,32.220119,14.761537,11.954356,19.399006,18.690893,24.19256,23.811649,15.890154,26.015394,25.601179,26.24827,25.167147,26.61904,8.136491,26.080364,8.100559,25.400154,19.447466,21.387417,11.136052,16.190895,28.550299,6.123729,16.065426,21.805717,25.891449,11.032043,8.610226,16.312473,15.421842,30.803484,19.894451,17.36039,25.801254,21.94581,26.167063,13.076803,24.488819,21.88398,29.432314
37.211819,13.201254,36.509373,9.730661,12.161541,42.972561,57.706581,47.35281,42.739601,23.007957,18.95859,29.241621,49.242958,10.796753,12.760673,12.327991,10.051653,11.605375,-4.449397,13.588577,7.898356,34.232018,36.209724,36.984276,35.084858,32.592339,36.361485,36.969147,19.318367,17.204355,31.203672,49.696239,18.810482,19.769188,50.781834,11.575683,19.813368,27.101164,19.499197,12.291893,16.979528,20.656366,19.035353,30.919031,27.929884,16.367065,8.784258,5.497276,9.712522,18.454445,35.757412,29.846363,7.199731,16.451578,10.63945,12.445303,22.391855,26.156864,53.133324,41.428345,28.558363
-35.471943,-24.893444,-31.027409,-16.196463,-36.020863,-20.270788,-24.493338,-24.666056,-25.673975,-24.003235,-15.906787,-21.321741,-43.361629,-36.28767,-44.614239,-16.184143,-35.357777,-19.166561,-19.972466,-27.269827,-34.769096,-30.247793,-19.350142,-20.998987,-5.495214,-13.989493,-49.079365,-28.058134,-36.158276,-54.911377,-25.42461,-22.298153,-19.305761,-23.478804,-21.784546,-19.290119,-18.471737,-7.471731,-27.085876,0.04305,-28.986296,-36.402359,-25.975946,-19.964518,1.630899,-22.091002,-36.167206,-21.472261,1.870785,-14.555353,-8.388198,-3.021444,-23.474543,-27.345613,-33.120125,-28.899158,-33.507011,-33.36187,-30.182821,-32.988976,-22.877457
-50.237,-65.930786,-43.134689,-46.851528,-41.879612,-39.395393,-30.515766,-35.745884,-38.57122,-35.915512,-27.424284,-32.202217,-24.931269,-23.029505,-23.281563,-53.201618,-34.108746,-36.166969,-30.296722,-38.835804,-31.371807,-42.312584,-28.635948,-36.681412,-32.473473,-42.767879,-41.507122,-38.992855,-36.213959,-30.099354,-30.609808,-27.60298,-29.163651,-24.757351,-35.126396,-36.200504,-28.468349,-29.486187,-37.548557,-35.148987,-34.572948,-34.92281,-21.007149,-20.79917,-21.483574,-22.894882,-24.71076,-29.152122,-23.363737,-34.793392,-56.83004,-44.180161,-33.212917,-35.300198,-50.575718,-52.403641,-35.785248,-46.479332,-38.882847,-43.561703,-28.080889
-15.459341,-20.651133,-20.66988,-35.330791,-37.251305,-21.395123,-29.336281,-26.160904,-15.468444,-14.916513,-28.520134,-25.303072,-22.39781,-27.352907,-37.385944,-37.821198,-20.566231,-20.851189,-20.114944,-17.575733,-48.107391,-37.552902,-13.40702,-24.917217,-11.989028,-24.193056,-38.237396,-26.417696,-32.481934,-16.444632,-17.2759,-20.435661,-20.316065,-29.386152,-29.855556,-38.677597,-39.83828,-28.151213,-41.608013,-38.556622,-13.086131,-7.439054,-7.57561,-10.349108,-8.437542,-16.303232,-16.331995,-19.9277,-21.96833,-18.869379,-20.869009,-17.779417,-27.365974,-26.801748,-23.496683,-18.946039,-33.111431,-11.268112,-13.837201,-25.953428,-1.475059
-24.460125,-33.940117,-50.086624,-14.90778,-15.082355,-34.616875,-12.639693,-17.523212,2.462628,-2.39077,-28.730021,4.999763,-0.476577,-4.214179,-17.088446,11.001179,0.238005,10.6131,-8.945363,0.284918,-15.060135,0.690148,-34.280773,-38.085846,-15.918422,-21.249573,-42.574837,-16.952353,-28.476677,-22.630825,-22.890987,-37.114582,-23.465944,-30.266699,-2.500485,-26.73905,-35.073803,-40.53117,-37.368504,-39.941948,-42.368088,-40.618568,-48.390087,-38.355087,-42.582344,-59.57082,-46.271446,-31.868795,-34.919697,-36.702679,-53.960026,-59.937111,-31.944294,-44.882591,-31.522963,-40.813198,-42.870461,-42.551579,-42.938133,-27.891977,-47.838215
12.717502,-28.529135,-14.097214,-43.677601,-40.247585,-37.850353,-36.486954,-40.677349,-37.146557,-37.598572,-43.227104,-20.566715,-33.115013,-34.823219,-53.541988,-32.145634,-40.598549,-61.066319,-39.272896,-22.269735,-20.33913,-33.753597,-34.580421,-34.986099,-37.686832,-34.482342,-8.14539,-9.927768,-16.395103,-32.711597,-27.030876,-42.604816,-35.202534,-27.458817,10.945341,-19.806183,-33.758499,-25.93169,-38.920597,-27.835613,-19.675699,-20.876568,-20.502949,-29.421303,-20.30051,-31.392776,-38.597576,-28.078867,-14.5179,-19.192829,-7.803062,-10.954052,-30.253555,-30.701485,-24.760511,-29.88102,-24.317636,-41.21669,-27.981798,-29.201153,-22.782309
47.559986,-20.580023,-43.812477,-40.352581,-28.865742,55.048729,-32.320431,-42.34671,-43.30542,-16.821316,58.77737,-30.581974,-48.447159,-29.997881,33.340096,-36.98811,-37.97084,50.510098,-34.775017,-45.201107,-23.537079,30.358217,41.077095,-29.447186,-38.305088,-37.982445,26.908939,13.935385,-26.866272,-65.265594,-42.401897,-45.515049,54.502556,-36.316135,-69.812126,-26.998514,47.299034,-38.253204,-43.40136,-37.469337,-32.171486,-18.464319,18.786928,-27.549747,-46.823898,-24.957081,-9.200776,-14.505694,-30.819927,-55.336498,-24.805601,49.975887,-8.715303,-40.067055,-23.311348,43.552563,-35.455727,-50.732872,19.302135,58.633335,-29.0224
-5.177406,-54.389694,-6.688599,-12.943739,-20.036049,82.367523,-57.147182,-12.142909,-29.958662,-24.94697,41.132061,-22.623913,-55.416008,-24.835945,6.367116,-6.002017,-40.433453,-13.549992,69.09874,-50.36591,-50.634651,-27.056147,-21.148081,-25.758957,-27.691769,-35.643978,103.582397,41.776031,-10.520909,6.635157,-18.529329,-18.397963,-20.391508,9.642684,-58.873035,-13.839049,-5.779847,-19.34498,-26.82032,-16.044275,-11.253183,-6.432539,-20.197651,-48.332012,-28.088402,-7.451705,-17.898197,-33.243843,-45.966629,75.30407,-13.95661,-14.968838,-40.562187,-54.367264,-1.25888,-14.438984,-34.802567,-16.006266,-34.005257,73.931938,71.947762
-21.275356,17.13031,-34.874191,-13.663198,-35.914078,12.324074,-5.063626,-13.035784,5.864419,-8.032874,10.033759,-14.892632,-32.780315,1.921539,-14.175497,-17.445578,-4.113792,-8.238579,-5.68841,-25.313311,-25.112404,-22.810749,-8.454405,-27.703993,-21.566992,-13.042291,-35.903366,-28.021338,-20.550867,-32.164448,-11.713981,-10.274601,-16.719275,7.026869,-32.52795,-7.349876,-27.469273,-21.634747,-32.973312,1.767506,-26.705816,-39.409145,-22.431742,-11.548579,-9.224028,-44.577904,-15.810384,-19.084833,-19.128759,-45.946548,6.58882,4.19873,-22.948822,-19.978977,-23.633495,-1.592808,-34.330685,3.71036,-16.93576,-10.347811,-16.62849
28.693232,17.92955,24.72575,62.085964,14.4462,47.208389,40.00135,3.586228,41.34074,49.090874,7.516444,64.218582,35.974216,8.077456,57.916153,13.397384,33.34967,21.69652,41.318592,19.661938,10.490612,61.175579,19.122139,39.117653,60.98362,35.575249,11.936648,42.171356,22.654348,35.436142,38.782452,42.21106,8.319039,44.13636,52.365788,18.33605,7.063821,35.676689,39.042976,27.948351,30.831696,16.528566,52.845318,42.463249,28.761251,12.733291,67.030464,36.705753,26.122581,23.007572,25.94924,70.231842,54.537209,24.147022,16.078815,40.113152,14.475649,12.585438,48.30616,7.438144,26.953022
23.03409,28.765547,21.088928,40.833561,23.108345,32.651917,32.344933,-5.791213,19.732634,35.833885,33.578827,38.428558,16.782335,28.085888,68.362457,28.044405,22.074478,40.165604,28.314266,26.528778,46.290222,41.702171,28.657131,30.492277,39.854183,38.560509,30.097204,70.786552,45.527973,32.371769,22.014668,58.381714,40.89027,78.755997,16.179935,48.440636,10.039069,20.970169,45.448822,26.371847,28.155016,50.139179,49.339413,32.876606,16.056955,38.987717,47.355286,46.051407,34.383739,37.795925,37.052273,34.301067,31.86718,10.029066,51.288567,15.013385,20.420202,25.191378,40.453442,33.08886,20.584862
29.018274,23.874491,21.399464,11.89378,23.80555,11.375379,10.032153,10.471745,14.852065,15.654383,16.66902,12.831127,16.843391,18.251482,15.790894,15.882833,12.102361,18.583406,19.275736,24.003374,26.416565,29.349163,22.552212,22.738789,24.796236,22.189211,30.130163,29.407442,19.005934,24.943092,18.71871,11.288329,4.612673,4.93874,14.720518,16.852955,9.043534,12.518137,8.485168,6.124701,8.333647,7.408505,7.531488,7.545179,3.910169,-4.209961,18.313326,3.794283,3.635847,3.261894,4.606353,10.78349,18.556581,8.932921,18.491163,7.992384,11.15295,1.950849,-3.877776,2.906058,7.577209
-15.553478,-5.898904,-6.096215,-1.521371,28.542971,12.307357,7.007915,28.905613,-0.766075,1.741099,11.66856,-1.299847,-6.631403,4.735291,1.644127,-6.720042,7.074535,1.619565,-5.001885,7.441245,-5.390502,-11.436661,-7.585149,-10.840603,10.846044,-16.35066,-6.35552,12.016966,0.891006,11.543707,-7.292138,8.511584,-17.386557,-2.590627,-10.827691,-8.469508,-4.083102,5.754199,-3.272575,-14.433823,-2.922685,-5.968014,-7.328162,-1.611375,-13.688018,-13.639492,-20.986963,-4.93143,-0.629224,-25.592459,-4.641641,2.268527,-8.863836,-11.648437,-13.525671,-6.492085,-5.208913,-0.882199,-12.354292,-13.080291,-24.178297
-1.806386,25.776068,38.749393,45.339478,40.192322,38.819511,16.052767,27.809814,33.048389,31.202333,20.177801,48.453545,33.68486,39.951897,36.340504,35.040977,27.530851,44.933155,23.61268,27.065031,8.663628,34.173351,12.107551,6.104984,40.270329,27.283976,19.984638,26.538944,37.064507,24.254154,-1.76424,31.428717,19.869028,22.698185,16.970221,50.647827,50.959278,27.277792,12.728529,50.48204,30.247585,21.006426,17.292967,17.301826,16.302187,5.382299,26.794041,24.405336,24.579964,13.043209,2.493306,12.467636,15.71401,-7.990574,10.055379,-1.722278,1.106336,-2.192849,-7.684148,10.683772,-0.439603
-17.566084,-24.025333,-21.148256,13.981832,14.919607,20.47855,4.085829,10.90004,0.585441,6.279486,87.832016,-3.542571,-23.356823,15.04858,-0.322038,-56.715473,-1.250396,1.74823,-16.404621,-12.687554,-12.012697,-8.551847,-45.738354,-16.194504,-24.519245,-25.400625,-7.337326,-45.05722,-3.906181,-16.775866,-17.377686,-6.513084,-28.975151,-1.368703,-26.978848,-8.218322,-13.630013,-12.280953,6.871035,23.365906,-14.03412,-31.899754,-43.012859,2.277416,-8.737973,-17.135868,-5.745453,-19.192535,9.062077,-10.731071,2.831263,-0.54164,-8.78091,8.729321,-4.229604,17.5807,-0.069763,-11.793056,18.12034,-12.477415,-1.269131
-10.683272,-9.702947,-0.587695,-0.935501,8.549448,-6.664336,-8.786965,-2.967615,-6.276613,-10.846083,-4.479457,-3.032031,-10.078158,-5.562763,18.46072,1.698935,-11.080874,10.959392,-8.799066,6.919258,9.256273,2.78712,-7.727431,-6.146469,-20.418123,-8.257749,-2.242532,3.167805,-6.680909,14.071065,-4.607488,13.104221,-16.223709,-1.250356,11.31737,-2.21515,-8.368221,17.023623,-2.423215,-5.748752,27.220133,-4.343607,-2.460778,2.42765,12.033546,2.266192,-24.861549,-12.419713,-8.44164,-6.514842,4.507181,-19.79221,-1.684499,4.152878,16.031427,5.017656,5.628849,-7.025777,13.288372,-7.874125,14.090686
-6.440492,-17.653395,31.568989,-0.145476,-1.702433,40.41721,-6.7718,-2.816221,1.826272,19.593304,-35.951431,-1.334432,3.733041,9.328482,-15.272846,-12.219553,21.166084,-8.107627,-6.290896,-21.024014,-10.40402,5.822468,-25.929152,-30.769651,-3.127875,-42.49614,14.052188,-30.352674,-10.143127,-22.657846,-10.690736,-6.131032,-6.538974,-17.682476,-13.524783,-11.055821,-9.720519,0.564629,-23.290089,-2.891115,-3.199992,-2.511123,-32.805801,-17.200127,-3.882363,-3.562991,-24.009071,-22.305241,4.264081,2.014351,-10.214039,-0.656808,37.181641,-10.564077,5.941486,-24.230938,-4.131931,-37.894157,-28.8566,-6.40846,-10.616467
-9.729941,-11.185788,13.74721,-25.576811,-8.174475,2.523995,-60.507172,-16.41547,5.729049,6.372612,16.643406,-7.558501,0.134741,-16.961382,-10.361306,-37.055855,-16.021835,21.792416,-51.280224,-9.714581,21.839096,-7.567773,-10.893066,30.56579,-0.925909,-32.288631,7.467045,-8.994678,-12.390948,-7.342219,-32.095093,-5.796598,-5.280126,-26.434546,-11.424167,25.690928,-12.184815,-36.447189,-14.288431,-12.062391,-5.291513,18.321743,-24.896175,-11.844173,-10.744015,-65.823036,-41.342255,11.194464,58.672371,22.310553,-16.811817,-17.650045,-16.791595,-6.2338,-15.495657,-16.85589,-13.814883,-10.011318,-40.493362,9.042682,-18.461882
-6.565023,-13.392023,-53.212097,20.07688,-44.959354,-21.140104,42.919926,-7.097091,18.22546,19.706455,-10.456881,-73.824165,-21.055031,28.375566,-30.013983,-12.369957,-3.498254,29.435316,-29.82423,30.848324,-2.474231,-17.073671,-15.22574,38.080746,15.727663,-18.146608,16.597158,-33.422806,-7.316726,-13.584713,32.018764,-32.246582,-9.711545,-13.848063,-7.630506,-18.493961,-4.202495,-28.556135,41.088467,-40.382092,-11.736835,-27.338715,-24.963215,-9.265891,-11.127106,19.874052,-13.849168,18.440697,-15.484044,-6.862998,2.574279,-1.267195,62.25576,2.144359,9.829196,-5.901258,-3.05878,-1.829728,-22.748423,28.095583,-18.269016
-19.02286,-14.31586,13.173988,-7.854906,-5.178816,-10.946066,-15.732268,-48.810516,-2.200507,-23.51527,-19.365095,-11.700556,-1.07932,-15.956577,-22.535229,-26.200363,20.272814,-22.943968,-16.975965,-10.557924,-7.060755,-2.585538,-20.601553,-11.214082,-26.140165,-18.695871,-11.41932,-18.211004,-11.074509,-21.404358,-30.568607,44.540298,67.848969,0.743883,-14.676247,-13.604227,-14.408811,-21.194107,0.705021,-23.449696,-11.174671,-8.08207,-17.532085,19.378357,-18.578705,-17.044466,9.140402,-21.225405,-17.969725,-9.546494,-0.398382,-22.278704,2.24616,-10.508407,-11.885508,20.2244,-3.090225,29.222466,-19.279512,-18.951786,-17.676878
-8.768313,9.20704,-19.799089,-13.720634,33.489277,-19.679977,-5.723735,7.718812,0.290374,9.596483,-35.894241,-37.077652,-19.322378,-28.032505,5.477701,-35.635788,-33.200634,-60.399502,43.848843,29.008368,-45.411839,-79.658859,-23.225143,-26.088617,-11.779066,71.438255,-56.296181,-70.391182,-7.131209,-17.086519,-8.488356,-44.469765,-14.699438,43.914719,-88.558784,-58.850475,-24.53993,19.942539,-35.301678,43.655422,-13.110833,-6.539294,-4.955324,-23.813864,-31.846823,47.872971,51.043377,-67.343811,-32.439091,-27.997976,70.5196,-18.431467,50.279972,41.340088,-8.170101,32.657936,-50.174145,-67.567474,-20.336615,-27.404238,90.148773
-13.101719,37.373131,-13.415075,-13.469913,33.970169,-4.11451,-23.332415,-19.146677,-17.062048,-1.431718,18.325363,38.660549,25.101601,-6.095109,-18.160934,-7.045504,-31.538895,16.378527,36.80241,-30.709173,-18.855431,20.429758,-46.354717,15.779281,6.266505,-6.562778,-10.635388,-26.470139,-17.030542,-18.038944,-15.342641,-19.925938,-31.676559,-50.971016,38.589943,16.469082,18.422804,38.583389,-26.122686,-25.013184,19.892811,28.826712,-14.023188,-30.410812,-21.666094,53.624241,-14.418818,-12.592496,-1.313661,27.996389,-9.362949,-16.044945,39.221828,-97.266426,-20.844233,-46.760757,-13.153418,66.20163,-19.09779,-39.952297,17.903814
-14.869365,1.115232,-15.323462,-16.356695,-5.795182,-7.300986,-2.436517,-19.387808,53.763611,14.716729,40.488041,-18.120829,-11.960055,40.627914,-8.670761,1.015885,-3.287912,18.559942,2.080161,-2.269148,-8.873255,49.403885,-18.689138,-11.954972,-22.883564,-8.435863,-14.646723,-17.477058,-20.608892,-11.170485,-16.648994,0.729229,-26.018276,-35.635109,33.482559,-59.123669,3.837533,-16.191723,-20.729441,-14.025509,45.490616,-29.698523,-13.872258,-17.41201,-10.300152,5.043988,6.068467,48.361717,3.533467,-52.630066,-27.641272,-20.906887,-12.572862,4.375172,19.971344,55.40202,14.470977,-12.957106,-19.666744,-12.536119,72.088524
-12.67826,13.83776,-13.989701,-9.395242,32.143238,1.448716,-1.741862,-4.094943,19.494223,-53.799297,-69.064194,-43.49667,-8.567184,3.588498,-14.930652,-18.195192,-27.042427,-22.682188,-17.626436,13.71244,17.554455,9.590094,-27.292076,-15.671865,24.542547,-44.422672,-28.979328,41.424191,12.383261,6.949015,-6.837729,-20.34952,-30.559599,70.430367,-21.803104,-20.135153,-15.003313,-28.735521,5.428122,12.986828,28.001438,-22.021341,-17.536139,-10.2839,15.230333,-13.919718,-97.589058,-5.940692,-1.707447,-49.633247,21.13035,4.122795,-0.346866,-25.979347,-24.476311,15.64897,50.233154,-43.365479,-32.97176,11.968707,30.850039
-7.583289,29.213037,-19.085037,-1.009967,56.092068,-37.695255,-16.091585,56.774937,-46.461163,-0.800647,-24.233648,-12.637501,-42.374809,-4.730649,-13.438293,-7.367369,-6.903816,-17.129131,-17.656439,-2.971705,61.934795,50.684746,-9.111237,-24.620207,33.294422,22.549555,-27.704163,-23.669601,-20.117277,6.221255,27.416527,0.815327,-22.300922,15.01895,-46.699512,0.41476,-14.816978,-15.978333,69.896568,-25.072567,-13.099305,-21.742624,-53.367214,-1.662181,-32.446068,-30.982794,-3.673315,-17.552246,-2.925704,-24.566448,61.744213,-17.62254,-5.550608,35.744617,-10.508558,-31.453527,-26.850719,-48.42947,-26.473171,-34.945061,-28.294725
-8.10085,-1.818434,-10.825691,-20.861923,6.200502,-8.757922,-4.451955,-34.086044,41.624714,-68.792603,-77.920975,-40.363808,23.72002,-47.460857,-27.346912,-22.30925,-13.398424,8.492898,8.612624,-11.763319,11.936571,11.948852,12.709651,17.256155,13.232142,15.559183,90.317329,-19.013439,-51.232155,-44.493973,-40.997044,-5.852751,42.579926,55.116917,-3.361547,-34.806217,-41.376747,-30.686691,-22.417814,-35.663139,-36.884209,-26.922573,-20.005657,-6.24811,5.900396,14.182387,14.161424,54.679588,21.773479,-5.132009,-21.233828,-33.122467,-8.974547,-12.219398,20.660149,17.493868,8.850596,-25.930189,-13.388389,-2.317345,-17.120279
-2.954155,5.585711,-2.699836,-41.973625,-4.506332,-9.187464,-30.688395,-59.323978,-12.808308,35.296581,15.416595,-27.779922,-21.577639,-24.678438,8.036774,-29.939186,-10.361548,47.497375,-0.507307,-16.235146,11.6078,-3.025275,12.228954,6.078026,-16.962646,-4.559552,-14.39956,-12.859637,5.021255,10.221466,19.605162,9.278426,9.235406,-4.57517,-17.696878,-17.135403,-18.725054,26.665993,-1.480924,3.879782,-64.506721,-16.525263,0.436632,50.172691,89.681473,12.502954,10.722045,-5.17155,-18.852549,-29.483583,-1.23347,112.937668,-1.790806,65.558746,12.968253,29.232185,8.613912,-9.687647,0.975083,71.314911,-6.434634
-14.804085,-9.83342,-28.107338,1.707328,-4.501575,-14.435772,-18.109978,-2.518066,18.735037,7.649058,-17.112389,-42.185371,7.713349,10.719857,-13.210945,-22.560106,-57.274746,-4.287918,9.644249,17.265928,-38.452362,-46.883892,-7.346912,2.042745,7.184517,14.25209,10.60863,4.672934,15.360771,-10.400794,-13.744923,14.842171,12.610049,-8.738298,-38.243492,7.543928,4.83949,1.346966,-23.777872,-58.696877,-6.75434,10.562197,9.740314,-7.717102,-36.876484,-19.726545,10.613252,1.867949,-72.270561,-3.31817,3.305482,13.337954,-24.395082,-15.796814,4.581912,10.389853,-54.102612,18.459143,-4.401703,-40.956089,9.152295
5.273686,14.582852,30.276072,49.086571,70.3685,48.588615,35.337597,46.045803,47.878143,57.947025,61.302944,73.69265,63.82058,45.071873,61.95966,57.109577,63.673252,55.763115,15.667117,16.351633,129.496216,13.489675,150.697281,17.811951,50.732422,43.190529,75.027939,61.285164,49.355125,66.564644,55.520298,89.92881,53.258324,50.126362,55.714622,73.053925,88.768791,94.060829,53.207775,74.744202,76.378258,75.837349,54.425205,74.785149,65.307533,71.268311,51.856876,65.534271,34.664017,44.827122,59.056973,48.670609,67.252617,45.791389,40.442604,17.146469,79.952156,52.749485,61.083973,43.705467,59.688278
-15.972666,-15.838956,-5.792506,-6.536638,-5.61515,-5.828862,4.401411,-0.444857,-6.006032,-0.787495,10.263515,-8.408921,11.978905,13.584659,-5.688579,7.883256,8.733335,-8.096639,5.030351,22.194551,-2.654698,13.629693,13.586897,-3.289868,14.262749,14.414276,-8.200307,4.833023,21.998589,-5.641999,9.446977,12.825675,-5.972001,10.636393,11.921191,-4.088484,13.932658,16.619616,-6.193821,-2.886355,20.210546,-5.269956,-5.769376,18.832853,8.390309,-5.137182,10.669477,16.936073,-3.356263,2.580216,26.591707,-2.445948,-2.930237,24.014458,-1.019342,-2.293187,14.922734,8.333877,-8.615546,3.525016,17.362806
1.735517,21.156448,35.373894,21.547884,36.858292,25.826038,34.161194,36.19231,27.33498,30.464563,30.223461,38.047356,28.223148,21.548986,22.524647,35.019566,26.283081,56.119873,53.866997,83.704788,61.272358,53.180336,36.818134,31.472,47.380924,46.515369,53.116581,42.55732,35.665043,44.571312,25.429821,46.162045,80.418388,50.412651,49.678799,45.707302,44.941002,51.631664,49.577717,42.118134,40.685402,49.210789,74.150009,74.052986,67.426682,59.118382,54.46003,45.053631,50.894478,43.828289,48.024567,32.78598,50.298805,50.472492,83.122108,51.393494,43.002811,39.933472,54.757343,49.880276,56.938225
-13.7181,11.947167,-2.726065,23.564301,-6.071385,19.143385,16.706955,12.727387,7.555985,7.890168,33.87059,8.543528,39.900856,30.495285,29.841482,46.34597,35.215153,43.477375,33.815521,55.389267,41.133282,42.081619,46.15041,41.958416,75.152092,47.710762,33.501469,36.322063,46.286411,29.944683,43.887028,53.977436,46.810741,42.613842,52.632801,41.000393,70.101845,49.877636,47.836773,50.772472,45.550079,37.989059,56.827877,57.909317,47.216885,75.511917,50.126091,55.254887,71.245224,49.69466,48.73341,46.405331,46.824104,66.731575,55.891121,53.104496,64.137085,43.134293,63.292618,51.778793,48.862247
-3.27947,1.975504,-0.351365,20.70665,2.562077,0.449001,-3.522813,5.962391,-1.326204,-5.431645,-4.358279,2.76824,3.487725,-5.565116,-9.436594,-8.807425,0.968063,-1.720732,-6.91324,-7.19976,-6.321046,2.181274,1.222049,-7.171241,-11.337213,2.671216,3.030336,-4.933022,-9.7634,-5.5517,-1.356591,-11.455432,-12.954277,-10.049394,-8.860183,-10.276174,-12.980859,-8.413117,-8.181377,-6.339255,-9.985889,-6.835999,-6.413285,-9.348483,-10.700987,-11.731583,-9.027201,-11.859748,-12.889028,-15.796121,-13.530752,-19.769777,-14.069527,-13.90951,-11.674074,-10.597963,-23.394487,-16.466061,-12.949983,-18.625034,-19.635403
-8.448591,38.456348,24.642218,33.428646,39.704906,37.388725,60.970695,50.295483,24.744123,44.801487,34.607304,26.273327,26.796654,32.677303,45.080929,34.669746,42.362644,58.992107,60.738087,48.154385,70.768715,61.038219,9.405606,54.059772,49.783653,21.153614,74.457169,56.98341,53.237564,93.640083,51.629696,47.052601,58.963692,58.530636,82.17524,27.279913,52.761482,105.924583,54.003239,34.241272,92.02359,53.234226,53.212193,77.727928,49.927032,43.723759,61.406097,36.059364,40.862236,53.786339,22.901854,95.300011,26.438185,38.141094,97.180115,52.534496,58.106647,41.287872,47.201393,95.249596,38.818169
0.52448,2.565106,23.630285,6.889905,8.098037,5.995041,26.992828,4.898424,29.596518,27.287352,6.08849,49.894665,-10.659167,26.430458,12.930226,17.994215,15.089581,-8.610073,4.014703,9.420749,81.878464,26.201454,6.069352,33.40073,-12.260013,5.842165,10.032129,16.447771,19.374575,6.328339,10.729353,14.913549,13.00832,5.706354,24.612696,-9.400127,21.367155,9.056343,17.654594,-21.697788,26.519793,5.815824,19.509575,-13.882232,1.555805,7.027625,4.100671,23.905945,-0.347577,3.019773,19.824554,2.152088,-2.807844,7.577767,7.570073,-14.414703,24.451918,4.314377,8.544139,9.348202,13.965138
22.509562,21.032907,18.567553,34.894978,22.257107,20.099373,21.471939,26.69301,17.058718,27.092722,12.979871,16.906513,35.789616,19.648663,19.964455,23.541008,26.077454,30.725706,13.888593,22.027124,25.359987,14.212661,18.349602,3.318704,21.744061,16.096718,15.548348,17.226448,27.21221,3.888507,14.391173,17.630732,16.268465,19.308493,18.540518,11.582782,23.282551,13.828009,16.687536,12.091177,14.358707,-1.934673,11.059838,7.680838,12.225291,20.215557,19.449219,10.232565,9.814721,16.970686,16.634537,13.863029,9.096401,10.086249,8.114005,0.267185,6.366661,11.439013,15.8,10.811483,15.311758
-4.085127,1.234976,15.709941,2.233409,21.308685,6.784795,6.479837,14.595753,3.74308,6.863998,15.990901,10.500101,2.69002,7.551772,18.407808,13.19688,2.313411,14.464149,11.83051,20.451038,3.491113,3.323445,11.384518,13.144846,7.38479,8.132269,10.635324,15.379493,11.687528,4.419017,7.753806,24.858624,20.720118,6.914827,6.628087,14.531996,26.303019,5.06688,6.454327,7.893458,30.412415,2.206325,2.523134,11.21039,21.721144,4.914702,4.374093,23.805046,25.061514,2.715697,5.278386,26.094095,0.32089,11.567883,17.656979,6.140813,9.86672,13.977242,4.21517,3.689456,16.319822
14.504903,58.032722,38.547642,56.758095,70.579163,67.500221,48.053394,57.478298,76.975029,51.831779,51.525795,64.401405,82.155075,42.413532,68.899155,71.04921,71.152946,46.216969,46.924706,57.817505,74.438683,37.169285,49.028236,54.644531,75.18029,52.033634,51.066891,69.911552,69.958145,34.141663,53.250713,82.763565,45.876682,64.717941,79.780304,57.366692,41.74144,54.248913,80.872421,57.214985,45.510258,54.078602,77.106926,65.08065,51.838932,60.554375,70.265038,61.62722,43.547951,57.678715,76.426018,58.931335,46.025768,43.449574,61.759075,66.819557,42.614433,41.888371,56.281921,72.270638,59.15609
7.521897,13.103,20.484612,10.526705,12.486497,14.236872,20.040472,15.403776,13.969857,16.122686,15.032084,9.965838,32.289928,15.819441,17.905699,13.947922,17.037279,20.875669,13.317711,14.787575,8.211803,19.994974,12.829966,14.717607,22.07505,14.104148,12.12933,12.61996,39.477585,18.101606,26.909153,25.634756,14.273189,32.904766,19.849535,12.335474,21.795303,10.350632,14.293349,38.109463,19.43033,11.697458,36.547325,15.175069,14.080054,19.867125,13.679825,13.186714,22.834015,22.595407,17.270119,12.310985,24.267044,17.168055,13.657357,19.188658,16.863157,9.90118,18.264179,27.25458,13.869795
20.614803,22.694614,8.720419,-8.244613,7.4181,3.055038,-2.009267,11.529874,13.83592,14.919743,27.689014,2.048774,3.218266,3.407549,20.762711,15.709393,25.748388,22.421127,11.683006,1.63482,2.770887,-0.065817,8.179919,10.817001,17.213217,13.623649,5.123302,2.527987,5.291466,-6.067406,18.314735,15.909671,3.804275,-0.969218,1.933035,10.023335,14.630124,11.084772,15.535689,13.240858,1.975847,0.571715,6.362675,11.758604,13.781827,4.924202,-5.664076,8.529257,4.12385,14.402901,10.540918,0.524697,4.290343,8.191356,8.763866,16.91106,-0.908306,1.545,6.546173,12.635261,12.334838
-1.408819,-1.63194,1.252459,12.306644,17.571575,9.285676,6.041259,2.573523,-0.827574,-1.652648,-0.077487,1.243965,3.63528,6.319925,11.150596,5.559119,9.20709,10.152023,2.490147,3.937767,-0.617705,-1.651509,-1.1009,0.061507,-3.662,-0.304365,4.181306,2.785787,7.523263,5.806459,3.744899,-1.697594,-2.736207,2.153749,0.255713,-1.035907,-1.586148,1.785393,8.413036,11.692234,3.425674,-0.602178,-0.727585,-0.861972,-1.599413,0.822308,2.569997,0.486269,0.503748,-1.082508,-3.060822,-0.630335,-2.442834,2.151665,-2.517172,1.16823,-0.865682,2.365015,0.747397,-2.058177,-0.275645
-0.646586,31.945017,21.335096,55.40855,23.539593,42.087807,16.634071,16.989611,-1.652933,-5.271832,2.890348,-10.678351,-2.591967,-10.814985,12.715329,-2.926519,28.190619,8.033524,10.890162,-2.786984,12.785089,-9.763286,-13.612278,2.683511,4.001569,14.798671,-0.559727,11.334636,37.481617,11.245808,23.341667,5.298735,29.175867,11.73858,21.254635,18.461594,52.940964,30.59359,48.149982,18.305378,17.134628,17.574532,-3.84898,12.416766,7.072274,29.822166,5.619009,32.492027,18.870302,42.202824,21.135864,53.898571,11.35618,33.576874,4.159941,37.236568,5.541108,17.084879,0.328391,4.814622,0.391806
-3.537144,4.315666,-6.882522,33.249905,33.74221,20.677361,-7.9313,10.433119,80.75399,37.190384,10.987432,41.701012,39.707703,36.213234,14.150307,70.404762,72.879982,44.494427,76.108788,43.828392,14.39533,38.643097,46.211952,65.378685,45.427589,41.16573,73.292175,48.825272,6.815287,39.773739,52.465939,38.390091,19.162863,1.988759,33.913528,42.59557,22.549543,0.861304,30.367588,37.270405,23.885084,22.91991,32.136021,47.008926,75.746399,7.599189,37.915401,52.286701,62.839348,-1.159522,21.240005,23.776485,-3.116199,-12.582342,62.351219,77.190567,50.617474,-6.636756,34.73077,68.095512,16.875309
-1.513964,-5.373457,-6.052087,-12.41293,-17.396997,-25.411381,3.747534,-9.240977,-21.379744,1.107247,3.884834,1.636708,-4.255352,-13.530737,-15.65038,-10.775554,-26.379751,-47.421497,-27.308685,-3.481541,1.719353,0.219194,-3.202912,-4.232885,-5.755372,-36.627892,-16.904505,-22.287798,-4.526899,-6.755105,-8.913679,-9.838873,-15.426475,-23.973589,-22.950924,-42.985489,-33.368298,-15.93177,2.379935,-6.945333,-8.862754,-5.223307,-9.380798,-16.854891,-44.834679,-41.583893,-22.49959,-40.965305,-29.466755,-44.232845,-17.338497,-10.870088,-15.05781,-18.268042,-11.055808,-31.179277,-20.216202,-11.155586,-13.088267,-43.277916,-69.194328
-5.402969,-10.314483,42.972939,38.409134,25.075214,65.851273,89.91777,90.292938,97.041946,79.151978,33.645855,29.963022,85.327049,44.227077,64.427849,36.024269,63.403389,20.669634,36.555202,45.972496,28.345205,50.520184,48.810974,38.892818,49.144478,40.735413,50.160259,48.295727,34.902374,35.869305,47.765301,42.624542,40.345802,47.290676,40.55798,40.434364,21.847359,32.437382,38.10471,29.786541,37.380615,44.886772,50.623035,44.763706,35.320129,27.209173,29.395916,23.768156,31.868444,31.348633,41.527069,48.880043,52.000603,34.03643,43.916164,20.687687,30.81501,27.805382,28.289854,32.070404,36.172993
-3.13518,-0.281107,-4.876106,1.928984,-3.428671,-2.984549,-0.149863,-8.165296,-3.509322,2.38534,-3.212773,-2.400227,-8.208943,-6.00211,-4.276538,-3.352916,-7.480357,-9.540471,-1.514569,-10.725606,-12.954123,-1.805449,-4.533127,-8.359421,-14.225409,-17.830616,-7.617055,-5.370798,-3.45221,-0.02189,-1.273533,-6.911591,-3.343225,-7.53132,-9.320545,-3.885947,-9.796229,-5.188182,-4.941941,-7.290465,-12.396823,-12.40793,-12.545659,-15.877294,-17.65888,-7.140666,-6.375038,-17.482908,-12.134513,-5.988737,-2.906298,-5.740623,-7.531819,1.156883,-4.772645,-14.537305,-9.946746,-12.027807,-15.213666,-8.654092,-6.214692
-4.455914,-4.453232,-14.041121,-6.092737,-4.740067,-3.159609,-0.88934,-0.334059,-17.499311,-8.091081,-5.038915,-4.054893,-7.529348,5.659889,-13.032482,-6.595073,4.711901,11.165734,-7.94942,-11.20097,-6.40587,-0.591089,-3.114337,-2.124037,1.274249,0.267368,-2.725266,1.386244,-0.647719,22.636076,-0.477208,-10.044416,-9.9213,-4.431066,0.453969,3.802596,7.142881,-1.517783,1.684019,11.568539,-1.03705,-15.779585,-10.490998,-7.260278,-5.632012,-7.995106,-8.522345,3.93961,-0.038458,14.43463,-1.086264,-6.998807,-7.609365,4.244691,-3.412152,-13.273505,-6.754589,-8.354856,-0.496433,-0.586841,-10.386531
-5.729675,2.497717,12.185345,13.565785,14.049214,16.295654,29.253639,65.460213,87.277023,69.745422,69.284599,66.126602,64.659088,39.659855,21.911482,27.792753,34.20002,26.841356,19.649216,19.91991,21.610823,17.496731,22.020922,14.604259,13.087687,18.548809,18.039024,17.877167,32.364098,33.942207,23.968456,25.855543,26.259579,24.596535,28.701733,40.051102,54.579979,51.600056,54.718632,49.906841,67.478638,68.613106,70.232895,47.926109,57.270115,94.914063,67.626015,57.250595,45.6647,62.724018,74.098145,71.143242,63.513771,63.826321,57.348297,70.154526,54.620037,45.719845,66.053322,58.875263,53.24633
