-51.081642,-57.835548,-50.51149,-66.946381,-63.90823,-57.67622,-49.973602,-71.936638,-56.111691,-53.284008,-62.890423,-41.893482,-57.040478,-53.621349,-55.522316,-42.860664,-50.587921,-49.821064,-38.785332,-57.894638,-60.412586,-45.118061,-59.746159,-55.264194,-56.089054,-55.447117,-46.262169,-59.76107,-44.748962,-55.121616,-32.515118,-50.01004,-52.13583,-47.98872,-55.59866,-35.407764,-48.248489,-37.977131,-41.391811,-51.527035,-34.322636,-57.969204,-26.36507,-37.400158,-54.954346,-41.098118,-46.07159,-49.260345,-48.56271,-53.905422,-47.440254,-49.53722,-59.483265,-53.768353,-57.041859,-50.996761,-54.94334,-44.335232,-37.205482,-48.82988,-35.541199
-54.924473,-46.046616,-42.980385,-47.468147,-45.485889,-54.612225,-43.378284,-57.589924,-56.805088,-70.001343,-74.667427,-67.741386,-70.733734,-62.193722,-69.694794,-72.216675,-61.338779,-68.252579,-69.902458,-69.276291,-65.932678,-65.003967,-65.922874,-63.53627,-54.917217,-55.553349,-60.209339,-53.692764,-52.353416,-47.171455,-40.046509,-36.845127,-39.963943,-44.289097,-52.125801,-57.228329,-66.815041,-64.635933,-44.361523,-29.828625,-32.339279,-40.692608,-47.44722,-58.467091,-64.920204,-47.992069,-41.548603,-31.652237,-34.615013,-44.36694,-60.586735,-57.972931,-60.239681,-44.062252,-45.35368,-35.325657,-39.212921,-46.705341,-60.935108,-44.19849,-22.254843
-37.093834,-59.065586,-56.672417,-24.075523,-66.614983,-36.052197,-42.225586,-55.825809,-23.487886,-58.59206,-26.203766,-55.018551,-40.409679,-55.14019,-62.39819,-36.64159,-65.674202,-53.242226,-63.522964,-53.945232,-28.901171,-55.50267,-59.638222,-45.743832,-54.439636,-37.197624,-37.992332,-58.062737,-0.281279,-54.779655,-52.643528,-33.986965,-58.574543,-45.579514,-60.58968,-54.550087,-44.984215,-57.457806,-32.089054,-63.492611,-48.27272,-53.473736,-59.119133,-39.703045,-65.662697,-36.011978,-63.10952,-44.714916,-63.375496,-61.897545,-40.91634,-64.580345,-41.396702,-64.717354,-44.903507,-68.519951,-46.677742,-64.110657,-50.682526,-60.228935,-55.577118
-55.793606,-46.496628,-43.973518,-56.31044,-26.868969,-55.718082,-26.774433,-53.268581,-53.05061,-37.664215,-54.694992,-61.226692,-52.097126,-36.389145,-34.012836,-47.067402,-33.310562,-49.881828,-41.381088,-45.969372,-39.742569,-53.214756,-31.772697,-56.545593,-27.314999,-56.979759,-47.540867,-43.367203,-54.080208,-45.348431,-38.531734,-41.572052,-38.301224,-28.13278,-1.865724,-19.56671,-52.512241,-49.582272,-43.689716,-44.151924,-41.004776,-36.371975,-25.185137,-43.015621,-46.703598,-37.64872,-47.05555,-40.093826,-42.313747,-43.408016,-57.868095,-43.191544,-54.541088,-45.7295,-46.158123,-23.23959,-45.007183,-53.346634,-61.771454,-42.171955,-56.810833
-63.870445,-65.321098,-37.938377,-23.908146,-54.437775,-60.126293,-32.82349,-46.02169,-53.261574,-30.254908,-61.474598,-52.395378,-22.401712,-59.951195,-50.015022,-23.713026,-50.677479,-47.283043,-49.498978,-48.58371,-40.713154,-31.392056,-26.596479,-33.31292,-19.571766,-70.081345,-9.874125,-59.551895,-16.409489,-40.699913,-27.386736,-32.625359,-54.298306,-18.95742,-17.04472,-30.457729,-33.25341,-18.941622,-46.797829,-14.124269,-57.196335,-27.247131,-31.483929,-41.343834,-44.327602,-36.320103,-21.083387,-50.456635,-33.301823,-27.277325,-42.738358,-19.587023,-17.893393,-28.738581,-30.321512,-26.334452,-61.541714,-20.754854,-61.136185,-60.992367,-34.142365
20.110197,1.63367,-7.443279,21.716335,-3.221617,13.172956,10.40255,47.043098,15.31387,8.405396,12.075244,17.938223,15.012031,11.941832,26.241404,10.16682,10.056424,27.55472,8.065379,6.097045,31.879717,13.20383,12.634475,6.878654,2.174379,41.944805,10.101864,11.597321,35.3382,10.582911,2.993396,-5.716795,17.022305,-0.631536,9.29848,-13.133393,5.81284,15.10438,-4.822131,49.35239,-3.666238,50.898571,32.032059,32.945938,5.260253,24.917744,3.446881,8.429518,4.83319,4.976143,20.274204,2.341203,15.336485,25.265255,11.883113,36.6264,9.166425,4.850858,12.114075,11.113745,36.701103
33.08202,23.110897,14.379488,28.547092,15.312487,-22.961447,16.43379,-12.658278,-11.452782,6.104481,-12.016825,-0.785266,29.500759,-7.956761,-6.345589,-7.84245,0.724194,-7.932072,12.461033,-15.899451,33.051853,-3.527248,-17.349073,7.177415,-4.002735,-16.714727,0.234234,15.909941,-12.309757,-3.912827,-8.903015,-18.451159,18.43622,2.129899,15.212545,-3.760031,-0.558273,-0.027564,13.338983,-12.181264,16.099672,-11.667147,21.582916,4.643767,-13.464057,-4.463181,28.381289,-6.521354,24.087957,0.605497,-3.39534,15.944645,-16.065281,20.754368,-24.650719,13.045691,4.265651,26.964159,-8.39578,6.530505,17.176476
25.742933,-4.267079,1.227171,-16.105129,-19.47851,-4.115019,15.864322,-1.745422,3.95486,6.600517,-9.554342,16.186081,11.054273,-15.76205,27.013842,-12.635592,6.493331,-6.917119,-5.215623,0.062574,1.86794,-7.629852,4.633161,26.929724,-6.893316,28.203495,-13.898895,32.605541,-9.88329,23.424803,12.608368,-16.00107,26.237349,-19.747345,19.284168,33.837376,-18.283001,50.794682,-3.038279,-5.907873,11.012378,10.037848,29.679617,-3.634145,-3.855693,31.925732,4.698667,-8.967292,36.04211,-20.058847,-11.812306,4.945977,24.279142,26.785355,-9.273088,-7.506186,24.797281,-12.285879,31.067621,-26.922964,32.169914
18.496235,11.989509,20.968002,21.046326,18.598248,9.318194,24.041876,26.164585,-8.487796,6.910734,-9.633089,27.697481,9.693653,25.51012,17.833139,23.182451,33.159645,35.839565,38.753811,39.348225,27.56847,21.710625,16.433931,23.200794,-17.444149,21.549397,8.451894,26.713629,30.400158,24.105991,28.891075,21.381304,5.701375,37.962673,16.246206,6.719453,21.608395,25.385113,12.266685,-1.833141,21.416594,4.427772,32.66782,5.841484,14.428401,0.911236,-2.777239,23.943329,-14.205618,29.620243,-9.281355,11.896364,9.363034,16.805557,-16.404982,-13.78113,28.49732,-3.166518,-7.483275,17.756973,-0.745497
21.827084,24.1087,-3.140567,12.94935,-14.424234,-8.131035,-6.271824,-8.582288,23.860941,16.000267,21.947016,33.006805,-3.452145,30.641657,30.326355,-3.839611,18.722004,-0.107518,-5.326213,32.080727,-7.070446,33.517818,-4.373529,-9.423661,-0.44894,21.590158,19.704494,-5.793413,20.799419,25.141163,-2.154108,22.737099,22.66444,-9.416815,19.349186,-3.015755,-6.671478,28.451883,24.14769,-6.576275,33.428814,16.646431,-3.776104,28.248508,19.902824,-5.561472,21.449236,0.27952,-5.297539,1.570601,37.656456,32.590199,26.515516,-1.46909,-12.234971,22.122917,32.837532,25.816692,28.818205,18.334995,29.112564
-55.713146,-60.319218,-41.175056,-50.389305,-55.400928,-58.308403,-36.394024,-35.024185,-44.544842,-60.916458,-54.481129,-56.528744,-52.820583,-51.060493,-50.849186,-40.890026,-43.389004,-39.22263,-41.252323,-42.928177,-48.912285,-47.109329,-51.042408,-55.805691,-57.074184,-49.86372,-48.297241,-58.174763,-56.431683,-58.564774,-62.42194,-58.154247,-61.199104,-63.42046,-63.554611,-60.06485,-54.71209,-48.266365,-40.253387,-44.729378,-43.56073,-51.210201,-53.526543,-50.047485,-53.210175,-55.069408,-60.525715,-62.809437,-54.717052,-55.021374,-57.876976,-53.156063,-63.866711,-60.478374,-51.865631,-62.417812,-57.959251,-57.821152,-43.722256,-42.474274,-61.403271
43.824791,-46.572617,-51.888844,-40.513744,-59.819206,-47.692963,-31.741091,-50.096157,-54.729027,-41.983917,-44.641403,-55.969486,-49.62104,-37.13863,-52.458122,-55.722099,-38.854099,-27.893438,-36.704441,-42.906544,-30.687685,-26.172291,-40.628693,-44.967335,-48.295589,-46.340351,-28.364834,-34.717136,-48.681686,-51.034039,-37.182087,-32.105827,-48.928574,-48.931347,-43.465668,-33.657597,-37.833939,-27.539797,-35.978058,-45.42532,-48.999329,-50.636044,-43.110039,-24.072132,-28.211103,-40.459679,-49.181458,-50.3297,-46.951233,-22.185841,-22.277269,-33.70512,-50.818817,-22.995153,-35.101116,-55.211304,-41.32217,-26.086914,-26.964354,-45.638027,-44.1455
5.399279,30.882963,7.774711,7.190059,25.225447,12.795889,5.387417,13.077076,3.191558,26.853203,22.635523,6.042943,29.193588,22.004814,14.367836,33.764557,24.456013,0.652057,8.576297,22.411863,34.753716,27.533907,26.079821,13.162358,29.082888,31.124176,27.591019,22.927166,18.017229,-2.583543,7.477714,15.257497,15.730058,10.969319,7.178237,28.629793,24.579521,15.012463,8.153539,15.624248,8.503181,8.634827,8.720451,2.022754,4.987484,24.61482,29.916851,31.30722,8.340329,8.190101,9.553739,13.3628,13.526457,22.167036,18.422022,19.990986,23.825188,11.765016,8.274099,15.758058,14.695457
47.917496,25.638475,4.999934,18.659159,18.370718,15.084316,12.059381,21.831802,30.073317,28.013298,18.183022,27.823385,21.168188,14.169281,26.494699,31.833624,36.716087,31.65848,19.022806,17.030739,-8.524503,-22.227783,-24.121201,-8.107235,0.66189,-11.678735,-12.293852,-16.910938,6.481635,-1.487908,-5.056708,16.522989,-11.23999,17.077793,23.535471,7.599262,9.613071,16.849188,-5.273713,-3.281292,7.62332,1.40525,19.575335,18.061684,-6.102075,18.860432,2.530301,17.031654,4.666915,18.285454,22.925146,-1.711891,7.735339,12.276382,8.122505,18.679785,12.550377,12.711808,15.055011,-10.759635,5.589959
-28.976597,-53.770435,-28.77457,-53.633602,-37.413685,-53.550358,-33.009327,-58.011856,-50.727459,-63.615257,-44.657478,-58.352303,-40.176743,-47.747009,-38.253174,-41.808128,-55.886974,-53.17622,-61.820393,-45.012779,-51.916908,-47.309677,-59.168804,-41.822289,-50.675674,-46.459198,-53.840462,-41.995785,-57.968437,-45.08292,-44.345257,-48.399517,-48.812794,-52.561588,-39.730724,-53.006771,-43.460796,-49.770329,-39.562984,-53.279621,-33.773144,-50.954212,-49.958855,-39.412037,-63.780178,-49.062641,-51.451714,-45.339375,-53.212021,-36.734081,-58.123081,-37.656273,-55.422047,-49.719257,-49.674389,-43.928802,-49.763004,-44.064014,-51.650974,-36.60387,-50.930222
-43.377037,-51.970844,-59.153839,-34.268795,-47.483826,-31.092453,-43.435013,-39.299751,-27.810999,-56.600571,-41.403481,-41.498917,-42.325745,-21.795084,-46.232647,-36.246796,-37.720203,-43.757763,-36.677147,-48.573284,-32.210419,-37.208317,-47.367069,-24.995899,-40.996334,-44.195065,-37.361164,-43.480789,-26.562849,-48.06139,-33.798702,-40.926918,-42.829552,-29.127493,-42.958672,-44.362419,-47.641071,-28.830233,-38.56411,-27.012777,-45.683804,-36.420494,-49.063839,-32.427032,-53.31213,-35.002602,-48.774899,-40.88269,-26.01429,-51.169224,-25.878925,-52.490047,-32.099117,-49.733032,-32.701107,-39.437405,-34.179951,-37.174747,-47.014004,-21.566698,-46.113152
-57.637726,-57.077858,-46.539501,-58.729279,-46.859402,-56.686184,-58.394001,-56.096661,-53.722595,-59.998898,-56.68351,-56.241329,-60.054352,59.05228,58.303185,47.962002,56.775414,54.424774,56.178913,52.921967,57.017841,52.763344,53.142017,51.192123,46.674934,-53.156055,-67.737869,-68.061569,-53.264454,-62.830235,-52.970745,-62.454506,-44.449429,-63.078217,-46.356213,-56.270157,-64.281578,48.620922,6.844411,3.840581,60.376305,63.435745,54.133312,18.2115,-11.3969,-9.027954,-8.247334,-11.917338,-13.494235,-12.554351,-11.953499,-11.376786,-12.346166,-12.056113,-13.533246,16.752724,-12.481412,-8.65843,20.522881,16.000042,-48.561722
-15.409564,-17.95466,0.074991,11.756865,-14.777441,9.959626,-12.06478,-15.809714,5.768538,-22.05261,-14.575565,16.269199,-19.539087,-20.730923,0.844052,-20.282869,-8.908751,-20.129585,13.183451,-14.401087,-8.045922,-5.001925,9.282256,-17.214716,-4.868244,-3.086805,-2.433263,-18.23827,9.855104,-12.78788,16.260052,-3.000853,-14.159149,-3.021106,-7.550004,-9.544854,8.163091,0.030355,-8.575799,14.688882,-18.534586,-3.238264,13.349693,3.412181,-14.086137,0.342445,9.703305,-18.679087,-4.370442,17.704227,6.289321,-8.50894,25.813959,3.047724,-12.453286,-0.523643,-13.545316,-0.207951,16.864155,10.85682,-16.158384
-52.163624,-5.279451,-69.478729,-57.223419,-19.357145,-41.02943,-63.882118,-45.952671,-55.642982,-66.297241,-49.614613,-24.391283,-36.293983,-62.523613,-37.425388,-38.171394,-52.26516,-41.245789,-35.074524,-60.055988,-41.583336,-24.443199,-44.578499,-19.049206,-17.413391,-48.55682,-57.057701,-51.382408,-38.094593,-20.546768,-55.653389,-5.924455,-48.742691,-40.623436,-17.512264,-27.734701,-60.775295,-54.497826,-24.337454,-59.708885,-72.433914,-24.686382,3.466812,-31.468399,-59.586784,-21.141525,-34.283684,-40.950638,-10.70645,-53.731815,-7.403603,-4.358951,-41.004047,-55.596779,-64.957359,-52.534004,-59.17503,-54.022205,-29.164103,-26.567822,-0.536276
-22.906324,11.306939,9.107018,-20.502396,7.577025,18.804777,7.661465,28.985359,32.299236,-3.630921,-18.201183,-23.779411,-7.878636,7.045463,16.458838,-16.175196,32.981857,12.966715,-16.791298,-12.598839,-2.639371,21.55011,8.795483,1.332513,-11.678747,3.776512,25.879072,3.522295,-28.124966,-11.381297,-15.343516,4.379333,6.147881,1.897442,-0.034103,-18.890966,-13.802552,-7.59519,-4.27277,-13.804047,2.306932,-9.691304,12.755516,2.766585,18.119402,-4.910748,-10.336825,11.782207,21.199009,16.483397,-4.368218,10.974039,14.925849,-0.014665,-4.462801,-11.634396,-16.180109,12.886565,26.044804,19.833691,18.182104
-28.539528,11.37885,-10.030746,-55.787949,-46.099613,-45.665428,-14.811831,12.899569,4.687215,-2.960803,-6.106517,-35.764988,-23.017105,-31.313385,-40.174656,-12.536036,-1.499169,1.425884,-0.409832,11.669506,-21.973368,-26.721659,28.099306,0.724915,-17.024763,-48.009487,-26.650562,-25.032253,-37.767902,-29.427328,-23.913418,5.732835,25.103672,-3.2366,5.327445,9.619121,20.84017,30.072842,9.588445,17.863564,7.829249,17.262575,9.106075,6.00827,32.772049,23.096676,2.132288,11.182794,29.740902,7.089318,-4.016299,-14.550943,1.770916,-1.607673,-23.032633,-24.00596,-32.820442,-23.824976,-3.50155,2.91484,29.274878
-60.148449,-66.244537,-48.373589,-5.798386,-43.64566,-19.039881,-46.838245,-3.937572,-25.818455,-50.8634,4.347051,-52.124706,-16.771851,-26.39521,25.429695,-45.424812,-50.585217,-5.592487,-28.985407,-19.757811,-29.623116,32.345646,-42.65918,-49.000111,13.325498,-40.786777,-17.673525,-44.381584,-4.121354,-36.687706,-46.48534,-49.909557,-39.388939,-1.003667,-49.640785,-27.181822,-27.362642,-29.614874,-27.739719,-43.611111,25.137197,-55.504959,-8.349152,-26.494339,-19.141283,-59.946426,-45.299721,-41.874462,-42.438564,-38.265068,-48.321537,-16.565086,-39.426277,22.931961,-44.412334,-5.984719,-12.833607,-13.438471,-39.723381,-8.993921,-27.728439
-63.920475,-46.943264,-17.828945,-42.964115,-66.081551,-54.502651,-36.709785,-20.253176,-51.814945,-72.153633,-49.102047,-30.529215,-44.58947,-67.301186,-37.997368,-61.554234,-44.604717,-36.03648,-65.207779,-42.424877,-51.255623,-58.708687,-34.603836,-48.948112,-62.697327,-46.157333,-32.815598,-52.777267,-56.859676,-40.824974,-47.827148,-61.246403,-41.126766,-42.789391,-59.923107,-56.99958,-54.248943,-46.310284,-42.573296,-58.052578,-46.838223,-29.893639,-45.367615,-58.141727,-39.738983,-30.733458,-50.537884,-44.330425,-41.095551,-29.211002,-41.097042,-57.824581,-33.608948,-26.126545,-58.606628,-45.566475,-35.655334,-33.763649,-33.190525,-63.241493,-45.791767
-37.034439,-46.149048,-52.102566,-27.651911,-26.876429,-41.750114,-52.349743,-25.569426,-40.909317,-55.506248,-33.582645,-19.397165,-29.79879,-57.808578,-37.957451,-37.898991,-58.262135,-46.001122,-32.114155,-52.569897,-50.965378,-33.982395,-48.428123,-55.174778,-35.866825,-27.388357,-61.606758,-47.618603,-30.827526,-40.978832,-53.52951,-43.792744,-30.112103,-41.400757,-45.827957,-37.450428,-18.090508,-37.992077,-51.720634,-45.810101,-22.775089,-17.019178,-42.977291,-46.686279,-40.041451,-36.900143,-47.148071,-38.516006,-38.222347,-65.446358,-42.168358,-41.341167,-66.535858,-46.914253,-23.71517,-45.031719,-58.262928,-36.789993,-45.549496,-50.320747,-31.255283
-1.945843,-23.714897,-56.507668,-58.539188,-60.486031,-25.758066,-50.106091,-29.65703,-40.299141,-33.736366,-30.543779,-41.282196,-27.068176,-30.656044,-44.977909,-17.171331,-35.914566,-6.664937,-29.42491,-33.460251,-18.089197,-38.780907,-10.783922,-42.359749,-3.678956,-36.3606,5.127962,-46.329144,-12.817781,-43.136295,-7.340475,-33.618793,-39.891685,-15.179525,-38.972965,-17.430006,-41.528992,-17.570391,-40.172691,-0.900567,-45.968872,-10.752902,-44.151291,-4.484892,-53.025856,-12.032874,-49.570236,-19.960068,-46.264137,-19.524265,-48.179718,-9.535973,-49.813251,-11.32473,-39.064278,-20.429424,-9.723632,-26.784628,-42.873844,-34.264568,-14.478584
-51.316231,-73.351974,-41.983444,-44.762989,-64.700111,-33.904659,-49.167732,-63.496643,-25.129061,-51.073009,-41.032108,-25.879467,-61.339676,-23.536489,-54.876003,-40.276192,-28.741253,-59.132751,-22.744427,-55.538151,-48.528687,-17.288115,-55.663902,-52.3657,-17.332607,-52.581722,-24.850161,-55.281723,-52.790249,-7.971288,-53.97752,-39.116951,-41.324177,-53.512062,-19.787708,-58.438793,-14.958321,-54.836636,-28.942368,-47.175262,-40.172756,-28.557381,-53.367413,-33.73671,-21.852894,-45.783291,-22.370005,-64.75444,-28.526754,-53.156986,-26.085585,-54.88443,-41.505665,-19.869743,-47.388302,-26.639622,-51.224415,-20.047096,-58.029984,-20.714024,-48.410126
-61.235394,-54.554218,-20.348652,-43.957806,-57.696335,-18.606371,-41.922432,-46.768143,-16.854927,-54.183186,-31.176374,-22.431059,-55.274376,-12.199132,-33.490185,-50.21727,-23.227659,-59.582199,-5.459498,-50.409279,-40.675804,-23.938938,-53.767612,-31.87464,-22.844231,-50.286972,-51.855499,-16.263905,-26.867069,-46.781975,-63.953979,-24.496918,-15.7388,-44.391186,-50.786522,-10.763129,-25.499275,-61.265541,-55.98151,-11.744781,-29.467659,-53.42244,-23.283451,-25.094635,-56.705246,-34.660824,-18.009655,-47.7519,-52.289463,-5.975862,-50.725826,-60.580467,-15.004283,-24.051176,-54.936863,-23.173569,-8.761606,-31.785307,-51.71246,-33.095955,-10.450111
36.39817,43.772465,45.050678,41.370232,42.020939,39.948006,44.298512,35.039684,29.164242,27.071129,32.14156,39.034504,34.245968,23.370161,37.922863,33.671978,34.993378,43.703949,39.965149,44.53014,34.306313,44.992699,39.065403,37.421997,38.356945,33.996925,43.458782,40.965157,43.774696,34.922142,30.558708,30.928268,32.551727,33.169884,47.139069,34.08659,31.871166,45.973652,46.48975,37.012066,34.70665,37.447895,40.235237,35.845646,39.690971,39.504913,45.843452,43.15469,42.212536,40.271149,33.179043,36.164616,40.996422,40.95013,40.617107,38.432644,41.319389,40.482899,47.374439,43.112648,41.85741
50.949596,36.765827,42.331703,47.716053,33.526993,38.628193,40.371597,39.285294,32.326756,40.101856,42.25692,43.034981,30.830471,39.438339,42.943207,31.300369,38.049019,35.677773,46.264992,41.605133,38.788784,30.891682,40.708847,40.227482,37.854321,34.444046,43.88063,39.678326,50.791893,44.93737,37.369148,35.170139,31.74049,36.323753,38.113785,41.346405,39.257263,36.214569,39.890148,40.563442,40.918495,46.588108,44.248932,41.072517,32.124741,35.844872,36.405277,34.337578,35.13689,39.956821,35.920521,31.964436,31.740156,34.966965,38.983757,34.196121,43.761349,40.476902,32.487953,28.712538,34.046028
-52.304955,-45.101883,-48.402401,-53.628468,-49.889038,-44.288933,-45.758633,-58.210274,-37.433186,-32.452721,-50.465302,-48.781311,-45.344147,-43.550766,-45.216343,-45.150196,-39.595634,-36.449448,-25.190849,-33.328777,-21.365355,-27.29957,-38.364468,-25.270098,-44.109848,-37.322277,-40.49176,-30.529156,-27.402512,-26.238239,-22.745836,-23.925932,-25.490814,-33.084179,-24.305389,-23.900646,-26.871796,-28.921009,-38.429276,-19.217495,-30.95492,-28.60688,-34.721191,-39.90239,-26.687126,-25.883842,-40.656452,-33.013615,-41.654297,-25.756298,-31.706633,-40.366638,-37.57692,-38.551369,-28.11532,-26.895201,-38.505013,-46.101124,-49.883801,-43.121876,-44.861778
-28.6632,-11.059871,-30.612509,-40.01862,-36.843742,-36.060299,7.738795,-22.395388,-31.476404,-33.989834,-35.836227,-47.448853,-35.885117,-25.143505,-29.422554,-36.98436,-19.503237,-39.416027,-43.550308,-31.34449,-32.006779,-43.152004,-18.582596,-35.076801,-44.808647,-12.210808,-30.644754,-21.921803,-5.278045,-24.800508,-32.787209,-33.429935,-20.088926,-18.668968,-43.316319,-16.741089,-8.361956,-38.089993,-26.851656,-24.245985,-35.99012,-24.854872,-27.53133,-29.049807,-40.885101,-3.900912,-44.864761,-25.153204,-42.966949,-18.027895,-3.055549,-29.629187,-27.561956,-17.548119,-17.910412,13.082069,-13.348975,-10.301817,-5.443108,-32.887569,-12.328625
-53.386093,-52.661003,-68.712952,4.777687,-42.216366,-47.920113,-46.73019,-50.131962,-55.948204,-56.041138,-54.523254,-55.400146,-52.487926,-54.396793,-62.704723,-59.007801,-52.662334,-52.800358,-49.192524,-57.871086,-56.642597,-51.016033,-43.682373,-47.047752,-49.312294,-55.566853,-48.534882,-47.766083,-58.46418,-48.858112,-51.464207,-53.188034,-57.407406,-48.785976,-38.923077,-42.572865,-46.398453,-51.013187,-46.661819,-49.220966,-41.47279,-45.351913,-44.493809,-49.366314,-46.930248,-42.794903,-47.3871,-43.580528,-52.46405,-41.985188,-42.576939,-41.972904,-44.065334,-35.31403,-40.205288,-40.026672,-40.370289,-39.317337,-45.098743,-45.530628,-44.568813
-46.624485,-47.268608,-47.861961,-45.285259,-46.061203,-46.012344,-37.921406,-40.675301,-40.981064,-37.473389,-29.024261,-41.713436,-36.280468,-44.217659,-38.545567,-44.160961,-43.669933,-51.445656,-41.776432,-40.209625,-44.955727,-42.665379,-36.909752,-41.164993,-41.176163,-45.300682,-43.265591,-45.250507,-44.058247,-42.963409,-39.395844,-38.357105,-39.896976,-40.42033,-36.299232,-31.336639,-31.554323,-34.913425,-31.159668,-27.346788,-32.041229,-31.215843,-34.926903,-31.837069,-36.825199,-37.754826,-39.962528,-41.822987,-42.165535,-41.967041,-42.187103,-40.900082,-43.967064,-41.023422,-41.727402,-43.164658,-37.602966,-33.707302,-33.219761,-31.550879,-36.651943
26.002802,18.280014,16.13818,8.32165,26.362701,28.001282,29.139883,16.938356,26.230843,7.697,28.104595,21.537481,25.457747,34.111462,16.613363,24.229641,28.658756,14.108636,35.519455,15.917329,13.762987,32.949013,11.571965,33.492889,16.690165,30.153786,21.730326,38.494129,22.897425,33.191055,22.134222,28.085135,27.569807,26.265707,40.278419,40.142391,29.76408,24.022352,28.678602,23.704554,28.303814,33.205677,25.423466,40.083641,27.296583,31.407709,36.423378,37.335575,32.673458,37.495422,26.701027,37.012329,36.487091,23.303389,33.156448,34.265442,37.359287,39.368286,34.926476,38.913116,33.853191
7.933363,4.790907,4.238514,6.637139,3.740622,6.38745,7.707173,13.106214,9.93738,15.366701,15.273942,16.293058,14.352703,12.516236,11.184361,10.912213,6.383819,15.082516,21.81748,30.576387,26.296209,27.84152,21.361176,29.526747,25.036636,29.754793,20.88269,23.054436,40.514317,36.435257,32.719372,22.498161,21.945429,27.871908,28.270279,21.491743,34.72496,21.189934,29.957767,13.427025,30.787422,38.541817,36.674252,33.40913,27.167898,10.295239,14.776279,14.047249,35.737122,36.876263,34.021378,34.601292,35.77914,40.537582,38.123314,22.356464,15.302076,39.052467,41.480736,38.842907,36.077114
-43.016243,-42.381409,-33.688377,-42.173882,-38.836151,-38.907509,-38.670761,-35.099968,-8.41496,-58.726112,-10.215398,-55.210403,-27.43622,-48.217995,-36.345055,-50.747784,-23.940895,-57.276768,-24.645781,-45.138817,-32.976192,-48.241776,-18.749834,-51.470325,-19.783827,-46.516743,-19.70048,-49.017822,-2.958887,-55.367638,-34.815071,-42.181168,-42.042175,-24.935316,-60.688286,-48.750668,-32.865471,-47.007561,-27.70503,-58.244007,-24.723097,-24.679276,-54.067326,-19.888321,-61.522499,-52.450573,-32.339394,-60.097614,-32.887188,-49.21949,-52.04657,-19.414068,-57.597195,-30.22438,-47.507446,-19.539087,-51.573883,-47.598637,-34.553982,-55.620464,-25.259192
-61.654827,-58.375046,-61.965008,-55.921474,-43.380989,-58.718746,-51.066563,-47.543716,-57.738419,-45.53376,-61.128246,-49.811367,-30.112993,-36.87244,-49.752422,-56.132713,-36.177086,-37.203392,-42.940384,-45.769943,-54.12109,-13.159246,-50.233959,-52.158459,-28.370979,-16.855408,-52.073418,-37.648224,-49.538315,-54.055916,-43.136131,-58.236584,-31.719778,-58.222389,-56.072498,-35.998699,-49.920383,-29.225967,-51.891319,-32.937851,-55.699718,-36.280041,-55.430424,-55.94352,-46.455681,-45.953602,8.523671,-46.367462,-22.456877,-59.52676,-32.236912,-57.346664,-27.373144,-55.930454,-41.559368,-53.865627,-40.276684,-53.745163,-47.364227,-51.425949,-43.36977
5.70334,5.378768,10.661368,1.314677,-6.553293,-54.803291,27.787279,36.006531,13.555451,-0.414449,-4.795499,-6.933083,-0.690061,28.568928,22.539999,20.810024,-2.393594,-7.267657,-17.125059,10.139874,21.208775,21.326067,0.620703,-5.304034,-23.435911,39.324547,3.939026,-21.510944,-4.925436,-7.195348,-24.69932,17.881981,2.588045,10.227808,-5.220312,-24.568453,-11.827156,3.668665,8.425086,-53.262894,-38.615009,-4.917994,-40.843487,7.071043,-16.23735,-42.468403,-34.607014,60.738754,-20.624125,-46.20229,-34.481266,26.241306,74.961029,-43.028088,-13.254176,-5.023583,-13.853279,4.510882,58.22657,-49.755116,-44.611973
-21.372242,-19.22904,19.096796,-29.314329,-30.204163,9.747564,32.977394,19.19467,-36.512524,7.996358,21.734369,-28.063257,-28.95059,26.964361,10.324976,-32.000549,11.759415,16.001682,-38.718464,-14.480824,16.070215,14.358483,-19.269253,-30.108055,-18.373903,13.693918,24.590977,12.321009,-19.328194,-33.506828,-35.477287,-12.035364,19.679012,22.608902,20.613811,13.555482,-19.152584,-37.55735,-30.059072,-27.593563,-4.622669,-5.161108,27.124495,27.857544,21.089947,6.406867,-0.501227,-32.154507,-38.29472,-22.840965,5.416848,20.670982,24.113707,23.693239,-27.804691,-42.469006,-22.325029,11.165239,24.631227,32.998615,33.213177
-49.019726,-8.677271,-29.069525,-46.438042,-33.554039,14.422487,-28.235611,-42.436543,-19.322933,29.832382,-8.263894,-39.813911,-43.711895,-21.07184,36.495178,-4.922432,-39.418842,-50.901001,-49.373146,12.072494,-5.691084,-31.059572,-42.048512,5.212264,14.48907,8.713566,-34.738251,-49.538147,-25.50424,1.892486,-13.385155,4.35289,13.680431,-3.41493,-43.849911,-41.354942,-45.121162,-41.137207,-22.242729,20.582207,15.498674,-18.950907,-22.159163,-52.479595,-39.174644,7.03762,-30.806961,-41.956074,-37.781986,2.273707,16.316387,-33.628204,-47.163807,-40.84774,3.60959,-7.413212,-40.134972,-46.644073,-25.467516,13.560473,-21.688101
-33.437565,-14.9197,-37.728416,-53.429733,-23.574251,-38.921356,-7.797009,-36.821224,-38.849289,-4.586779,6.286814,-0.680339,-1.945991,-17.44824,-27.626289,-25.542336,-30.031298,-52.234764,-42.330875,0.170676,12.521793,12.112284,0.649756,-7.904618,-13.820185,-25.568243,-31.83779,-48.27985,-50.185524,-46.604347,-36.420231,-9.790395,-3.245863,2.251445,-5.622833,-45.570236,-39.108463,-53.865368,-31.42161,-26.050478,-19.265533,-12.848878,-3.97534,-9.190977,-14.954283,-24.090296,-17.263758,5.616017,2.742611,20.820858,12.297796,3.350778,1.875661,-11.340714,-11.476995,13.60112,9.499245,-3.165095,1.962101,-13.961571,-27.439976
41.742565,6.984096,5.373334,-14.348976,24.738501,-25.015322,19.71382,-11.866192,-22.056404,24.942511,-23.891632,22.990244,-15.230718,2.079109,-16.823654,32.772842,-12.805507,4.294979,-6.687691,-2.831881,9.047553,-23.690767,20.048861,-22.544212,24.934872,-22.951492,9.019283,-4.947366,-5.821403,12.778006,-18.567307,22.973274,-16.928751,25.75082,28.846416,-18.281445,25.498486,-18.313295,20.268454,-24.032108,31.239439,-16.401136,-8.887256,22.099268,-28.450035,-5.502834,33.46899,-3.371604,-28.437538,20.602713,-8.112973,-18.235704,23.739452,-32.211102,23.658628,13.729946,-29.635809,26.778799,16.995218,-31.025698,-2.657306
-31.190657,-26.886957,-37.127171,7.208847,20.474028,6.797706,-25.876856,-35.207645,-27.762697,-36.480885,-39.556789,-44.662148,-52.897884,-33.764576,-34.725784,-27.499285,-42.614483,-37.336933,-41.704773,-45.703323,7.469857,24.001356,18.09683,1.699557,-24.48267,-31.940277,4.419979,-2.099806,23.082073,-7.218505,-25.833912,-38.573254,-43.129276,-23.986792,2.334814,18.587511,-11.023327,-39.287899,-3.777779,-28.706844,4.779185,16.612778,3.25898,23.055283,26.091454,34.317146,17.958439,8.808304,19.624731,-2.408319,-20.815969,-15.613739,-14.629905,-8.444137,-13.378999,-28.635563,-28.549185,-32.948235,-28.798899,-41.860043,-35.62566
-2.236864,39.148045,-23.504063,10.061936,-31.354042,-50.913254,-14.847182,-42.345043,-15.291615,19.399782,-50.257915,-4.596812,-47.523014,-32.672459,-3.951775,25.822136,-42.156494,-53.333778,-54.507084,-43.863422,-33.770779,-7.378544,17.675943,-44.324535,-53.80537,3.300945,-37.419548,-14.373746,-34.653343,-32.163403,-11.534773,-3.124936,21.178102,23.127447,20.652119,4.023304,-18.039871,0.565358,-16.101624,-12.411417,-33.2477,-53.071194,-14.561669,-14.941748,-38.701752,-53.577141,-51.274708,-39.181049,-1.307214,8.997665,-18.532019,-24.811594,-40.328964,-31.497379,-16.139677,19.140553,18.442039,25.287514,12.153711,-50.034336,-1.360794
-58.814255,-26.913523,-3.500299,-18.834944,-0.733897,-17.570143,-3.259282,-3.855213,2.488851,-3.553418,1.08549,-0.012516,-30.387041,0.544767,-41.531845,-10.040642,-1.020943,-9.381809,-3.710304,-28.429752,0.079104,-49.333202,-39.421268,-2.558314,-0.050903,-37.749832,-0.013515,-40.56459,-5.041255,-2.320348,-8.390267,0.031165,-7.426635,-2.141355,-55.689987,-21.62888,-0.699383,-33.709301,-3.278736,-0.405891,1.557304,-32.081867,-11.542654,-4.155327,-32.337204,0.114325,-56.659904,-5.351012,-0.965414,-30.630852,0.27254,-45.139294,-3.278122,0.556603,-16.139553,3.843639,-63.089699,-9.485921,0.144355,-27.244009,0.124872
38.382416,-10.531623,5.329809,36.47171,-6.939764,11.215744,30.957495,-3.54796,-26.42507,30.129744,13.24139,8.613927,34.483723,-15.42323,-21.916777,27.684843,-14.06851,34.456806,20.754219,-20.05752,2.299042,1.746194,-22.671791,12.59186,-0.724509,-3.830467,9.916517,-0.956858,-22.08127,19.214874,1.965144,-18.772207,10.823885,-0.933315,-21.47006,10.496922,0.511515,-10.206453,-15.854992,28.204453,-1.095961,-23.937067,16.297335,37.86676,-10.954144,4.281232,24.363375,27.296432,-16.928629,2.582087,19.312355,-1.381471,-22.842628,4.759542,39.903088,-8.250526,-23.806818,-13.653423,44.321503,-3.449851,-23.386637
42.897415,-8.424879,-12.009612,27.867599,31.362411,-4.762027,2.367095,37.238285,28.334766,-8.271338,30.293621,36.37175,11.619488,-5.213333,38.017773,32.257977,-8.988116,8.416568,33.593563,-2.46359,28.074022,34.110619,-0.739971,33.270588,32.48164,-9.661926,27.583366,30.84635,-0.491602,11.063875,42.764431,4.633392,34.489185,23.413883,-4.594824,22.804853,30.187426,-10.420135,29.754766,35.365799,-8.784306,23.071257,27.978308,-3.497994,-1.923166,32.706581,11.352658,16.541008,36.167675,8.727002,18.720127,28.963896,-10.134279,28.417124,35.055214,-0.462753,37.881012,29.532431,2.893381,32.239697,30.760061
-4.911657,-7.229461,-4.493807,-13.858988,-8.63284,-16.156696,-1.908453,-14.388485,-9.869533,10.101851,-3.31618,4.471624,-15.723381,-1.554583,-12.743839,7.526879,8.93167,-11.459418,-15.173078,13.424747,-9.090216,-7.649417,9.000555,-9.58216,-4.074879,-5.765937,-2.782182,-0.261902,8.63027,0.699242,-4.705709,-9.684041,-1.727358,-1.778875,-14.643048,11.922304,-5.967732,4.047633,-5.923517,-7.679924,18.71616,-14.869278,-9.243471,-13.29834,-9.187226,0.948141,11.061703,-13.543433,14.300479,5.564107,-15.133589,17.802464,-5.671756,8.9806,2.45283,-9.104734,-20.589657,-11.238518,-5.908817,4.270503,-10.608527
-17.245495,-14.803166,-18.033554,-24.989515,-30.737217,-1.01347,-14.202584,-11.191959,-23.440437,-25.672428,-1.040809,-0.352665,-16.561146,-17.719671,-31.129725,-0.528121,-21.872116,-13.812192,-21.085623,3.49473,-16.45252,-10.407756,-14.685643,-1.804952,-25.063765,-19.943581,-20.14609,-2.378153,-24.050884,-20.627537,-1.291998,-8.7111,7.584352,-20.285919,-25.808615,-6.813503,-7.817963,-23.744484,6.108441,-11.371392,-16.758802,-17.302443,2.479355,-17.654114,-20.025156,-7.806114,-1.524169,-17.905231,-2.152484,-8.202499,1.787489,-9.696436,-26.034607,-16.45656,2.68737,-5.725809,-19.050434,-18.63031,-2.079555,-26.255276,-11.585319
-46.499115,-10.35043,-22.273581,-47.374142,-37.786964,-12.941583,-35.916557,-42.068737,-9.334409,-32.749035,-33.761204,-10.009244,-36.843132,-44.049625,-8.749862,-36.11554,-39.95953,-4.728454,-24.733585,-35.458385,-4.147939,-37.891312,-33.884602,-8.240812,-37.404453,-9.884978,-18.912149,-47.581905,-12.769635,-10.11585,-40.004639,-24.553799,-18.571344,-40.998749,-14.074212,-25.996151,-47.223415,-10.514293,-23.752472,-45.777798,-21.878571,-12.622684,-36.628716,-49.324986,-14.816079,-27.623297,-50.035622,-26.681856,-16.61017,-36.976597,-44.813267,-14.895474,-34.858166,-46.351494,-20.239286,-17.901255,-39.099224,-45.675804,-36.513771,-17.42362,-27.717339
-20.33131,-21.094765,-30.514502,11.565181,-37.177376,17.093821,-25.634977,-21.24365,-22.136938,-30.116856,12.772856,11.21422,-34.563793,-31.455791,5.416781,5.04191,-41.899521,10.96006,-20.094641,-31.870289,4.957759,-26.575239,9.391216,4.04515,-34.763634,-6.026604,-37.219612,-46.376305,2.366522,-39.92268,-12.93082,-29.583687,-31.762808,-3.66625,-5.204114,-50.349407,-24.66168,7.269998,-28.264263,-35.833405,-4.037471,-27.03426,-44.50927,-36.833569,-20.980051,-7.987658,-25.247625,-32.661789,-39.437908,-29.896145,-19.865915,-5.536667,-22.012276,-28.849241,-40.501587,-37.541256,-21.911484,-8.909565,-16.856098,-36.373802,-36.654076
-5.317464,-5.615017,4.371654,-42.253853,-21.767401,3.845193,1.604696,0.807855,-48.26709,-36.065331,3.991686,4.02187,3.459787,3.625727,2.233756,-50.501026,-43.774765,5.626314,2.609982,2.006234,0.91602,1.368216,-62.621914,-47.024956,-40.916195,-50.68504,1.875451,-0.912382,2.203208,3.3841,-45.368538,-36.013363,3.582872,3.116568,2.15015,-43.49667,-31.442417,4.219971,3.648483,3.783822,-56.576878,-50.078964,-37.502911,-11.886436,-14.473949,4.181576,-78.7099,3.752184,-51.299633,-26.166779,-23.921072,3.784719,3.621514,-47.852779,-35.992313,-32.519188,3.610048,2.975519,-43.587753,-27.062695,4.51846
-3.467014,-52.722282,-63.312904,-19.456694,-16.521343,-44.673115,-65.422821,-25.07505,-18.46019,-46.109177,-62.190411,-42.112835,-1.832545,-42.80299,-73.276535,-27.979176,-8.477987,-22.643316,-55.989384,-68.380096,-11.399709,-11.380646,-58.510872,-39.46714,-40.976994,-32.461143,-21.1544,-38.527554,-16.619146,-59.444313,-12.748244,-36.67984,-14.696645,-44.814617,-67.081635,-35.366428,-5.548147,-48.804775,-56.518818,-29.26247,-6.968137,-32.134144,-57.620869,-56.270966,-32.016384,-12.3418,-0.556233,-21.238853,-19.190271,-30.358541,-49.394352,-68.410736,-15.395747,-0.854334,-30.398537,-52.845787,-55.421001,0.355338,-22.428205,-62.108852,-61.951443
-5.703347,-35.600769,-20.302525,-15.808317,-28.274267,-43.206051,-37.886887,-25.001654,-15.429628,4.978872,29.288496,38.231567,-17.947853,-21.034752,-28.891848,-34.021225,-22.120626,11.095576,-30.327526,-39.527546,-29.158157,-17.698029,0.087532,24.913576,-27.040209,-38.445644,-47.742603,-27.849977,-28.899426,-23.671261,-7.521722,4.438152,21.739008,-21.677538,-21.812796,-29.912783,-46.028549,-27.944134,-15.22379,-2.330137,8.266017,-14.991574,-25.883583,-24.341297,-32.536671,-34.395622,-34.688236,-16.871822,-13.162134,-7.0722,4.007364,24.667055,-21.259474,-21.908253,-34.597988,-40.664478,-31.425901,-33.3647,-2.520351,14.462749,-7.585176
-3.426049,-33.239899,22.609612,0.425233,-42.383041,-18.109552,35.04351,-37.673595,-26.606844,17.069468,12.83927,-39.279922,-29.364964,17.381273,6.342625,-23.331333,-48.006489,-39.754032,-29.433031,11.485119,28.029068,-4.906628,-41.641117,-44.781998,-4.6171,36.670971,5.764532,-41.840061,-48.375526,-34.57584,-2.000498,24.361927,5.151682,-12.937266,-44.897137,-34.254959,-18.334181,14.070923,6.74661,-38.57761,-47.587532,-38.166771,4.432507,17.205557,-7.094588,-38.863338,-12.56861,29.613823,-26.937662,-39.0462,39.645668,-19.697762,-44.080841,-6.464666,49.609596,-20.125921,-48.886147,-34.856514,-5.275759,29.728682,-18.495556
-3.649763,-37.180344,-49.524483,4.753999,-12.702686,-1.689622,-22.820166,-44.826744,4.079849,-12.559407,-13.103277,-7.312376,-5.187372,5.634899,-5.478609,-6.839532,-12.043904,-12.492604,7.37235,-10.457242,-3.007097,-12.652375,-13.65586,23.510921,-14.934245,-13.380412,-13.276602,-18.24798,-17.860954,-18.056555,-21.294487,-18.125401,-20.895277,-29.210848,-28.073099,-24.382235,-22.446959,-32.744354,-35.250004,-26.929493,-26.863722,-27.031223,-31.46468,-46.088436,-40.737225,-38.442863,-20.61886,63.593147,-21.48724,-19.526043,-20.80265,-15.875675,-12.540172,-12.959391,1.342038,-8.673835,-20.910364,-29.917345,-38.167229,-28.821501,-22.991798
-6.784987,-32.77914,-28.229353,-57.117512,-71.872696,-85.938873,-76.933777,-85.795349,-48.27615,-12.782319,-5.855924,-14.797252,-27.905682,-68.010857,-82.564308,-56.851902,-86.326378,-80.441406,-72.745804,-55.709549,-57.030293,-29.144968,-29.360415,-18.267952,-31.914347,-54.363762,-52.530941,-49.708103,-63.667679,-82.318069,-89.656708,-88.691383,-74.946625,-67.741013,-79.883171,-42.140846,-19.176466,-22.442596,-43.201729,-73.685974,-87.47699,-54.954075,-72.43425,-85.390381,-56.912949,-35.262768,-18.010511,-19.632046,-24.862728,-27.181044,-34.931629,-32.464725,-40.465034,-82.554535,-76.377846,-74.281082,-78.032249,-76.744057,-83.41246,-51.018063,-50.841053
-9.025186,-8.573134,-54.186329,22.685036,-82.586578,-76.442909,-75.839272,-79.933434,-83.198883,-80.295265,-80.211594,-62.157421,-65.158928,-60.114311,-60.701305,-47.606735,-51.760136,-38.376934,-32.762241,-21.937338,-19.821438,-19.795,-31.564156,-47.992947,-49.995811,-54.746967,-39.629875,-42.557064,-47.701443,-41.671078,-41.2999,-38.907341,-42.021969,-68.894821,-74.549889,-85.125267,-87.362061,-81.479561,-86.937294,-77.009544,-72.0214,-82.203644,-83.058067,-77.294312,-79.253555,-83.386467,-73.165504,-65.648254,-54.845249,-68.438957,-56.376125,-65.238411,-52.376076,-48.748451,-43.084515,-34.419052,-38.51059,-38.487965,-37.188133,-34.969929,-37.817329
-67.78511,-63.269886,-40.514198,-27.255646,-41.749477,-41.288612,-56.206161,-68.177887,-72.716263,-68.22229,-62.167404,-46.153488,-27.622131,-33.868893,-55.704567,-67.428368,-74.552315,-56.902229,-40.437874,-29.798746,-32.024319,-58.535698,-76.638123,-77.294281,-58.692165,-33.771946,-25.140871,-39.245361,-68.431641,-71.811172,-51.60722,-36.534378,-59.176151,-67.744202,-70.328423,-51.789845,-32.452972,-35.927368,-55.554768,-78.648193,-67.160889,-52.50256,-41.325615,-36.361061,-62.63142,-76.198479,-38.657452,-68.675331,-79.46981,-64.249977,-40.036961,-40.641205,-50.135487,-64.458321,-82.871674,-69.383102,-44.844551,-37.026295,-43.363411,-60.751923,-75.507202
6.488701,9.110767,47.71682,10.275397,5.415355,-2.626738,16.950434,15.227111,6.704959,39.154602,45.503632,-8.904891,12.28952,-25.972069,14.752417,-15.024883,-27.854946,-26.456398,17.831354,-16.864262,3.874782,23.503767,-24.574511,-14.126563,2.199615,14.649894,16.22957,-25.045904,19.228828,15.51483,-14.978526,-1.681071,6.647336,2.264057,13.199117,-19.858383,28.630764,43.860798,-2.137209,13.483311,10.999633,-30.453461,1.355843,17.62682,-17.795034,2.78017,26.78949,5.895308,-26.472925,7.147421,9.94237,-2.424975,27.454239,13.609699,-6.867774,1.473041,-14.908495,-6.805192,34.983616,-32.786888,27.187717
-56.729187,-55.576511,-59.275707,-65.332985,-61.001446,-64.835945,-56.248184,-56.583069,-65.015991,-59.888451,-64.832504,-49.0597,-53.204163,-68.630104,-52.402515,-68.343056,-65.340927,-49.841259,-60.478859,-54.930504,-61.879261,-70.140175,-51.831955,-68.101913,-51.70142,-64.723999,-56.119488,-60.768406,-57.498344,-62.875771,-60.765564,-61.54631,-70.884399,-64.018745,-68.630402,-59.634975,-61.497719,-64.530846,-64.00515,-58.956104,-66.646103,-70.026962,-69.469025,-67.754662,-65.804276,-53.891945,-63.427769,-70.468269,-54.263466,-59.306412,-67.51474,-64.110504,-59.403793,-74.061913,-51.259964,-61.308414,-73.675903,-43.814434,-64.781868,-62.449295,-65.229607
2.008243,15.285321,0.723715,49.269241,-18.682245,1.206899,32.244949,28.15637,1.871575,55.194134,-1.394347,8.380638,-8.06657,-8.499501,-15.61377,-29.318033,-37.253777,-30.205341,-16.908949,-21.981411,54.480278,-9.739433,-6.13412,-4.518618,-0.125025,14.747366,-6.740674,2.680727,-3.594913,0.409963,-10.981074,-7.541485,1.450419,-3.29099,20.734535,11.003602,-4.645504,1.39357,19.767723,-4.521041,1.580643,-4.549909,-6.912628,-6.04366,-8.364684,6.132326,7.76708,10.261978,-8.054938,-5.510528,10.376415,-11.163087,53.160606,-2.87528,-12.027848,13.687844,22.665613,-2.031417,-12.325992,-18.71525,-38.744747
-8.838735,-4.991455,1.780347,-48.034054,23.413597,-0.464955,-44.436356,47.267357,-29.710234,-15.107409,40.553047,-48.051708,16.443201,-3.309681,-35.920765,46.213158,-27.025846,-14.306524,51.516888,-53.229492,25.716404,-8.497465,-38.32592,15.921902,-31.494984,42.659,-31.59679,-13.577829,31.998631,-49.810322,-10.329428,44.767525,-49.893044,-43.222912,-12.466305,-17.814327,-38.069775,28.430296,-53.315891,-17.505522,32.486519,-36.038063,-18.132717,43.952545,-35.995014,36.70351,-54.27829,26.081795,-6.782267,-21.754677,7.457805,-32.427475,-14.219584,33.500164,-40.404392,34.266151,-27.879316,14.07472,-32.842762,-22.992935,-26.084946
-17.838329,-12.520498,-47.705353,-32.01889,1.037412,-41.519791,-6.69974,-37.54269,-21.691027,-16.360706,-57.901886,-13.892239,-55.404404,15.270414,-36.782539,20.972925,-41.921097,-29.16177,-30.259708,1.776731,-39.721973,20.614281,-35.147861,-23.553375,-31.580807,-23.002411,-52.214016,-2.025814,-38.155163,-20.90292,-21.5396,-50.567627,11.597234,-63.134048,4.766552,-58.121681,27.481653,-63.579651,5.411662,-63.198765,-18.522821,-14.27702,-60.361546,-20.98806,-46.639523,-44.756313,-54.616592,-23.683262,-14.792599,-56.038403,-19.108273,-32.216713,3.205857,-47.774563,-12.49571,-31.559252,-25.138395,-51.134972,-27.976933,-60.01503,-1.496429
29.130398,-14.602395,-1.407403,-21.574255,11.78327,-17.891273,-22.895393,-29.056034,-6.477265,20.805201,0.559107,-20.516521,-20.068207,29.012196,-14.653413,-36.419064,-18.162619,6.177807,2.475766,-14.490748,-5.033783,-36.818241,-27.624319,-15.603166,-51.059925,-33.956974,-8.044252,-33.948513,-22.486607,-8.281127,-41.786873,-27.338467,-28.983488,-34.868473,-26.327734,-29.26272,-11.156512,-31.391491,-33.376312,-27.182552,-13.579858,-24.381927,-30.915783,-21.091217,-9.840615,-26.495401,-6.533216,-28.177547,-13.199442,-30.626333,-8.523066,-24.045933,-27.592159,-12.497539,-31.055529,-33.086296,-25.291958,-29.810524,-21.319721,-20.790514,-21.221441
6.845812,-39.702171,-35.115196,-28.914425,-35.240955,-31.74523,-30.085215,-30.029596,-30.822592,-32.515381,-72.399719,-47.497356,-54.167274,-77.710281,-53.851147,-68.740616,-51.382969,-65.754776,-70.59729,-48.798584,-56.514763,-64.999786,-54.719616,-75.280464,-61.427746,-60.790066,-65.121498,-48.382618,-75.215515,-26.435497,-72.265099,-32.941566,-35.878883,-48.702171,-27.984425,-39.791111,-52.964432,-48.307823,-58.55582,-56.066311,-55.349045,-50.965706,-64.146515,-29.484169,-59.862518,-44.651009,-47.868423,-45.443432,-48.140358,-45.38961,-72.858887,-44.627884,-66.435974,-56.623451,-55.411804,-44.535465,-50.746456,-33.441025,-71.77832,-33.774994,-55.860329
22.291605,-13.246417,-18.648703,-15.998555,-24.900377,-8.952985,24.971867,17.949644,23.483999,29.067923,19.911871,30.315075,20.943327,25.58371,24.046768,22.356873,22.705311,24.765757,22.517725,16.137608,13.307324,17.939417,19.006151,-9.971387,6.517437,26.590412,13.97038,21.507017,24.218906,30.022476,25.948261,25.199169,32.330036,22.714493,-18.166586,-6.711154,-18.97958,-19.144463,13.372766,13.110645,29.622797,22.054991,23.602371,20.141113,21.838449,-18.998325,-19.67885,15.680691,12.531805,25.160675,21.472229,25.556337,16.581364,19.185543,-14.654622,-18.651024,-14.616978,-14.86261,15.7885,-18.210451,-19.122206
12.685025,20.103888,9.692675,24.99189,29.933628,31.585989,25.293558,8.377607,5.663985,15.14401,13.108692,16.687576,20.078304,27.226831,24.035172,28.0089,26.870068,25.004869,23.56782,21.534794,14.679684,23.359089,30.470345,29.327749,26.164125,26.893635,19.364,23.229504,21.921947,23.855671,22.187532,20.790693,17.953354,17.023085,7.15414,10.47902,26.655651,32.598335,20.171253,13.219765,13.624885,13.364429,21.078402,15.271956,24.915058,25.972723,13.245188,19.822372,17.275093,22.805294,14.5462,10.749386,20.359415,21.612972,9.487096,11.742553,22.597412,19.716602,19.79776,21.553677,23.281166
28.491005,25.446032,-47.997082,2.17912,-64.735794,-7.269348,-33.247242,1.106479,-37.837727,0.641916,-12.130055,-19.580944,-27.968145,-25.643316,-18.583054,-34.728958,-18.495277,-34.661404,-26.731297,-31.454197,-28.213186,-25.931622,-23.626099,-30.875095,-25.782146,-29.776432,-13.779293,-11.351908,-13.48111,-1.79913,-4.150898,6.165426,8.964014,10.312221,-0.36141,4.480713,-9.104731,-18.931635,-15.309633,-5.578351,-17.985687,-30.400036,-28.565851,-22.58954,-31.069735,-39.842674,-21.574902,-30.969759,-24.806992,-21.382412,-19.690134,-8.284002,-13.854984,-16.412926,-25.797445,-21.643644,-25.237028,-17.241156,-20.117708,11.642563,-4.781049
20.744871,-10.889061,0.647474,19.374512,0.489249,18.845572,21.947075,-13.539562,22.6675,13.242512,-10.555169,8.453719,13.462856,8.040919,3.454635,22.074886,23.600691,-13.693634,-10.639823,-25.429415,-17.934975,-12.145613,8.602429,-14.247546,8.646404,-7.301095,-15.895717,-25.842279,-19.562733,-16.650059,-11.249048,-8.994271,17.540504,-3.665887,22.098845,21.662027,-8.972764,-9.390231,-24.503138,-23.029922,-20.512072,-23.501911,-19.794199,-18.556822,-14.183327,0.24722,14.823674,-7.929995,-12.192719,-9.596067,20.177389,23.094807,17.598312,10.949569,15.043428,-7.302489,-3.909064,-1.341563,-6.715526,17.980368,-12.004773
26.107281,-19.67034,-34.828938,-32.894787,-46.020561,-32.424934,-22.886793,-24.079597,-24.835762,-24.148886,-15.201312,-31.548258,-24.547441,-22.4536,-27.021761,-29.97921,-17.81275,-18.694235,-24.670511,-15.617301,-20.0562,-40.525261,-24.297077,-17.152473,-11.729403,-10.963113,-20.960524,-21.513796,-13.987252,-14.16187,-16.685974,-23.545309,-20.639797,-18.598209,-19.078009,-28.470514,-16.967848,-32.035629,-7.965011,-24.957888,-9.287322,-16.605713,-23.766556,-17.939857,-30.992485,-20.747662,-26.154161,-18.931089,-24.388729,-20.168139,-20.778769,-23.807486,-34.232853,-21.436934,-23.623568,-20.880777,-26.251791,-22.52717,-22.447956,-15.369719,-19.222462
-32.577099,-10.012424,-34.618843,-18.16127,0.063876,-27.391798,-37.780807,-39.336548,-33.803368,-12.177078,5.75546,-17.39509,-14.481697,5.149402,3.901417,3.055234,10.75521,-0.760946,-15.626879,7.088119,3.71274,-11.60411,-20.900507,-22.560163,-16.806261,-11.000033,-9.507662,-2.444804,15.649,4.060366,10.940608,6.032771,10.848397,16.520939,7.452981,5.201123,15.683906,-10.594389,-5.398847,12.214657,11.447556,18.930374,21.393879,-5.063064,8.332605,10.026501,18.415161,11.052147,7.746439,2.019902,-10.193129,18.236193,-11.527653,6.46745,11.772253,17.693785,6.35535,8.784962,2.536559,-3.339565,-24.393435
34.795994,39.015316,24.400661,27.855043,13.925491,29.078346,18.380169,6.579575,6.749558,4.078313,-20.501898,-16.190683,-5.975583,-8.344222,-15.701385,23.321709,14.672391,13.410451,16.358505,30.073908,28.761335,26.224028,23.91316,21.141535,8.979957,-3.677852,-16.845448,-10.716617,-19.037733,6.357637,1.197842,24.657419,9.025241,31.981928,21.836931,30.438492,19.008152,28.866968,-1.33911,-21.081486,-8.778645,-25.756165,-23.994043,-24.718996,-28.204439,-18.091301,-20.192007,-13.923345,-16.784235,-24.003973,-7.511005,4.859581,21.295067,11.489187,-1.942739,7.852425,2.178745,16.661539,18.903246,27.863249,5.688018
-60.006824,-58.425816,-61.889942,-62.788815,-59.477245,-58.871178,-61.722626,-56.399612,-54.021793,-56.050896,-58.016159,-60.133675,-55.53194,-58.753075,-55.275059,-50.659554,-51.217987,-49.586628,-49.573017,-50.229881,-52.22403,-52.705597,-49.050331,-49.81913,-41.344322,-42.554295,-44.734344,-51.913773,-52.316692,-46.187546,-50.436226,-52.636063,-51.109913,-45.485104,-43.666283,-47.285046,-42.317204,-37.830914,-43.107571,-37.36264,-32.335354,-41.217056,-30.116524,-42.04607,-38.049507,-30.183456,-38.92276,-43.654873,-44.40995,-48.242767,-51.439854,-49.227318,-57.415344,-56.496349,-55.914093,-50.258488,-48.555962,-38.121231,-49.672119,-49.306362,-51.526745
-6.234248,4.521279,2.128032,2.162426,-2.803779,-1.13925,-2.179726,8.217435,10.967915,-8.761134,15.155468,16.524216,13.674035,7.764847,1.178129,-1.270468,-5.164616,10.055285,7.970726,6.840518,-25.482773,-8.542117,6.366204,29.084858,25.862631,-1.923973,-35.164162,-0.100713,9.562632,3.037284,18.552485,17.628506,18.388828,9.817848,-2.375432,3.6396,7.002801,-39.281013,-17.628647,-3.579811,15.006177,2.344664,-25.011148,-15.755567,-9.207582,-4.148123,-5.928686,-4.944993,-2.231544,-3.87707,14.528563,17.74037,1.664596,-5.852055,8.569271,5.986224,-22.13146,10.605113,13.348118,6.208101,21.694815
63.73373,-40.304874,-53.134125,-62.63681,-42.034626,-45.363102,-41.58902,-33.724407,-32.378616,-12.837865,0.612782,-17.314421,-28.986746,-16.049915,-15.207028,-18.320948,-16.254953,-13.672404,-43.668068,-43.481083,-52.169033,-58.016052,-50.831135,-47.032299,-40.736919,-17.626591,-7.134872,17.903179,13.256128,5.844359,-9.324117,1.081307,-1.300714,-16.515722,-29.669222,-27.239096,-39.956291,-43.057301,-35.981236,-42.932007,-46.005028,-47.321136,-43.873901,-42.786312,-46.538013,-42.055859,-59.04657,-45.420044,-43.54612,-41.691399,-47.945683,-53.58733,-44.603569,-43.41898,-33.449078,-41.161224,-47.549965,-39.887051,-31.384201,-44.860252,-37.087582
-23.008846,-16.876162,-45.148403,-30.052313,-37.837883,-36.155167,-45.815781,-40.60038,-35.732395,-32.552177,-45.095997,-38.0476,-30.321877,-9.054651,-2.735049,-13.036802,-39.113644,-41.617508,-38.286747,-32.711491,-5.870118,18.704165,-14.290604,-43.177204,-41.047878,-14.620244,33.770336,32.282017,22.163,-8.665986,-18.308981,-15.21718,-32.923447,-22.603504,-74.611984,-34.139736,-49.71059,-36.867165,-27.776184,-20.647127,-12.441133,34.251972,42.273216,20.343197,-18.932728,-23.033308,-36.760387,-28.907785,4.153253,34.982712,42.203476,-17.101936,-16.995413,-25.056604,-17.451702,-16.747669,-33.79237,-32.809391,-21.499083,-1.194136,-8.880915
-49.186974,-13.663317,36.231697,1.595113,-5.162149,-50.76685,-0.536492,9.521073,37.605324,5.795957,-51.059113,14.963677,6.091723,-4.610848,-45.742935,28.034285,-0.832978,-41.187534,-8.054704,3.307084,0.378679,-41.74622,-42.750523,9.98061,-1.672198,-7.056794,-35.431602,-27.400623,25.224262,41.146595,13.982832,-11.267076,-53.040478,-11.532081,42.703781,2.359772,-41.512329,-14.78705,33.867996,-2.472975,-6.037479,-41.188931,-39.057083,-4.684728,4.562302,-6.655184,-29.514822,-40.801426,-16.934782,29.042326,-10.345495,-42.295464,-17.047985,4.612344,-12.929295,-43.57988,-8.700423,6.086918,22.918125,-41.551994,-5.819034
-5.895298,-4.134931,-8.103056,-37.950291,-33.946136,-8.790107,-34.998337,-17.686411,-25.164272,-27.943325,-16.54434,-31.933372,-23.907166,-17.971338,16.54586,-15.251982,-28.939819,-16.993553,-8.256179,12.620209,-18.18783,-6.436688,-10.699337,-37.083118,-42.056961,-31.825567,6.847238,-26.345331,-9.180599,19.355745,-17.525423,-30.096027,-29.879559,3.187557,-15.814607,-4.53291,22.836771,-7.056952,-25.919561,-26.74881,-17.192869,2.985383,8.843195,5.969871,-3.719015,15.171083,-4.381041,-27.243971,-38.177261,8.687698,5.28392,1.434666,-15.731482,-4.73983,15.770533,-10.456918,-38.781132,-36.558899,-28.098612,-6.787306,-31.206608
-20.759165,-52.0769,-23.032591,-23.074617,-17.773048,-31.354691,-27.318987,-4.700453,-29.094522,29.486631,-24.680429,-13.043672,-1.504792,-35.41972,-15.349901,21.800041,-19.732815,-33.000198,-34.107258,26.908442,40.091774,14.783861,-34.059631,11.301398,-21.428041,-32.213387,9.057062,-43.663578,-10.749195,-0.614216,-33.454613,-3.851202,-3.691851,-48.920204,-13.43115,14.927467,1.976204,0.392807,-0.981648,-45.967567,-0.410219,-9.4412,6.195647,-45.397728,-35.956493,-3.486203,-0.627474,4.507517,-51.004921,4.182166,-32.618961,21.01899,-5.207818,-10.95307,7.697695,-50.618092,42.024746,-66.430725,20.359423,-46.669342,-8.590595
28.689598,23.763313,24.693674,20.943953,30.489008,13.794775,10.276207,35.82246,16.985146,10.740929,27.746174,13.414414,16.086763,27.799314,14.98398,28.818897,14.957399,47.627247,16.915506,22.439995,24.079372,13.748903,31.909039,17.299395,14.920115,16.945614,36.490971,32.166443,-0.768255,-19.650534,9.324195,-12.507709,40.173817,-0.904858,30.293707,37.153759,42.205894,30.596724,-12.764757,-3.504161,9.638699,33.735008,23.41506,-41.820019,-49.192001,34.730701,11.818509,16.256756,-53.91338,-39.607895,-6.315719,-16.028507,-58.972775,-50.813786,-18.687853,11.572074,43.457825,37.823528,10.145045,39.652222,22.85648
20.901529,24.15872,6.925353,0.542726,-4.350629,3.360442,-4.201466,3.064144,-6.974507,-25.587076,-49.106804,-3.413746,15.152812,-8.469233,19.455025,-10.652668,5.269275,-16.402334,4.334055,5.310728,11.060137,0.132515,-0.003878,-13.462988,22.780415,-15.447266,-4.140605,-73.134392,-0.953754,-0.227616,-19.618399,16.125265,-15.622988,-57.701389,6.137013,16.008202,6.069146,-22.480177,-6.478079,-2.857368,-1.715508,16.88888,-0.059666,-53.046638,4.835021,-0.68924,9.227572,-13.826235,-45.418056,7.928819,20.610437,2.048981,-5.464197,10.278677,25.39645,-0.449543,-3.921616,-7.367633,23.213648,-0.516698,11.223895
-21.674932,-23.675247,-16.600365,-15.015531,0.31827,-22.842009,-26.279984,-6.01856,-7.091321,-7.082225,-6.407403,-5.728584,-43.669079,-37.629898,-36.27914,-58.552166,-5.319544,-8.629234,-8.389483,-40.748005,-39.979919,-43.915306,-36.561481,-33.388222,-33.219826,-17.119734,-19.271151,-12.060439,-16.929266,-15.729609,-21.88439,-35.610752,-25.877975,-1.958597,-48.747158,-38.488934,-3.48101,-39.412785,-63.696903,-1.287641,-27.070982,-30.176777,-38.218624,-40.404972,-32.788048,-28.225906,-20.853817,-30.736063,-20.539061,-24.561436,-36.865448,-31.219292,-18.338209,-16.753508,1.19442,-12.169685,-7.19133,-10.147458,-11.174063,-20.623783,-20.074795
40.50378,-37.764969,-50.302349,-64.71965,-43.518337,-49.735615,-55.270344,-45.183956,-42.706566,-18.730268,-30.426014,-34.369251,-33.323902,-27.076939,-49.475716,-33.844471,-31.739231,-46.255199,-39.379463,-25.516869,-44.449268,-26.312557,-22.082693,-43.642719,-23.896101,-33.352089,-34.628563,-24.96139,-21.817642,-16.736271,-26.163393,-25.117453,-34.765064,-20.74205,-26.669615,-24.664043,-19.578016,-30.219677,-17.008266,-23.070282,-13.968469,-38.665703,-25.777731,-48.653069,-16.94038,-31.482487,-32.921787,-35.892845,-18.727379,-17.661512,-28.668121,-50.780041,-20.997252,-25.985254,-39.187267,-18.33617,-7.660616,-29.153139,-17.223444,-27.259869,-37.062622
20.88043,-30.996403,-1.27705,-52.675087,-56.703281,-3.977459,3.581341,-52.419136,-38.25214,31.200581,-43.251762,-61.411133,-27.724709,3.185654,-53.808296,-75.144142,-14.794446,10.88235,-8.762417,-63.600685,-61.90398,-8.536516,-10.493594,-56.306057,-74.072739,-5.109285,-11.296262,-42.413414,-75.37146,-11.820723,-12.03215,-74.266884,-27.477358,10.0734,-26.697077,-64.909508,-45.995449,25.905626,-20.976194,-70.456161,-32.457565,12.645736,-41.997799,-50.160744,18.230915,-26.553581,-61.985573,20.307901,-18.641886,-35.526711,4.981236,-49.444622,6.467734,-21.978802,-54.924168,5.934654,-36.79837,-30.726282,-11.251314,-56.978977,-1.846981
-26.694101,-29.777996,-28.965828,-17.527313,-40.90451,-26.144039,-19.108156,-27.730381,-6.220545,-37.501541,-88.119202,-45.067413,-74.981697,-33.943718,-26.716314,-76.112976,44.761742,6.220035,-40.774876,-40.555843,-55.980408,-4.314717,-74.335548,-49.78569,-59.372253,-64.791237,-4.756052,-68.061745,-7.951323,-61.764214,-57.743275,-5.759975,-56.516968,-9.771104,-55.816353,-26.958803,-40.503403,-1.581386,-53.90646,33.981445,-3.358302,-58.055843,-75.756432,-12.763886,-5.602983,-56.344917,-8.131058,-43.463734,-54.433784,-18.049847,-63.034935,-59.272793,-29.351273,-60.93935,-30.615217,-71.825409,-11.768402,-3.453014,39.562901,-27.300091,-59.925602
-6.459126,-8.773051,-22.42963,2.737787,-30.468016,-32.130928,-35.30616,41.814987,-22.752819,-48.168034,-52.898327,-42.594059,-65.934456,-2.512969,31.225374,-27.882116,-42.334259,13.437225,-45.88353,-15.730846,10.520683,-69.295944,-50.857986,-56.408493,-62.984406,-23.809702,-4.665673,-46.912952,-9.595634,-34.198132,-6.411678,-28.115452,-35.200466,-46.431862,26.010643,-7.014373,-54.476765,33.909866,-15.874245,-4.888803,41.825714,-6.601834,-31.986767,-33.904346,-60.395123,-8.377936,-67.407722,-70.945824,-36.618164,-13.593484,20.220663,-61.14835,-45.151447,-14.963271,-62.550716,-2.748863,-45.427952,-51.214752,-23.672707,-52.112545,20.097067
-4.347536,-1.51009,7.010206,-10.396415,-3.693307,40.747349,-0.548876,-0.645102,-30.236897,17.246889,-65.496536,-4.822904,10.411654,-8.752314,-57.286396,-18.871311,-78.172295,-32.872551,-2.683063,-69.536179,3.025634,36.49572,-54.228859,-53.761066,-2.831266,-33.884796,1.114345,9.112845,4.539573,-72.135582,-0.097426,-57.684002,9.848968,-24.279612,-63.198948,-19.348738,-21.691032,-27.190037,5.057722,0.699651,1.654149,-10.309924,-49.206169,6.537359,-38.782635,-74.134933,-65.250587,-55.805065,-48.828758,-70.036026,-60.49371,-4.765587,42.648209,-0.44003,16.917252,-41.349144,-2.263474,-73.002129,-54.412899,5.442073,3.612528
0.893914,30.225039,-23.895042,-78.899719,-4.751397,-12.05155,-54.211449,-14.12409,13.909618,-1.102823,6.276239,-2.090568,-82.145859,-22.771746,-83.680756,-58.577873,-1.707729,11.805424,-37.26749,1.023326,15.90671,-13.46494,5.720323,14.467548,-80.621887,-70.709541,15.359393,-47.914261,-2.967206,-13.998865,-61.32872,-0.579754,6.675307,3.461671,-23.512468,3.610029,-57.311558,-52.443928,-49.840782,1.288402,-36.807682,28.987398,-28.936462,0.008029,2.110465,-58.695053,-42.687843,-43.978104,26.130981,-36.077099,4.28438,-27.038433,-8.463346,-25.476957,1.861544,-30.678482,-12.855889,7.223433,-47.38501,7.156723,-38.959766
17.864084,-34.003223,-69.926491,31.550047,-52.130005,-41.686291,4.424467,-5.09517,-23.762058,15.54172,-6.084062,-78.786201,7.906086,-36.975891,-60.267487,-1.6386,-12.270673,-3.994773,23.230631,-31.346252,-65.15699,-66.32151,3.651114,23.441458,-22.811678,0.524344,16.186779,-43.953533,-3.266185,15.954765,8.887154,-24.584206,-1.706594,-25.837051,-52.234264,-44.806458,-43.906929,-29.786074,42.026894,-7.597511,-46.197952,-60.874306,-67.291145,-5.08092,-0.935111,1.766879,3.288591,3.501819,20.7325,-3.042329,-6.062464,-22.124504,0.72644,-22.351561,-21.155939,3.988889,-48.906208,-12.503452,2.830826,8.1359,4.446725
-6.342744,-7.646212,27.630245,-13.728291,-8.262868,-52.264427,-64.000931,-63.141987,-4.655947,-26.824427,-49.997467,0.660352,-28.111267,-2.843363,-47.539898,-39.999439,35.894756,7.830765,-73.482613,-1.959392,-6.951804,14.382125,5.223544,3.191184,-61.344585,11.934454,-1.765379,-12.871522,-0.857935,5.57346,10.64397,-20.654701,-60.765934,11.53445,-5.384226,1.078728,-30.388639,-30.179974,4.136818,-28.321817,3.823921,-7.157421,-1.115701,14.169977,-22.248343,-3.829446,21.558935,3.322651,-30.161129,-8.44691,23.581493,-14.234218,31.537132,-10.412604,-17.650394,-7.014277,-18.732744,36.68581,1.117037,8.914688,15.03791
-9.915277,0.743328,-30.971289,5.8314,9.192586,-47.575874,-6.398682,45.983768,36.246632,37.906502,-44.337723,-59.047901,-46.646397,38.835358,5.800538,-43.292458,-42.46833,-57.43494,35.630245,32.911034,-42.186272,-61.848709,14.333436,6.135455,-4.2571,-11.770639,-56.533318,-65.685127,-5.713911,1.933761,-7.413227,60.160183,-22.802742,-1.356991,-69.723381,-66.527122,20.01808,14.269011,-38.108009,-7.981554,-19.77667,-10.780461,-8.935995,-65.0494,-60.129639,26.59889,27.92741,-50.974495,33.069176,25.763102,-1.579063,2.554513,-65.836372,-52.033726,-12.090818,34.506794,-49.572956,-68.688553,19.617844,26.307667,-12.573048
-24.700306,-6.775463,-1.520931,-59.692406,-23.53264,-60.822178,-39.270443,-5.414642,-14.428524,3.521406,-31.402269,-14.769374,-4.709866,-27.079739,7.418262,-2.762898,-27.905695,13.200302,-44.957069,-59.228531,7.688102,-24.061464,-21.201799,35.290981,39.509296,12.388809,-22.134735,-14.076188,-14.329459,-9.706252,-12.998226,33.396088,-24.237791,-47.551998,15.359812,-4.420465,-71.384666,-84.351349,24.862957,6.636166,32.402988,11.828035,-52.804012,34.518486,31.483934,-23.306761,-21.500559,14.845586,24.608763,10.52027,-22.846819,21.024239,-22.399635,-62.556698,-19.801832,-40.703293,-6.827571,-4.333127,-13.799555,28.772144,29.669588
-1.296434,1.635203,-1.337924,20.286261,37.640392,17.378113,9.724737,6.018601,17.431086,18.809347,38.233601,3.786782,3.66145,56.353054,-8.797935,13.948328,-39.907017,-34.672626,23.583748,-4.307176,-0.484953,-60.17321,-51.262264,15.900928,-42.695606,-12.677649,-35.164433,-18.118002,-38.04002,-4.05572,7.127796,-12.959476,-55.627934,-74.477112,31.596182,-64.839706,-2.564085,7.773461,0.270441,1.19662,26.809752,-58.720524,-0.810191,-0.685296,-4.100584,-12.815345,38.710827,-75.515068,-17.298098,-58.38131,22.530956,-24.778666,15.737746,-12.317449,23.425953,26.735046,1.235828,4.567057,0.6668,-9.087942,-8.485289
-5.983389,7.802905,-16.170698,-31.748819,-40.979301,-63.395016,-55.113827,-32.539974,-29.578709,-75.942688,-61.339073,-61.451977,19.61158,-17.48756,-7.663487,23.668419,-52.096931,-17.046803,-16.995937,31.268486,32.220272,-3.459002,-15.431657,-24.253021,-50.598194,-56.578823,27.322531,23.162214,-5.269125,18.098984,8.85107,1.89184,31.123171,-20.220346,-18.33597,-10.17189,-4.004126,-38.76627,21.074326,30.959745,-48.368572,-40.046764,8.500868,-7.390494,-1.54257,-62.814182,-58.835201,-6.641714,-13.259509,-39.821415,-10.802595,-10.987589,-3.23306,7.120211,48.344772,23.676897,-0.633018,-42.220875,49.180492,10.754936,-25.009054
21.426737,22.301701,1.870935,-1.194688,-56.128078,-62.172794,24.08877,-2.341876,51.382919,-5.037638,-29.956114,3.474288,-54.218277,-22.835714,18.659636,5.588924,5.57837,-23.335575,-26.603258,-6.214853,-45.939445,-41.441177,-1.71934,22.225868,34.603241,35.818214,-76.170387,28.18351,27.615299,-30.593452,-0.39876,-15.685173,0.403463,32.553913,-74.573143,-37.85873,-16.013453,-3.003236,11.166723,-49.726421,-40.88414,1.692136,-62.469585,1.18036,-16.319559,15.954683,-5.449661,10.973525,3.671392,9.362978,-41.359058,-8.137767,23.831766,-10.9308,3.888977,43.120152,-28.662161,-70.130829,-9.798943,-35.90913,19.502674
2.507915,13.448947,-6.458211,-0.696133,28.668192,-78.788193,-14.194683,21.74534,27.282085,-63.634441,-56.247921,26.559309,18.99297,-43.202751,14.06853,-2.525056,-72.810356,19.680252,22.860956,2.424993,26.870968,29.176476,18.491901,16.11721,3.293634,1.371375,-6.503274,-32.153172,-46.425716,27.565351,29.244217,-16.055723,-58.915745,2.32587,2.892564,-37.445213,-39.968075,11.304,-20.426126,-6.235454,-0.476555,-9.058984,-4.792311,21.93927,16.815781,-61.761986,21.456638,-22.935013,12.606465,-13.427597,-12.912173,-36.271519,-8.493774,-43.224869,27.826559,31.774326,10.086875,-38.089378,-11.773275,2.424223,-0.347115
20.636381,22.140209,-8.243071,-76.518425,-43.567715,-43.843861,42.24741,62.108456,27.419271,-15.757444,-58.867146,33.122395,26.523684,-35.404163,17.410145,-38.65691,-7.747676,3.772979,0.881033,-11.889668,-70.509613,-41.670971,26.320152,21.461311,-51.418468,6.211961,-15.418619,3.326475,-10.491618,-6.337715,-11.135363,14.501024,2.190683,-23.258585,3.33053,3.453975,17.478148,-15.175968,-13.459743,-5.553299,58.472294,-3.446164,-12.655949,-38.723515,-65.940361,-23.632305,-25.425585,6.335124,1.682857,-8.936015,-13.568387,-76.279434,3.187527,-68.454277,0.026242,-2.691379,5.641488,-25.035284,-30.894814,-0.742112,14.257285
14.00506,11.008028,4.173506,-10.067004,1.199737,-11.285069,1.391608,0.946445,-9.126114,-9.630855,-8.438304,14.21827,-21.178314,1.534799,-15.162146,0.277641,63.174866,-15.481512,-10.772188,-16.279539,61.631989,52.97887,4.641052,-25.001692,-20.59234,-26.556627,-6.641579,-9.880448,-11.382588,-23.277327,0.274821,-12.279454,-15.432787,-17.789644,64.575157,-25.591719,1.864493,-17.173845,-7.550023,58.848602,-31.300404,-12.040728,-15.620648,-20.342073,59.287052,-5.702207,-8.105213,-27.239872,68.680893,-19.018698,-14.465446,-22.538685,0.856299,-19.252489,-14.777591,-23.456118,50.624222,-14.518365,-28.099659,10.429235,-16.289959
48.943161,-16.936638,-27.713064,-37.710487,-36.391365,-23.491154,-0.075687,-17.972748,-2.142155,-33.333405,-45.435177,-33.728123,-34.586868,-21.450623,-16.935032,-45.618675,-46.480602,-36.954792,-38.933365,0.840309,70.634682,-1.293684,53.368107,0.485986,-26.523062,-21.738871,-48.809738,-30.55349,-28.423893,-20.82633,-45.021358,-44.220856,-29.282906,-28.093283,-22.722628,-43.870094,-47.827911,-44.731758,-30.297661,-33.232559,-52.027866,-32.797421,-29.144939,-32.932991,-55.249386,-39.979961,-28.288782,-34.644329,7.482131,3.423569,-26.20396,-45.322865,-38.975727,-25.262148,-22.341093,-21.020498,-49.391685,-33.963413,-32.144451,-47.063358,-53.278889
33.650299,34.108101,-30.975414,-31.093443,0.258475,29.464392,-31.408165,-20.606091,-3.488012,-32.194405,-30.045876,-2.084044,-26.209097,-30.175594,-2.170948,-26.491774,-26.750786,25.082071,-18.891188,-37.476345,-3.605022,-30.716116,-35.06414,24.307131,-30.865273,-31.903042,-2.453527,-16.298624,-33.025467,3.201913,-18.424061,-40.938374,2.892601,-27.602863,-35.659672,-3.729745,-27.249729,-32.082569,-5.514255,-12.325887,-34.910755,6.548244,19.030397,-38.453671,-24.245625,-3.243845,-22.279478,-34.037048,4.217329,8.760338,-30.647158,-0.389552,23.712597,-43.150852,-12.223186,22.648001,-35.784485,-30.979454,29.168139,-2.998225,-37.093441
-1.005666,-39.631161,-30.353378,-57.093327,-66.52121,-49.527542,-32.931232,-31.682529,-28.37108,-32.147495,-21.866991,-29.981041,-40.943974,-56.901665,-43.587101,-40.827942,-33.630917,-39.628986,-34.581135,-50.816109,41.691101,-30.880043,-41.733471,-50.106548,-51.22348,-58.11961,-45.319927,-40.046902,-32.111092,-36.212704,-49.607002,-52.007843,62.673973,-46.460464,-41.092525,-36.502098,-34.945915,-42.869377,-35.476734,-41.524857,-50.63554,-59.923096,50.233345,-49.37534,-44.195065,-40.452805,-38.117584,-29.128702,-31.734196,-37.947701,-58.531551,-52.908272,-55.275192,-33.322186,-45.695129,-37.68774,-42.030209,-54.228558,-62.529049,-59.63031,-43.053223
-2.73164,-6.089609,-28.921764,-16.094784,-10.499677,-10.792171,-11.989492,-10.569143,-14.050597,-17.662598,-4.447001,-13.104961,-1.565436,5.372874,-5.668528,-5.105075,2.726778,-0.253167,-11.045159,-9.035977,7.879382,-9.808132,-12.882849,-0.279124,-43.462669,-10.977068,-11.481852,-1.59242,8.160841,-5.582464,-2.065818,-44.654045,-6.478023,-9.296776,-8.143072,-6.289019,-43.327881,-7.448447,-18.797319,-11.556604,-5.271142,-0.820375,-14.586894,-8.012216,-7.422265,-44.088657,-12.462541,-9.010655,-43.652832,-2.814431,-14.175901,-10.875652,-7.514521,-45.789738,-13.895627,-20.429726,-14.799929,-5.985595,-47.089069,-14.347728,-16.590425
50.498085,-37.193855,-2.90905,-2.217107,-1.486092,-4.398059,1.924615,-17.759876,-2.567783,-0.456736,7.746253,2.22086,-12.446238,-37.080544,1.581772,29.833771,-10.832036,2.380989,-1.067489,-0.791532,6.677432,1.54308,-39.582939,-1.175108,17.322832,0.905731,-9.213546,-1.098473,35.849148,0.868847,1.684298,-22.394381,32.728363,15.747763,-24.265436,-19.678532,10.727728,22.643681,-0.860206,-36.19437,5.471696,9.905263,-0.659795,-33.311783,23.843075,5.419163,-42.151596,-41.963066,-0.917392,14.143218,-28.145935,-51.725502,-35.560371,12.564603,15.810983,-26.620642,-43.931217,-48.242252,-23.345366,4.93121,19.509239
-2.341834,-39.000004,2.600114,-0.956892,-57.090702,1.018808,-33.880699,-19.844643,22.250954,-37.079231,12.357211,26.586681,-38.117813,-11.755068,-3.243129,-21.842007,-3.048019,-28.411348,-45.30394,2.820582,-37.190598,-41.850933,10.736238,-23.506418,2.12238,0.373749,-42.400372,-33.07029,-1.952959,-48.620754,-9.894873,-23.698481,-22.352114,-17.630409,-44.894821,-36.588028,-3.94918,-47.359989,-6.404451,25.825184,-47.80191,-11.476159,27.044037,-45.310696,-8.469642,-4.079476,-32.473705,-4.906794,-17.494482,25.460104,11.797944,-48.125717,-38.933163,-23.25668,-47.168972,-2.095285,-27.3771,-0.851194,-9.298426,-47.009007,-13.035536
24.068434,-15.71983,-1.193261,-63.736629,-6.308311,-16.904285,-22.299726,-0.345855,-24.825325,-8.637882,-11.634283,-17.829569,11.320642,-15.793653,-15.977464,-0.316279,-55.317863,-1.142155,-14.706147,-22.429644,-5.740757,-16.46324,-23.276686,-9.020905,-51.118069,-11.1703,-14.572301,-20.271832,7.501583,-11.706434,-16.839703,2.303258,-11.992856,-16.421478,-1.517694,-5.116055,-57.740673,-20.024702,4.516451,-16.730146,-25.253437,-3.12815,0.202269,-11.801527,-27.556326,-23.876116,-5.650455,-13.639079,-27.977093,-24.522943,7.262483,-6.961807,-14.896839,-27.337439,-7.354109,-11.980552,-13.158619,-20.163239,-6.506096,-17.219292,-30.197834
-22.088158,7.633795,15.165037,-11.847263,-20.878126,-0.742944,-16.345068,-25.172291,-5.466712,-1.98057,-11.39703,-21.22398,-5.876087,-2.681156,-22.454973,-18.802435,-9.62418,2.000609,-14.156468,-26.674608,-11.580639,-1.724478,-8.56269,-24.24782,-6.057586,-4.955128,-2.389823,-20.984234,-18.417753,-5.026698,-8.207093,-23.033968,-23.411835,-5.058257,2.183525,-17.547543,-23.189529,-6.124132,2.206863,-6.278591,-26.892294,-11.707905,21.362051,-1.086166,-23.839104,-5.720638,5.921023,-22.144186,-25.559227,5.555996,-0.60867,-29.033525,8.597835,2.826344,-27.066914,-9.332761,9.587954,-15.085006,-12.03564,2.052666,-7.131869
12.217748,-7.959984,-24.545927,16.97805,-7.102508,-8.716502,17.401468,14.722987,-12.921519,-0.860163,-29.313194,-4.986887,-10.144265,1.262784,41.882107,-4.359741,-17.477835,6.918216,16.620792,0.908312,-9.01585,0.382901,-27.812851,2.515288,-9.180597,1.79538,-28.085917,-5.487928,-1.208961,18.405657,8.384487,-7.094711,-1.018191,39.498859,-6.046551,-3.198751,19.173454,4.233255,-11.369494,-3.570706,6.770838,10.554932,-8.591496,-5.495072,7.724043,11.853947,-10.104382,1.162325,-27.515337,6.02178,-10.87751,-2.138461,13.002371,-0.637582,-4.715338,-9.492294,3.088826,19.009281,6.675902,-12.353505,-10.233192
-8.982069,-1.669828,-9.528419,-18.309906,-9.050349,-8.324127,-23.152723,-10.89475,-6.247638,-21.085621,-22.761169,-8.693561,0.123263,-25.507912,-6.504818,8.962141,-17.689022,-13.383224,-11.896175,-5.997992,-22.140848,-8.202864,-8.541246,-16.932148,-15.348631,-7.736526,-13.777665,-23.374029,-8.36794,-6.852908,-10.61676,-15.849745,-10.58437,-6.074532,-16.950293,-9.123273,-12.086,-38.688107,-11.383739,-3.008762,-31.010805,-10.895945,12.379105,-35.93998,-12.927879,-10.157063,-29.918623,-15.310223,-8.838705,-15.269371,-11.150237,-18.875534,-15.437956,-14.546721,-9.072346,-19.475561,-11.436529,2.665293,-20.060089,-9.692393,0.252359
-47.648338,34.71632,-32.823055,11.203802,-17.955538,-3.496747,-33.385586,-7.149714,-5.557564,24.481665,26.324553,-8.018035,-12.30769,0.172242,25.207066,38.917503,54.952217,40.469147,35.952297,3.93504,-8.456634,-3.157148,0.426109,28.171242,40.625679,38.031475,-4.142144,-33.771969,-6.466459,13.580184,37.134228,41.187805,20.935062,-4.427124,7.672484,12.085756,23.544952,35.277866,39.757233,31.463978,1.97806,-18.009136,-12.739178,32.484226,34.132515,20.503704,-0.817806,-28.407742,16.35232,39.608616,31.294868,-14.438275,-9.67503,8.205493,32.018406,37.72617,-8.110458,-12.381847,14.877843,36.766827,25.013943
-4.166144,0.812805,10.824089,-29.280216,-36.076458,1.570797,-6.805264,0.961708,7.014101,24.874811,43.50985,36.917652,-5.214391,-9.652288,-22.69388,-27.434517,-22.441147,-36.324959,-25.862879,-35.998699,8.054463,29.317038,29.1022,13.736841,36.15451,33.786514,30.179447,9.623931,3.478142,-9.407345,-8.539761,-2.512424,18.194494,-2.69256,-1.418191,-0.529713,10.879942,6.55224,-27.814724,-36.081089,-19.703957,4.108771,-1.02272,14.296939,-0.742832,20.154385,-1.839194,13.355184,-1.671483,-0.877504,-0.69615,-1.609563,-0.968901,-22.219431,-34.628639,-32.073215,-32.805847,-2.926968,-26.761509,-27.33304,-1.432781
14.35078,-11.79612,-35.49651,-6.343001,-39.107056,-2.877161,-38.951775,-2.522977,-15.686225,4.544487,-23.007608,-9.320049,-27.805134,-10.190001,-9.523381,-16.586021,-23.519997,-20.593445,-20.384127,-18.207264,-17.493256,-5.259784,-8.569736,-8.315229,-14.987269,-27.127375,-11.428403,-16.449278,-7.458319,-37.072899,-12.466301,-15.99421,-17.224939,-23.708048,-9.233299,-31.461798,-10.981039,-34.546364,-9.387995,-42.637867,-12.779511,-41.132397,-17.655912,-4.608768,-20.066399,-18.035295,-33.548313,-12.164787,-38.999443,-6.156991,-41.713409,-8.902875,-45.173668,-12.586627,-42.59026,-6.939221,-39.195141,-16.238102,-42.08313,-12.824751,-39.200073
-6.670852,4.029767,5.090812,5.392872,2.977365,3.115533,3.1456,-80.001839,-55.983727,4.540792,3.695465,-74.832458,5.295695,3.563161,3.202032,-55.407589,-55.936558,2.910917,-53.090004,-70.707588,-79.796326,1.420185,2.461288,-66.567322,-76.431648,5.185933,-51.123287,-67.285118,-60.73077,7.058145,5.544673,5.495686,-77.96965,7.906422,6.870238,3.442828,4.643332,5.896781,3.700694,4.547302,3.061231,-61.771965,5.232921,3.263924,-54.144218,-56.196453,5.504984,5.71174,-57.150444,-44.91156,7.314594,5.900146,5.93679,2.909095,-61.894199,-48.009823,-62.408314,-15.754154,-68.653877,-57.887119,-49.996929
-5.907633,-5.022768,-5.525921,-64.658081,-72.081856,-77.759628,-71.749146,-75.917091,-71.388016,-14.235451,-27.462704,-45.045826,3.500206,-66.922951,-71.02401,-65.366196,-74.977196,-73.833481,-77.792259,-11.769371,-32.962482,-54.282219,-67.644386,-70.586624,-73.068497,-71.874474,-67.171692,-61.716259,-11.459891,-8.020396,-0.510006,-56.433918,-67.624352,-72.360107,-77.716789,-71.024368,-74.464539,-66.204582,-30.544392,-10.778738,-3.400588,-9.712671,-63.628334,-63.776531,-66.395737,-72.128349,-73.589394,-67.886154,-65.267838,-63.577785,12.294051,4.440793,-69.162041,-75.082115,-76.54879,-72.754044,-65.148575,-1.651587,2.925656,-63.507927,-84.712494
18.92201,-21.856134,-34.975773,-29.384735,6.91473,-27.235458,-38.063164,-33.689877,-41.522209,-30.410311,-12.707574,-28.440235,58.6343,4.683003,-31.6789,-45.537586,-7.33325,7.61243,-24.172024,-12.721825,-37.890598,-22.498173,-13.191777,-29.059809,-11.886379,-32.837597,-39.188931,-27.863491,18.090025,-23.819178,-8.678136,-29.721569,-36.652176,-39.069962,-40.099396,-29.573141,2.275624,13.888421,16.626997,-14.026242,-32.750473,-39.358425,-44.802826,-31.798773,-20.997194,2.197951,4.711611,-0.744892,-10.279537,-15.121766,-30.775213,-40.819118,-44.558575,-35.714695,-26.977673,12.31846,8.873302,19.49872,19.325758,6.927046,-14.297325
-6.674073,-13.958561,-8.130107,-18.210245,-7.666285,-11.618087,-14.476397,-1.983735,-9.042439,-10.684118,-7.2019,-7.226169,-5.710187,-5.376525,-5.996075,-6.132042,-5.553326,-4.261993,-6.348921,-5.078954,17.469828,-4.363,-4.112767,-5.472882,50.366821,63.523487,55.451305,47.165104,-7.601667,-27.020163,-36.483967,37.212517,-10.277438,-2.213862,-2.114162,-4.676238,-3.056926,-7.969238,-7.226058,-7.209125,30.043512,10.783761,-5.0626,16.226006,8.880225,-26.849552,-5.887653,-30.169519,5.130493,-6.725034,-5.858819,-4.189176,-4.3148,-4.570348,-7.139084,-5.969023,21.889215,-6.135834,-31.105808,-28.690306,-14.78724
-5.537138,2.632849,-33.782295,-29.110868,-3.937249,-5.21876,-5.792089,-20.911909,-15.628473,-22.360386,-22.603977,-8.503489,-30.291275,-7.610163,-20.186289,-4.098279,1.53186,7.398207,-9.863352,-10.608848,-1.402687,-6.310965,-15.861743,-15.838828,-8.697171,-1.188597,-12.837715,-0.500802,-0.127467,10.305234,-5.164204,-0.630709,0.559372,-4.214765,-8.957625,6.626415,2.346824,-5.869888,6.696347,14.047022,-1.892709,4.123124,-0.648292,-1.200528,-2.870911,-3.254709,-24.224028,-12.517632,-10.746367,-3.280754,-0.744304,-6.626411,-0.50965,1.742248,3.319375,-9.062577,-2.155949,-2.131077,-6.825293,-6.792332,-15.391739
25.472046,-7.804443,7.995036,-5.488958,-7.051798,-4.924813,-43.060455,-66.310181,-65.344955,-57.885082,-63.837967,-61.312225,-57.611958,-50.509613,-25.74748,-17.22084,-31.170324,-26.872448,-17.613228,-4.213093,1.919455,3.731953,15.066433,29.434195,19.819361,24.616072,9.666189,3.700383,10.610116,16.157295,11.110833,-9.188953,14.296376,5.704947,-26.709373,-43.121033,-45.31863,-45.756977,-45.912285,-42.68586,-53.783676,-57.377071,-58.591248,-50.15823,-59.822426,-54.636063,-55.19244,-48.186024,-49.057873,-48.690586,-52.168659,-52.51236,-50.759895,-54.577698,-57.136631,-55.763866,-55.723484,-50.776035,-53.497845,-52.821846,-47.731903
-6.738827,-6.477283,-26.333868,-44.955166,-64.630196,-35.465332,-1.125604,-5.633385,-9.129567,-25.252661,-39.327106,-35.22575,3.023836,-6.743575,6.287792,-30.612928,-45.268673,-30.67326,-15.913317,-7.132162,-5.835221,0.844835,-41.621605,-40.571079,1.0453,-3.844922,-7.263187,-12.239024,-25.129961,-48.329926,-31.961628,-2.888962,-5.455667,-7.042516,3.481832,-37.346813,-33.472355,-49.854809,-20.175844,-21.027824,1.442817,-2.555752,-10.865133,-28.859779,-49.309353,-47.991886,-0.116388,-5.568076,24.554333,-38.198235,-37.16695,0.543687,-5.919176,-9.023576,-10.943747,-28.283527,-44.709621,-17.383526,-16.368246,-2.780579,-10.121469
